id,drug_name,reaction_term,recall_probability,predicted_class,predicted_date,actual_fda_warning_date,days_predicted_early,model_version
1,ETOPOSIDE,HEPATITIS B REACTIVATION,0.9974,1,2026-05-24,,,xgb-v1
2,PEMBROLIZUMAB,IMMUNE-MEDIATED ADVERSE REACTION,0.9971,1,2026-05-24,,,xgb-v1
3,ETOPOSIDE,MYELOSUPPRESSION,0.997,1,2026-05-24,,,xgb-v1
4,LETROZOLE,SECOND PRIMARY MALIGNANCY,0.9969,1,2026-05-24,,,xgb-v1
5,METFORMIN,GLYCOSYLATED HAEMOGLOBIN ABNORMAL,0.9968,1,2026-05-24,,,xgb-v1
6,BEVACIZUMAB,LEUKOPENIA,0.9967,1,2026-05-24,,,xgb-v1
7,OSIMERTINIB,ACQUIRED GENE MUTATION,0.9966,1,2026-05-24,,,xgb-v1
8,IMBRUVICA,RICHTER^S SYNDROME,0.9965,1,2026-05-24,,,xgb-v1
9,PREDNISOLONE,DIFFUSE LARGE B-CELL LYMPHOMA,0.9964,1,2026-05-24,,,xgb-v1
10,DEXAMETHASONE,PLASMACYTOMA,0.9963,1,2026-05-24,,,xgb-v1
11,IRINOTECAN,PROTEINURIA,0.9963,1,2026-05-24,,,xgb-v1
12,DIAZEPAM,ALCOHOL POISONING,0.9962,1,2026-05-24,,,xgb-v1
13,AZITHROMYCIN ANHYDROUS,ELECTROCARDIOGRAM QT PROLONGED,0.9962,1,2026-05-24,,,xgb-v1
14,BEVACIZUMAB,COLORECTAL CANCER METASTATIC,0.9961,1,2026-05-24,,,xgb-v1
15,ETOPOSIDE,PULMONARY TOXICITY,0.9961,1,2026-05-24,,,xgb-v1
16,AMIODARONE,VENTRICULAR TACHYCARDIA,0.9959,1,2026-05-24,,,xgb-v1
17,RIVAROXABAN,CEREBRAL INFARCTION,0.9959,1,2026-05-24,,,xgb-v1
18,TACROLIMUS,STENOTROPHOMONAS INFECTION,0.9959,1,2026-05-24,,,xgb-v1
19,VENLAFAXINE,LOSS OF LIBIDO,0.9959,1,2026-05-24,,,xgb-v1
20,FLUDARABINE,HAEMOPHAGOCYTIC LYMPHOHISTIOCYTOSIS,0.9959,1,2026-05-24,,,xgb-v1
21,DUODOPA,TERMINAL STATE,0.9959,1,2026-05-24,,,xgb-v1
22,LAMOTRIGINE,HAEMOPHAGOCYTIC LYMPHOHISTIOCYTOSIS,0.9958,1,2026-05-24,2018-04-25,-2951.0,xgb-v1
23,APIXABAN,AORTIC VALVE DISEASE,0.9958,1,2026-05-24,,,xgb-v1
24,KEYTRUDA,IMMUNE-MEDIATED ADVERSE REACTION,0.9957,1,2026-05-24,,,xgb-v1
25,OXALIPLATIN,MUCOSAL INFLAMMATION,0.9957,1,2026-05-24,,,xgb-v1
26,ABATACEPT,TUBERCULOSIS,0.9957,1,2026-05-24,,,xgb-v1
27,FOLINIC ACID,PROTEINURIA,0.9956,1,2026-05-24,,,xgb-v1
28,FLUDARABINE,DIFFUSE LARGE B-CELL LYMPHOMA,0.9956,1,2026-05-24,,,xgb-v1
29,NIVOLUMAB,ADRENAL INSUFFICIENCY,0.9956,1,2026-05-24,,,xgb-v1
30,IPILIMUMAB,MYOCARDITIS,0.9956,1,2026-05-24,,,xgb-v1
31,JAKAVI,SQUAMOUS CELL CARCINOMA,0.9956,1,2026-05-24,,,xgb-v1
32,FILGRASTIM,SYSTEMIC CANDIDA,0.9956,1,2026-05-24,,,xgb-v1
33,CLOPIDOGREL,VASCULAR STENT THROMBOSIS,0.9956,1,2026-05-24,,,xgb-v1
34,PREDNISONE,B-CELL LYMPHOMA RECURRENT,0.9956,1,2026-05-24,,,xgb-v1
35,ENTRESTO,EJECTION FRACTION DECREASED,0.9955,1,2026-05-24,,,xgb-v1
36,VELCADE,POLYNEUROPATHY,0.9955,1,2026-05-24,,,xgb-v1
37,KISQALI,NEUTROPHIL COUNT DECREASED,0.9955,1,2026-05-24,,,xgb-v1
38,CAPECITABINE,GASTROINTESTINAL TOXICITY,0.9955,1,2026-05-24,,,xgb-v1
39,HEPARIN,SUBARACHNOID HAEMORRHAGE,0.9955,1,2026-05-24,,,xgb-v1
40,GLICLAZIDE,HYPERGLYCAEMIA,0.9954,1,2026-05-24,,,xgb-v1
41,IPILIMUMAB,UVEITIS,0.9954,1,2026-05-24,,,xgb-v1
42,JANUVIA,PANCREATIC CARCINOMA,0.9954,1,2026-05-24,,,xgb-v1
43,AVASTIN,ENDOPHTHALMITIS,0.9953,1,2026-05-24,,,xgb-v1
44,ENTRESTO,CARDIAC DYSFUNCTION,0.9953,1,2026-05-24,,,xgb-v1
45,CANDESARTAN,ELECTROLYTE IMBALANCE,0.9953,1,2026-05-24,,,xgb-v1
46,CLOPIDOGREL,CONJUNCTIVAL HAEMORRHAGE,0.9953,1,2026-05-24,,,xgb-v1
47,VINCRISTINE,HEPATITIS B REACTIVATION,0.9952,1,2026-05-24,,,xgb-v1
48,IMBRUVICA,SURGERY,0.9952,1,2026-05-24,,,xgb-v1
49,RIVAROXABAN,HAEMORRHAGE,0.9952,1,2026-05-24,2014-01-14,-4513.0,xgb-v1
50,PROLIA,FEMUR FRACTURE,0.9951,1,2026-05-24,,,xgb-v1
51,RITUXIMAB,HEPATITIS B REACTIVATION,0.9951,1,2026-05-24,,,xgb-v1
52,OPDIVO,MYOSITIS,0.9951,1,2026-05-24,,,xgb-v1
53,RIVAROXABAN,POST PROCEDURAL HAEMATOMA,0.9951,1,2026-05-24,,,xgb-v1
54,APIXABAN,POST PROCEDURAL HAEMORRHAGE,0.9951,1,2026-05-24,,,xgb-v1
55,NIVOLUMAB,IMMUNE-MEDIATED ENTEROCOLITIS,0.995,1,2026-05-24,,,xgb-v1
56,XGEVA,METASTASES TO BONE,0.995,1,2026-05-24,,,xgb-v1
57,KISQALI,HEPATOTOXICITY,0.995,1,2026-05-24,,,xgb-v1
58,IBRUTINIB,HAEMORRHAGE,0.9949,1,2026-05-24,,,xgb-v1
59,SANDOSTATIN,GROIN PAIN,0.9949,1,2026-05-24,,,xgb-v1
60,IBRANCE,BREAST CANCER METASTATIC,0.9949,1,2026-05-24,,,xgb-v1
61,DIGOXIN,LEFT VENTRICULAR DYSFUNCTION,0.9948,1,2026-05-24,,,xgb-v1
62,TACROLIMUS,TRICHOPHYTOSIS,0.9948,1,2026-05-24,,,xgb-v1
63,ENTRESTO,INFARCTION,0.9948,1,2026-05-24,,,xgb-v1
64,WARFARIN,SUBDURAL HAEMORRHAGE,0.9948,1,2026-05-24,,,xgb-v1
65,QUETIAPINE,MUSCLE RIGIDITY,0.9948,1,2026-05-24,,,xgb-v1
66,PROLIA,HIP FRACTURE,0.9948,1,2026-05-24,,,xgb-v1
67,PEMBROLIZUMAB,COLITIS,0.9947,1,2026-05-24,,,xgb-v1
68,BEVACIZUMAB,SMALL INTESTINAL OBSTRUCTION,0.9947,1,2026-05-24,,,xgb-v1
69,AVASTIN,BLINDNESS,0.9947,1,2026-05-24,,,xgb-v1
70,IRINOTECAN,INTESTINAL PERFORATION,0.9947,1,2026-05-24,,,xgb-v1
71,GLICLAZIDE,HYPERKALAEMIA,0.9947,1,2026-05-24,,,xgb-v1
72,JAKAVI,MYELOFIBROSIS,0.9947,1,2026-05-24,,,xgb-v1
73,CARBOPLATIN,CARBOHYDRATE ANTIGEN 125 INCREASED,0.9947,1,2026-05-24,,,xgb-v1
74,FLUOROURACIL,THROMBOCYTOPENIA,0.9947,1,2026-05-24,,,xgb-v1
75,NIVOLUMAB,ADRENAL DISORDER,0.9946,1,2026-05-24,,,xgb-v1
76,PACLITAXEL,DYSAESTHESIA,0.9946,1,2026-05-24,,,xgb-v1
77,RANITIDINE,LUNG NEOPLASM MALIGNANT,0.9946,1,2026-05-24,,,xgb-v1
78,METFORMIN,BLOOD GLUCOSE INCREASED,0.9946,1,2026-05-24,,,xgb-v1
79,JAKAVI,PRIMARY MYELOFIBROSIS,0.9946,1,2026-05-24,,,xgb-v1
80,APIXABAN,RENAL HAEMORRHAGE,0.9946,1,2026-05-24,,,xgb-v1
81,ASPIRIN,LABELLED DRUG-DRUG INTERACTION MEDICATION ERROR,0.9945,1,2026-05-24,,,xgb-v1
82,VINCRISTINE SULFATE,TUMOUR LYSIS SYNDROME,0.9945,1,2026-05-24,,,xgb-v1
83,DABIGATRAN,CEREBRAL INFARCTION,0.9944,1,2026-05-24,,,xgb-v1
84,ALLOPURINOL,TUMOUR LYSIS SYNDROME,0.9944,1,2026-05-24,,,xgb-v1
85,NIVOLUMAB,ENCEPHALITIS,0.9944,1,2026-05-24,,,xgb-v1
86,OXALIPLATIN,LEUKOPENIA,0.9944,1,2026-05-24,,,xgb-v1
87,IBRUTINIB,TUMOUR LYSIS SYNDROME,0.9944,1,2026-05-24,,,xgb-v1
88,AMIODARONE,PULMONARY TOXICITY,0.9944,1,2026-05-24,,,xgb-v1
89,IFOSFAMIDE,DIFFUSE LARGE B-CELL LYMPHOMA RECURRENT,0.9944,1,2026-05-24,,,xgb-v1
90,OPDIVO,NEPHRITIS,0.9944,1,2026-05-24,,,xgb-v1
91,PACLITAXEL,PROTEINURIA,0.9944,1,2026-05-24,,,xgb-v1
92,AVASTIN,CARBOHYDRATE ANTIGEN 125 INCREASED,0.9943,1,2026-05-24,,,xgb-v1
93,FLUDARABINE,MUCORMYCOSIS,0.9943,1,2026-05-24,,,xgb-v1
94,LANSOPRAZOLE,COLITIS MICROSCOPIC,0.9943,1,2026-05-24,,,xgb-v1
95,DUODOPA,DEVICE CONNECTION ISSUE,0.9942,1,2026-05-24,,,xgb-v1
96,RITUXIMAB,MANTLE CELL LYMPHOMA,0.9942,1,2026-05-24,,,xgb-v1
97,DUODOPA,STOMA SITE INFLAMMATION,0.9942,1,2026-05-24,,,xgb-v1
98,DUODOPA,DECUBITUS ULCER,0.9942,1,2026-05-24,,,xgb-v1
99,AMIODARONE,INTERSTITIAL LUNG DISEASE,0.9942,1,2026-05-24,,,xgb-v1
100,AMIODARONE,ELECTROCARDIOGRAM QT PROLONGED,0.9942,1,2026-05-24,,,xgb-v1
101,DABIGATRAN,HAEMORRHAGE INTRACRANIAL,0.9942,1,2026-05-24,,,xgb-v1
102,RIVAROXABAN,HAEMORRHAGE INTRACRANIAL,0.9941,1,2026-05-24,,,xgb-v1
103,DUODOPA,PARKINSON^S DISEASE,0.9941,1,2026-05-24,,,xgb-v1
104,BISOPROLOL,ISCHAEMIC CARDIOMYOPATHY,0.9941,1,2026-05-24,,,xgb-v1
105,RIVAROXABAN,INTRAVENTRICULAR HAEMORRHAGE,0.9941,1,2026-05-24,,,xgb-v1
106,DUODOPA,ABNORMAL DREAMS,0.9941,1,2026-05-24,,,xgb-v1
107,RIVAROXABAN,RENAL HAEMORRHAGE,0.9941,1,2026-05-24,,,xgb-v1
108,LISINOPRIL,ANGIOEDEMA,0.9941,1,2026-05-24,,,xgb-v1
109,CLEXANE,SHOCK HAEMORRHAGIC,0.9941,1,2026-05-24,,,xgb-v1
110,KEYTRUDA,MYOCARDITIS,0.9941,1,2026-05-24,,,xgb-v1
111,DABIGATRAN,SHOCK HAEMORRHAGIC,0.9941,1,2026-05-24,,,xgb-v1
112,DABIGATRAN,ISCHAEMIC STROKE,0.9941,1,2026-05-24,,,xgb-v1
113,RIVAROXABAN,EMBOLIC STROKE,0.9941,1,2026-05-24,,,xgb-v1
114,DABIGATRAN,CEREBROVASCULAR ACCIDENT,0.994,1,2026-05-24,,,xgb-v1
115,REVLIMID,BONE LESION,0.994,1,2026-05-24,,,xgb-v1
116,IRINOTECAN,DEVICE RELATED INFECTION,0.994,1,2026-05-24,,,xgb-v1
117,IBRUTINIB,BRONCHOPULMONARY ASPERGILLOSIS,0.994,1,2026-05-24,,,xgb-v1
118,RIVAROXABAN,RECTAL HAEMORRHAGE,0.994,1,2026-05-24,,,xgb-v1
119,ETOPOSIDE,DIFFUSE LARGE B-CELL LYMPHOMA RECURRENT,0.994,1,2026-05-24,,,xgb-v1
120,AMIODARONE,BRADYCARDIA,0.994,1,2026-05-24,,,xgb-v1
121,OXALIPLATIN,ACUTE CORONARY SYNDROME,0.994,1,2026-05-24,,,xgb-v1
122,DUODOPA,GENERAL PHYSICAL HEALTH DETERIORATION,0.994,1,2026-05-24,,,xgb-v1
123,ACICLOVIR,ACUTE GRAFT VERSUS HOST DISEASE,0.994,1,2026-05-24,,,xgb-v1
124,APIXABAN,EMBOLIC STROKE,0.994,1,2026-05-24,,,xgb-v1
125,IBRUTINIB,THERAPY PARTIAL RESPONDER,0.994,1,2026-05-24,,,xgb-v1
126,CLOPIDOGREL,LABELLED DRUG-DRUG INTERACTION MEDICATION ERROR,0.994,1,2026-05-24,,,xgb-v1
127,CARBOPLATIN,HEPATITIS B REACTIVATION,0.994,1,2026-05-24,,,xgb-v1
128,AMIODARONE,HYPOTHYROIDISM,0.994,1,2026-05-24,,,xgb-v1
129,METFORMIN,LACTIC ACIDOSIS,0.9939,1,2026-05-24,,,xgb-v1
130,AMIODARONE,THYROID DISORDER,0.9939,1,2026-05-24,,,xgb-v1
131,DUODOPA,EMBEDDED DEVICE,0.9939,1,2026-05-24,,,xgb-v1
132,DUODOPA,DEVICE OCCLUSION,0.9939,1,2026-05-24,,,xgb-v1
133,RIVAROXABAN,ISCHAEMIC STROKE,0.9939,1,2026-05-24,,,xgb-v1
134,NIVOLUMAB,CHOLANGITIS,0.9939,1,2026-05-24,,,xgb-v1
135,ALLOPURINOL,DRUG REACTION WITH EOSINOPHILIA AND SYSTEMIC SYMPTOMS,0.9939,1,2026-05-24,,,xgb-v1
136,HUMIRA,OSTEOARTHRITIS,0.9939,1,2026-05-24,,,xgb-v1
137,PREDNISONE,HEPATITIS B REACTIVATION,0.9939,1,2026-05-24,,,xgb-v1
138,IPILIMUMAB,ADRENAL INSUFFICIENCY,0.9939,1,2026-05-24,,,xgb-v1
139,JARDIANCE,BALANOPOSTHITIS,0.9939,1,2026-05-24,,,xgb-v1
140,MYCOPHENOLATE MOFETIL,HUMAN POLYOMAVIRUS INFECTION,0.9939,1,2026-05-24,,,xgb-v1
141,OPDIVO,ADRENAL INSUFFICIENCY,0.9939,1,2026-05-24,,,xgb-v1
142,CLOPIDOGREL,ACUTE CORONARY SYNDROME,0.9939,1,2026-05-24,,,xgb-v1
143,DUODOPA,HYPOPHAGIA,0.9939,1,2026-05-24,,,xgb-v1
144,FORTEO,SPINAL FRACTURE,0.9939,1,2026-05-24,,,xgb-v1
145,ENTRESTO,CARDIAC FAILURE CHRONIC,0.9938,1,2026-05-24,,,xgb-v1
146,APIXABAN,INTRAVENTRICULAR HAEMORRHAGE,0.9938,1,2026-05-24,,,xgb-v1
147,WARFARIN,INTRAVENTRICULAR HAEMORRHAGE,0.9938,1,2026-05-24,,,xgb-v1
148,DUODOPA,HALLUCINATION,0.9938,1,2026-05-24,,,xgb-v1
149,IMBRUVICA,MANTLE CELL LYMPHOMA,0.9938,1,2026-05-24,,,xgb-v1
150,BEVACIZUMAB,PERIPHERAL SENSORY NEUROPATHY,0.9938,1,2026-05-24,,,xgb-v1
151,OPDIVO,PEMPHIGOID,0.9938,1,2026-05-24,,,xgb-v1
152,DABIGATRAN,CARDIAC PACEMAKER INSERTION,0.9938,1,2026-05-24,,,xgb-v1
153,IMFINZI,INTERSTITIAL LUNG DISEASE,0.9938,1,2026-05-24,,,xgb-v1
154,RIVAROXABAN,HAEMARTHROSIS,0.9938,1,2026-05-24,,,xgb-v1
155,DUODOPA,CARDIO-RESPIRATORY ARREST,0.9938,1,2026-05-24,,,xgb-v1
156,APIXABAN,SUBDURAL HAEMATOMA,0.9937,1,2026-05-24,,,xgb-v1
157,RIVAROXABAN,HAEMOPTYSIS,0.9937,1,2026-05-24,,,xgb-v1
158,DUODOPA,STOMA SITE REACTION,0.9937,1,2026-05-24,,,xgb-v1
159,TASIGNA,ELECTROCARDIOGRAM QT PROLONGED,0.9937,1,2026-05-24,,,xgb-v1
160,DUODOPA,STOMA SITE HYPERGRANULATION,0.9937,1,2026-05-24,,,xgb-v1
161,DUODOPA,HYPERKINESIA,0.9937,1,2026-05-24,,,xgb-v1
162,DUODOPA,FEMUR FRACTURE,0.9937,1,2026-05-24,,,xgb-v1
163,FLUDARABINE,ACUTE GRAFT VERSUS HOST DISEASE IN LIVER,0.9937,1,2026-05-24,,,xgb-v1
164,LETROZOLE,TUMOUR MARKER INCREASED,0.9937,1,2026-05-24,,,xgb-v1
165,KEYTRUDA,INTERSTITIAL LUNG DISEASE,0.9937,1,2026-05-24,,,xgb-v1
166,DUODOPA,STOMA SITE INFECTION,0.9937,1,2026-05-24,,,xgb-v1
167,CARBOPLATIN,PERIPHERAL SENSORY NEUROPATHY,0.9937,1,2026-05-24,,,xgb-v1
168,APIXABAN,CEREBRAL ARTERY EMBOLISM,0.9937,1,2026-05-24,,,xgb-v1
169,QUETIAPINE FUMARATE,AKATHISIA,0.9937,1,2026-05-24,,,xgb-v1
170,CAPECITABINE,MUCOSAL INFLAMMATION,0.9936,1,2026-05-24,,,xgb-v1
171,DABIGATRAN,CARDIAC TAMPONADE,0.9936,1,2026-05-24,,,xgb-v1
172,PREDNISOLONE,LYMPHOPROLIFERATIVE DISORDER,0.9936,1,2026-05-24,,,xgb-v1
173,DUODOPA,DEVICE KINK,0.9936,1,2026-05-24,,,xgb-v1
174,WARFARIN,HAEMORRHAGE INTRACRANIAL,0.9936,1,2026-05-24,,,xgb-v1
175,DABIGATRAN,HEMIPARESIS,0.9936,1,2026-05-24,,,xgb-v1
176,JAKAVI,HAEMOGLOBIN DECREASED,0.9936,1,2026-05-24,,,xgb-v1
177,AFINITOR,METASTASES TO LUNG,0.9936,1,2026-05-24,,,xgb-v1
178,OXALIPLATIN,GASTROINTESTINAL PERFORATION,0.9935,1,2026-05-24,,,xgb-v1
179,OPDIVO,PRESCRIBED UNDERDOSE,0.9935,1,2026-05-24,,,xgb-v1
180,REVLIMID,PLASMA CELL MYELOMA,0.9935,1,2026-05-24,,,xgb-v1
181,BISOPROLOL,SINUS BRADYCARDIA,0.9935,1,2026-05-24,,,xgb-v1
182,EUTHYROX,REACTION TO EXCIPIENT,0.9935,1,2026-05-24,,,xgb-v1
183,CLARITHROMYCIN,MYCOBACTERIAL INFECTION,0.9935,1,2026-05-24,,,xgb-v1
184,DABIGATRAN,RECTAL HAEMORRHAGE,0.9935,1,2026-05-24,,,xgb-v1
185,CLOPIDOGREL,ARTERIAL STENOSIS,0.9935,1,2026-05-24,,,xgb-v1
186,DUODOPA,DYSTONIA,0.9935,1,2026-05-24,,,xgb-v1
187,HEPARIN,VASCULAR STENT THROMBOSIS,0.9935,1,2026-05-24,,,xgb-v1
188,CYTARABINE,DIFFUSE LARGE B-CELL LYMPHOMA RECURRENT,0.9935,1,2026-05-24,,,xgb-v1
189,DUODOPA,STOMA SITE HAEMORRHAGE,0.9935,1,2026-05-24,,,xgb-v1
190,DABIGATRAN,SUBDURAL HAEMATOMA,0.9935,1,2026-05-24,,,xgb-v1
191,BISOPROLOL,ATRIOVENTRICULAR BLOCK COMPLETE,0.9935,1,2026-05-24,,,xgb-v1
192,ENTRESTO,CONCOMITANT DISEASE AGGRAVATED,0.9934,1,2026-05-24,,,xgb-v1
193,METFORMIN,METABOLIC ACIDOSIS,0.9934,1,2026-05-24,,,xgb-v1
194,IMBRUVICA,INCORRECT DOSE ADMINISTERED,0.9934,1,2026-05-24,,,xgb-v1
195,RIVAROXABAN,VASCULAR STENT THROMBOSIS,0.9934,1,2026-05-24,,,xgb-v1
196,ABATACEPT,LIMB DISCOMFORT,0.9934,1,2026-05-24,,,xgb-v1
197,APIXABAN,ATRIAL FIBRILLATION,0.9934,1,2026-05-24,,,xgb-v1
198,RIVAROXABAN,CARDIAC ABLATION,0.9934,1,2026-05-24,,,xgb-v1
199,DABIGATRAN,AORTIC DISSECTION,0.9933,1,2026-05-24,,,xgb-v1
200,REVLIMID,PLASMA CELL MYELOMA RECURRENT,0.9933,1,2026-05-24,,,xgb-v1
201,ENTRESTO,N-TERMINAL PROHORMONE BRAIN NATRIURETIC PEPTIDE INCREASED,0.9933,1,2026-05-24,,,xgb-v1
202,APIXABAN,TRAUMATIC INTRACRANIAL HAEMORRHAGE,0.9933,1,2026-05-24,,,xgb-v1
203,ACYCLOVIR,PLASMA CELL MYELOMA,0.9933,1,2026-05-24,,,xgb-v1
204,FLUOROURACIL,LARGE INTESTINE PERFORATION,0.9933,1,2026-05-24,,,xgb-v1
205,DABIGATRAN,ACTIVATED PARTIAL THROMBOPLASTIN TIME PROLONGED,0.9933,1,2026-05-24,,,xgb-v1
206,RITUXIMAB,HEPATITIS B,0.9933,1,2026-05-24,,,xgb-v1
207,DIGOXIN,INTERNATIONAL NORMALISED RATIO INCREASED,0.9933,1,2026-05-24,,,xgb-v1
208,CLOPIDOGREL,GASTROINTESTINAL HAEMORRHAGE,0.9932,1,2026-05-24,,,xgb-v1
209,DABIGATRAN,SUBARACHNOID HAEMORRHAGE,0.9932,1,2026-05-24,,,xgb-v1
210,RIVAROXABAN,GASTROINTESTINAL HAEMORRHAGE,0.9932,1,2026-05-24,,,xgb-v1
211,DUODOPA,AKINESIA,0.9932,1,2026-05-24,,,xgb-v1
212,RIVAROXABAN,LOWER GASTROINTESTINAL HAEMORRHAGE,0.9932,1,2026-05-24,,,xgb-v1
213,ABATACEPT,IMMUNODEFICIENCY,0.9932,1,2026-05-24,,,xgb-v1
214,AFINITOR,HEPATIC NEOPLASM,0.9932,1,2026-05-24,,,xgb-v1
215,DUODOPA,DEVICE ALARM ISSUE,0.9932,1,2026-05-24,,,xgb-v1
216,RIVAROXABAN,HAEMATOMA,0.9932,1,2026-05-24,,,xgb-v1
217,PACLITAXEL/PACLITAXEL LIPOSOME,NEUROPATHY PERIPHERAL,0.9932,1,2026-05-24,,,xgb-v1
218,METFORMIN,VITAMIN B12 DEFICIENCY,0.9932,1,2026-05-24,,,xgb-v1
219,DIGOXIN,CARDIOACTIVE DRUG LEVEL INCREASED,0.9932,1,2026-05-24,,,xgb-v1
220,DUODOPA,STOMA SITE ODOUR,0.9932,1,2026-05-24,,,xgb-v1
221,JANUVIA,BLOOD GLUCOSE ABNORMAL,0.9932,1,2026-05-24,,,xgb-v1
222,IMBRUVICA,INCREASED TENDENCY TO BRUISE,0.9932,1,2026-05-24,,,xgb-v1
223,CLOPIDOGREL,ECCHYMOSIS,0.9932,1,2026-05-24,,,xgb-v1
224,FUROSEMIDE,N-TERMINAL PROHORMONE BRAIN NATRIURETIC PEPTIDE INCREASED,0.9932,1,2026-05-24,,,xgb-v1
225,RIVAROXABAN,HAEMORRHAGIC STROKE,0.9931,1,2026-05-24,,,xgb-v1
226,DOXORUBICIN,HEPATITIS B REACTIVATION,0.9931,1,2026-05-24,,,xgb-v1
227,RIVAROXABAN,RETROPERITONEAL HAEMATOMA,0.9931,1,2026-05-24,,,xgb-v1
228,METFORMIN,HYPERLACTACIDAEMIA,0.9931,1,2026-05-24,,,xgb-v1
229,RIVAROXABAN,SUBDURAL HAEMATOMA,0.9931,1,2026-05-24,,,xgb-v1
230,DUODOPA,INTENTIONAL MEDICAL DEVICE REMOVAL BY PATIENT,0.9931,1,2026-05-24,,,xgb-v1
231,FUROSEMIDE,TORSADE DE POINTES,0.9931,1,2026-05-24,,,xgb-v1
232,SANDOSTATIN LAR DEPOT,MALIGNANT NEOPLASM PROGRESSION,0.9931,1,2026-05-24,,,xgb-v1
233,CLOPIDOGREL,LOWER GASTROINTESTINAL HAEMORRHAGE,0.9931,1,2026-05-24,,,xgb-v1
234,DABIGATRAN,COAGULOPATHY,0.9931,1,2026-05-24,,,xgb-v1
235,AFINITOR,SECOND PRIMARY MALIGNANCY,0.993,1,2026-05-24,,,xgb-v1
236,ENTRESTO,PRESCRIBED UNDERDOSE,0.993,1,2026-05-24,,,xgb-v1
237,IRINOTECAN,PALMAR-PLANTAR ERYTHRODYSAESTHESIA SYNDROME,0.993,1,2026-05-24,,,xgb-v1
238,CAPECITABINE,POLYNEUROPATHY,0.993,1,2026-05-24,,,xgb-v1
239,BEVACIZUMAB,LARGE INTESTINE PERFORATION,0.993,1,2026-05-24,,,xgb-v1
240,FOLINIC ACID,NEUROPATHY PERIPHERAL,0.993,1,2026-05-24,,,xgb-v1
241,OXALIPLATIN,PERIPHERAL SENSORY NEUROPATHY,0.993,1,2026-05-24,,,xgb-v1
242,TADALAFIL,FLUID RETENTION,0.993,1,2026-05-24,,,xgb-v1
243,FLUOROURACIL,POLYNEUROPATHY,0.993,1,2026-05-24,,,xgb-v1
244,HUMIRA,SURGICAL FAILURE,0.9929,1,2026-05-24,,,xgb-v1
245,FLUOROURACIL,VENOOCCLUSIVE LIVER DISEASE,0.9929,1,2026-05-24,,,xgb-v1
246,APIXABAN,ATRIAL THROMBOSIS,0.9929,1,2026-05-24,,,xgb-v1
247,CARBOPLATIN,RADIATION PNEUMONITIS,0.9929,1,2026-05-24,,,xgb-v1
248,IBRANCE,STOMATITIS,0.9929,1,2026-05-24,,,xgb-v1
249,XGEVA,TERMINAL STATE,0.9929,1,2026-05-24,,,xgb-v1
250,WARFARIN,INTERNATIONAL NORMALISED RATIO DECREASED,0.9929,1,2026-05-24,,,xgb-v1
251,CLOPIDOGREL,MELAENA,0.9929,1,2026-05-24,,,xgb-v1
252,IBRUTINIB,ASPERGILLUS INFECTION,0.9929,1,2026-05-24,,,xgb-v1
253,ABATACEPT,TOOTH DISORDER,0.9929,1,2026-05-24,,,xgb-v1
254,IBRUTINIB,THROMBOCYTOPENIA,0.9928,1,2026-05-24,,,xgb-v1
255,RIVAROXABAN,SUBARACHNOID HAEMORRHAGE,0.9928,1,2026-05-24,,,xgb-v1
256,RITUXIMAB,NEUTROPENIC SEPSIS,0.9928,1,2026-05-24,,,xgb-v1
257,DUODOPA,VOLVULUS,0.9928,1,2026-05-24,,,xgb-v1
258,RIVAROXABAN,HAEMORRHAGIC ANAEMIA,0.9928,1,2026-05-24,,,xgb-v1
259,ATEZOLIZUMAB,NEPHRITIS,0.9927,1,2026-05-24,,,xgb-v1
260,RIVAROXABAN,THROMBOSIS,0.9927,1,2026-05-24,,,xgb-v1
261,ENTRESTO,BRAIN NATRIURETIC PEPTIDE INCREASED,0.9927,1,2026-05-24,,,xgb-v1
262,DUODOPA,PNEUMOPERITONEUM,0.9927,1,2026-05-24,,,xgb-v1
263,ABATACEPT,ARTHROPATHY,0.9927,1,2026-05-24,,,xgb-v1
264,PANTOPRAZOLE,HEPATITIS CHOLESTATIC,0.9927,1,2026-05-24,,,xgb-v1
265,AZATHIOPRINE,LYMPHOPENIA,0.9927,1,2026-05-24,,,xgb-v1
266,OXALIPLATIN,DERMATITIS ACNEIFORM,0.9927,1,2026-05-24,,,xgb-v1
267,OPDIVO,PRESCRIBED OVERDOSE,0.9927,1,2026-05-24,,,xgb-v1
268,FLUOROURACIL,PALMAR-PLANTAR ERYTHRODYSAESTHESIA SYNDROME,0.9927,1,2026-05-24,,,xgb-v1
269,RIVAROXABAN,BLOOD LOSS ANAEMIA,0.9927,1,2026-05-24,,,xgb-v1
270,RIVAROXABAN,OCCULT BLOOD POSITIVE,0.9927,1,2026-05-24,,,xgb-v1
271,CISPLATIN,NEPHROPATHY TOXIC,0.9927,1,2026-05-24,,,xgb-v1
272,IRINOTECAN,POLYNEUROPATHY,0.9927,1,2026-05-24,,,xgb-v1
273,LANSOPRAZOLE,DRUG REACTION WITH EOSINOPHILIA AND SYSTEMIC SYMPTOMS,0.9926,1,2026-05-24,,,xgb-v1
274,ENTRESTO,BLOOD PRESSURE ABNORMAL,0.9926,1,2026-05-24,,,xgb-v1
275,IBRANCE,NEUTROPENIA,0.9926,1,2026-05-24,,,xgb-v1
276,VINCRISTINE,PROGRESSIVE MULTIFOCAL LEUKOENCEPHALOPATHY,0.9926,1,2026-05-24,,,xgb-v1
277,OXALIPLATIN,LARGE INTESTINE PERFORATION,0.9926,1,2026-05-24,,,xgb-v1
278,IPILIMUMAB,LARGE INTESTINE PERFORATION,0.9926,1,2026-05-24,,,xgb-v1
279,RIVAROXABAN,ABDOMINAL WALL HAEMATOMA,0.9926,1,2026-05-24,,,xgb-v1
280,DABIGATRAN,POST PROCEDURAL HAEMORRHAGE,0.9926,1,2026-05-24,,,xgb-v1
281,IPILIMUMAB,RADICULOPATHY,0.9926,1,2026-05-24,,,xgb-v1
282,JANUVIA,PEMPHIGOID,0.9926,1,2026-05-24,,,xgb-v1
283,OXYGEN,DYSPNOEA EXERTIONAL,0.9926,1,2026-05-24,,,xgb-v1
284,NIVOLUMAB,MYASTHENIA GRAVIS,0.9925,1,2026-05-24,,,xgb-v1
285,OPDIVO,LUNG DISORDER,0.9925,1,2026-05-24,,,xgb-v1
286,CLOPIDOGREL,INTRA-ABDOMINAL HAEMATOMA,0.9925,1,2026-05-24,,,xgb-v1
287,RIVAROXABAN,SMALL INTESTINAL HAEMORRHAGE,0.9925,1,2026-05-24,,,xgb-v1
288,NIVOLUMAB,HYPERTHYROIDISM,0.9925,1,2026-05-24,,,xgb-v1
289,BISOPROLOL,CARDIAC FAILURE CHRONIC,0.9925,1,2026-05-24,,,xgb-v1
290,NUCALA,LOSS OF PERSONAL INDEPENDENCE IN DAILY ACTIVITIES,0.9925,1,2026-05-24,,,xgb-v1
291,SPIRONOLACTONE,N-TERMINAL PROHORMONE BRAIN NATRIURETIC PEPTIDE INCREASED,0.9925,1,2026-05-24,,,xgb-v1
292,PREDNISONE,EOSINOPHIL COUNT ABNORMAL,0.9925,1,2026-05-24,,,xgb-v1
293,IMBRUVICA,WHITE BLOOD CELL COUNT INCREASED,0.9925,1,2026-05-24,,,xgb-v1
294,HEPARIN,HAEMORRHAGE INTRACRANIAL,0.9925,1,2026-05-24,,,xgb-v1
295,OXALIPLATIN,ACUTE ABDOMEN,0.9924,1,2026-05-24,,,xgb-v1
296,NIVOLUMAB,RADICULOPATHY,0.9924,1,2026-05-24,,,xgb-v1
297,SULFASALAZINE,JOINT SWELLING,0.9924,1,2026-05-24,,,xgb-v1
298,EVEROLIMUS,METASTASES TO LUNG,0.9924,1,2026-05-24,,,xgb-v1
299,METHADONE,DELIRIUM,0.9924,1,2026-05-24,,,xgb-v1
300,SANDOSTATIN LAR DEPOT,TERMINAL STATE,0.9924,1,2026-05-24,,,xgb-v1
301,METFORMIN,HYPOGLYCAEMIC COMA,0.9924,1,2026-05-24,,,xgb-v1
302,ATENOLOL,HYPERTENSIVE CRISIS,0.9924,1,2026-05-24,,,xgb-v1
303,LEVOFLOXACIN,PATHOGEN RESISTANCE,0.9924,1,2026-05-24,,,xgb-v1
304,IRINOTECAN,ENTERITIS,0.9923,1,2026-05-24,,,xgb-v1
305,FLUOROURACIL,INTESTINAL PERFORATION,0.9923,1,2026-05-24,,,xgb-v1
306,IFOSFAMIDE,HEPATITIS B REACTIVATION,0.9923,1,2026-05-24,,,xgb-v1
307,OPDIVO,DEATH,0.9923,1,2026-05-24,,,xgb-v1
308,IRINOTECAN,GASTROINTESTINAL PERFORATION,0.9923,1,2026-05-24,,,xgb-v1
309,RIVAROXABAN,DEEP VEIN THROMBOSIS,0.9923,1,2026-05-24,,,xgb-v1
310,PACLITAXEL,METASTASES TO PERITONEUM,0.9923,1,2026-05-24,,,xgb-v1
311,CEFTRIAXONE,HEPATITIS,0.9923,1,2026-05-24,,,xgb-v1
312,LETROZOLE,METASTASES TO SPINE,0.9923,1,2026-05-24,,,xgb-v1
313,HUMIRA,POST PROCEDURAL SWELLING,0.9922,1,2026-05-24,,,xgb-v1
314,IMATINIB,DISEASE RECURRENCE,0.9922,1,2026-05-24,,,xgb-v1
315,APIXABAN,DEMENTIA,0.9922,1,2026-05-24,,,xgb-v1
316,KEYTRUDA,HYPOTHYROIDISM,0.9922,1,2026-05-24,,,xgb-v1
317,RIVAROXABAN,EMBOLISM,0.9922,1,2026-05-24,,,xgb-v1
318,UPTRAVI,TRANSFUSION,0.9922,1,2026-05-24,,,xgb-v1
319,IPILIMUMAB,IMMUNE-MEDIATED HEPATITIS,0.9922,1,2026-05-24,,,xgb-v1
320,DUODOPA,INGUINAL HERNIA,0.9922,1,2026-05-24,,,xgb-v1
321,LANTUS,BLOOD GLUCOSE DECREASED,0.9922,1,2026-05-24,,,xgb-v1
322,DABIGATRAN,CEREBRAL HAEMATOMA,0.9921,1,2026-05-24,,,xgb-v1
323,METHOTREXATE,PULMONARY TOXICITY,0.9921,1,2026-05-24,,,xgb-v1
324,DUODOPA,STOMA SITE EXTRAVASATION,0.9921,1,2026-05-24,,,xgb-v1
325,CLOPIDOGREL,SUBDURAL HAEMORRHAGE,0.9921,1,2026-05-24,,,xgb-v1
326,NIVOLUMAB,HEPATOBILIARY DISEASE,0.9921,1,2026-05-24,,,xgb-v1
327,CYCLOPHOSPHAMIDE,EPSTEIN-BARR VIRUS INFECTION,0.9921,1,2026-05-24,,,xgb-v1
328,OPDIVO,HAEMOPHAGOCYTIC LYMPHOHISTIOCYTOSIS,0.9921,1,2026-05-24,,,xgb-v1
329,MELPHALAN,POLYNEUROPATHY,0.9921,1,2026-05-24,,,xgb-v1
330,KEYTRUDA,MYASTHENIA GRAVIS,0.9921,1,2026-05-24,,,xgb-v1
331,PEMBROLIZUMAB,PNEUMONITIS,0.9921,1,2026-05-24,,,xgb-v1
332,PROLIA,PATHOLOGICAL FRACTURE,0.9921,1,2026-05-24,,,xgb-v1
333,IRINOTECAN,STOMATITIS,0.9921,1,2026-05-24,,,xgb-v1
334,DUODOPA,CARDIAC ARREST,0.9921,1,2026-05-24,,,xgb-v1
335,OPDIVO,PNEUMONITIS,0.9921,1,2026-05-24,,,xgb-v1
336,BEVACIZUMAB,HYPERTENSION,0.992,1,2026-05-24,,,xgb-v1
337,DABIGATRAN,HAEMORRHAGIC STROKE,0.992,1,2026-05-24,,,xgb-v1
338,MABTHERA,CHILLS,0.992,1,2026-05-24,,,xgb-v1
339,CYCLOPHOSPHAMIDE,BONE MARROW FAILURE,0.992,1,2026-05-24,,,xgb-v1
340,DUODOPA,IMMOBILE,0.992,1,2026-05-24,,,xgb-v1
341,IPILIMUMAB,PNEUMONITIS,0.992,1,2026-05-24,,,xgb-v1
342,NIVOLUMAB,THYROIDITIS,0.992,1,2026-05-24,,,xgb-v1
343,APIXABAN,HAEMORRHAGE,0.992,1,2026-05-24,2014-01-14,-4513.0,xgb-v1
344,BENEPALI,RHEUMATOID ARTHRITIS,0.992,1,2026-05-24,,,xgb-v1
345,FENTANYL,BRAIN OEDEMA,0.992,1,2026-05-24,,,xgb-v1
346,ENTRESTO,MYOCARDIAL INFARCTION,0.992,1,2026-05-24,,,xgb-v1
347,HEPARIN,RETROPERITONEAL HAEMATOMA,0.992,1,2026-05-24,,,xgb-v1
348,CLOPIDOGREL,CORONARY ARTERY STENOSIS,0.9919,1,2026-05-24,,,xgb-v1
349,JAKAVI,SKIN CANCER,0.9919,1,2026-05-24,,,xgb-v1
350,APIXABAN,URETHRAL HAEMORRHAGE,0.9919,1,2026-05-24,,,xgb-v1
351,DOXORUBICIN,CARDIOTOXICITY,0.9919,1,2026-05-24,,,xgb-v1
352,PROLIA,PELVIC FRACTURE,0.9919,1,2026-05-24,,,xgb-v1
353,KEYTRUDA,TYPE 1 DIABETES MELLITUS,0.9919,1,2026-05-24,,,xgb-v1
354,TACROLIMUS,GRAFT VERSUS HOST DISEASE IN SKIN,0.9919,1,2026-05-24,,,xgb-v1
355,OXALIPLATIN,ARTERIOSPASM CORONARY,0.9919,1,2026-05-24,,,xgb-v1
356,INSULIN GLARGINE,DIALYSIS,0.9919,1,2026-05-24,,,xgb-v1
357,PEMBROLIZUMAB,HYPOPHYSITIS,0.9919,1,2026-05-24,,,xgb-v1
358,DABIGATRAN,HAEMORRHAGE,0.9919,1,2026-05-24,2011-12-07,-5282.0,xgb-v1
359,DABIGATRAN,HAEMATURIA,0.9919,1,2026-05-24,,,xgb-v1
360,OPDIVO,AUTOIMMUNE HEPATITIS,0.9919,1,2026-05-24,,,xgb-v1
361,WARFARIN,MUSCLE HAEMORRHAGE,0.9919,1,2026-05-24,,,xgb-v1
362,BEVACIZUMAB,GASTROINTESTINAL TOXICITY,0.9919,1,2026-05-24,,,xgb-v1
363,CARBOPLATIN,MALIGNANT PLEURAL EFFUSION,0.9919,1,2026-05-24,,,xgb-v1
364,TACROLIMUS,EPSTEIN-BARR VIRAEMIA,0.9919,1,2026-05-24,,,xgb-v1
365,OPDIVO,DIABETIC KETOACIDOSIS,0.9919,1,2026-05-24,,,xgb-v1
366,CLOPIDOGREL,OCCULT BLOOD POSITIVE,0.9919,1,2026-05-24,,,xgb-v1
367,PREDNISOLONE,NOCARDIOSIS,0.9919,1,2026-05-24,,,xgb-v1
368,PROLIA,FRACTURE,0.9919,1,2026-05-24,,,xgb-v1
369,JAKAVI,SERUM FERRITIN INCREASED,0.9918,1,2026-05-24,,,xgb-v1
370,SUTENT,SECOND PRIMARY MALIGNANCY,0.9918,1,2026-05-24,,,xgb-v1
371,FLUOROURACIL,GASTROINTESTINAL PERFORATION,0.9918,1,2026-05-24,,,xgb-v1
372,NIVOLUMAB,VITILIGO,0.9918,1,2026-05-24,,,xgb-v1
373,OXALIPLATIN,GASTROINTESTINAL TOXICITY,0.9918,1,2026-05-24,,,xgb-v1
374,PREDNISOLONE,STEROID DIABETES,0.9918,1,2026-05-24,,,xgb-v1
375,SUTENT,TASTE DISORDER,0.9918,1,2026-05-24,,,xgb-v1
376,BISOPROLOL,ATRIOVENTRICULAR BLOCK SECOND DEGREE,0.9918,1,2026-05-24,,,xgb-v1
377,CYCLOSPORINE,NEPHROPATHY TOXIC,0.9918,1,2026-05-24,,,xgb-v1
378,ATORVASTATIN,MYOPATHY,0.9918,1,2026-05-24,,,xgb-v1
379,FLUDARABINE,MUCOSAL INFLAMMATION,0.9918,1,2026-05-24,,,xgb-v1
380,PERINDOPRIL,DYSLIPIDAEMIA,0.9918,1,2026-05-24,,,xgb-v1
381,IBRUTINIB,HAEMATOMA,0.9917,1,2026-05-24,,,xgb-v1
382,APIXABAN,DEMENTIA ALZHEIMER^S TYPE,0.9917,1,2026-05-24,,,xgb-v1
383,WARFARIN,LABELLED DRUG-DRUG INTERACTION MEDICATION ERROR,0.9917,1,2026-05-24,,,xgb-v1
384,PROLIA,THORACIC VERTEBRAL FRACTURE,0.9917,1,2026-05-24,,,xgb-v1
385,APIXABAN,TUMOUR HAEMORRHAGE,0.9917,1,2026-05-24,,,xgb-v1
386,RIVAROXABAN,HAEMATURIA,0.9917,1,2026-05-24,,,xgb-v1
387,AFINITOR,DEATH,0.9917,1,2026-05-24,,,xgb-v1
388,DUODOPA,FOOD REFUSAL,0.9917,1,2026-05-24,,,xgb-v1
389,ENTRESTO,ANGIOEDEMA,0.9917,1,2026-05-24,,,xgb-v1
390,REVLIMID,LEUKAEMIA,0.9917,1,2026-05-24,,,xgb-v1
391,GEMCITABINE HYDROCHLORIDE,THROMBOCYTOPENIA,0.9917,1,2026-05-24,,,xgb-v1
392,BEVACIZUMAB,STOMATITIS,0.9917,1,2026-05-24,,,xgb-v1
393,CLOPIDOGREL,MICROCYTIC ANAEMIA,0.9917,1,2026-05-24,,,xgb-v1
394,DIGOXIN,CARDIAC FAILURE CHRONIC,0.9917,1,2026-05-24,,,xgb-v1
395,TACROLIMUS,GRAFT VERSUS HOST DISEASE,0.9916,1,2026-05-24,,,xgb-v1
396,DABIGATRAN,PROCEDURAL HAEMORRHAGE,0.9916,1,2026-05-24,,,xgb-v1
397,PROLIA,ATYPICAL FEMUR FRACTURE,0.9916,1,2026-05-24,,,xgb-v1
398,KEYTRUDA,PNEUMOTHORAX,0.9916,1,2026-05-24,,,xgb-v1
399,RIVAROXABAN,TRAUMATIC HAEMORRHAGE,0.9916,1,2026-05-24,,,xgb-v1
400,ENTRESTO,HEART RATE ABNORMAL,0.9916,1,2026-05-24,,,xgb-v1
401,GEMCITABINE HYDROCHLORIDE,LEUKOPENIA,0.9916,1,2026-05-24,,,xgb-v1
402,RIBOCICLIB,ELECTROCARDIOGRAM QT PROLONGED,0.9916,1,2026-05-24,,,xgb-v1
403,DUODOPA,BEZOAR,0.9916,1,2026-05-24,,,xgb-v1
404,RANITIDINE,NEOPLASM MALIGNANT,0.9916,1,2026-05-24,,,xgb-v1
405,DIGOXIN,HYPERKALAEMIA,0.9916,1,2026-05-24,,,xgb-v1
406,FLUDARABINE,PROGRESSIVE MULTIFOCAL LEUKOENCEPHALOPATHY,0.9916,1,2026-05-24,,,xgb-v1
407,GEMCITABINE HYDROCHLORIDE,CAPILLARY LEAK SYNDROME,0.9915,1,2026-05-24,,,xgb-v1
408,LETROZOLE,CARBOHYDRATE ANTIGEN 15-3 INCREASED,0.9915,1,2026-05-24,,,xgb-v1
409,REMICADE,TUBERCULOSIS,0.9915,1,2026-05-24,,,xgb-v1
410,CYTARABINE,ACUTE MYELOID LEUKAEMIA,0.9915,1,2026-05-24,,,xgb-v1
411,OLANZAPINE,PSYCHOTIC SYMPTOM,0.9915,1,2026-05-24,,,xgb-v1
412,BACTRIM,CYTOPENIA,0.9915,1,2026-05-24,,,xgb-v1
413,HEPARIN,PREMATURE DELIVERY,0.9915,1,2026-05-24,,,xgb-v1
414,OXALIPLATIN,LARYNGOSPASM,0.9915,1,2026-05-24,,,xgb-v1
415,FLUOROURACIL,ACUTE MYELOID LEUKAEMIA,0.9915,1,2026-05-24,,,xgb-v1
416,DICLOFENAC,SELF-MEDICATION,0.9915,1,2026-05-24,,,xgb-v1
417,RIVAROXABAN,WOUND HAEMORRHAGE,0.9915,1,2026-05-24,,,xgb-v1
418,SIMVASTATIN,MYOPATHY,0.9915,1,2026-05-24,,,xgb-v1
419,KEYTRUDA,MYOSITIS,0.9915,1,2026-05-24,,,xgb-v1
420,FOLINIC ACID,PERITONITIS,0.9915,1,2026-05-24,,,xgb-v1
421,CLEXANE,EXPOSURE DURING PREGNANCY,0.9915,1,2026-05-24,,,xgb-v1
422,CLOPIDOGREL,RETROPERITONEAL HAEMATOMA,0.9915,1,2026-05-24,,,xgb-v1
423,HEPARIN,HAEMORRHAGIC STROKE,0.9914,1,2026-05-24,,,xgb-v1
424,FINGOLIMOD,MULTIPLE SCLEROSIS RELAPSE,0.9914,1,2026-05-24,,,xgb-v1
425,DIGOXIN,ATRIOVENTRICULAR BLOCK,0.9914,1,2026-05-24,,,xgb-v1
426,METHADONE,TOXICITY TO VARIOUS AGENTS,0.9914,1,2026-05-24,,,xgb-v1
427,NIVOLUMAB,IMMUNE-MEDIATED PNEUMONITIS,0.9914,1,2026-05-24,,,xgb-v1
428,DABIGATRAN,GASTRIC HAEMORRHAGE,0.9914,1,2026-05-24,,,xgb-v1
429,RIVAROXABAN,EPISTAXIS,0.9914,1,2026-05-24,,,xgb-v1
430,DOXORUBICIN,BONE MARROW FAILURE,0.9914,1,2026-05-24,,,xgb-v1
431,KEYTRUDA,PERICARDIAL EFFUSION,0.9914,1,2026-05-24,,,xgb-v1
432,APIXABAN,HAEMORRHAGIC DISORDER,0.9914,1,2026-05-24,,,xgb-v1
433,IMBRUVICA,ATRIAL FIBRILLATION,0.9914,1,2026-05-24,,,xgb-v1
434,KEYTRUDA,ADVERSE EVENT,0.9914,1,2026-05-24,,,xgb-v1
435,MYCOPHENOLATE MOFETIL,KIDNEY TRANSPLANT REJECTION,0.9914,1,2026-05-24,,,xgb-v1
436,ACLASTA,FEMUR FRACTURE,0.9913,1,2026-05-24,,,xgb-v1
437,RIVAROXABAN,SUBCUTANEOUS HAEMATOMA,0.9913,1,2026-05-24,,,xgb-v1
438,INSULIN GLARGINE,CATARACT,0.9913,1,2026-05-24,,,xgb-v1
439,IRINOTECAN,GASTROINTESTINAL TOXICITY,0.9913,1,2026-05-24,,,xgb-v1
440,ESOMEPRAZOLE,ACUTE KIDNEY INJURY,0.9913,1,2026-05-24,,,xgb-v1
441,METFORMIN,EUGLYCAEMIC DIABETIC KETOACIDOSIS,0.9913,1,2026-05-24,,,xgb-v1
442,TACROLIMUS,TRANSPLANT FAILURE,0.9913,1,2026-05-24,,,xgb-v1
443,AZITHROMYCIN ANHYDROUS,PURPURA,0.9913,1,2026-05-24,,,xgb-v1
444,JAKAVI,SECOND PRIMARY MALIGNANCY,0.9913,1,2026-05-24,,,xgb-v1
445,RIVAROXABAN,MICROCYTIC ANAEMIA,0.9913,1,2026-05-24,,,xgb-v1
446,FLUOROURACIL,ENTERITIS,0.9913,1,2026-05-24,,,xgb-v1
447,RIVAROXABAN,LARGE INTESTINAL HAEMORRHAGE,0.9913,1,2026-05-24,,,xgb-v1
448,DOXORUBICIN,ACUTE MYELOID LEUKAEMIA,0.9913,1,2026-05-24,,,xgb-v1
449,MABTHERA,AGRANULOCYTOSIS,0.9913,1,2026-05-24,,,xgb-v1
450,TACROLIMUS,STRONGYLOIDIASIS,0.9912,1,2026-05-24,,,xgb-v1
451,WARFARIN,ANTICOAGULATION DRUG LEVEL BELOW THERAPEUTIC,0.9912,1,2026-05-24,,,xgb-v1
452,PREDNISOLONE,PNEUMOCYSTIS JIROVECII PNEUMONIA,0.9912,1,2026-05-24,,,xgb-v1
453,CYTARABINE,BACTERIAL INFECTION,0.9912,1,2026-05-24,,,xgb-v1
454,CYCLOPHOSPHAMIDE,CYTOMEGALOVIRUS INFECTION,0.9912,1,2026-05-24,,,xgb-v1
455,SPIRONOLACTONE,CARDIAC FAILURE CHRONIC,0.9912,1,2026-05-24,,,xgb-v1
456,CYCLOSPORINE,CYTOMEGALOVIRUS INFECTION,0.9912,1,2026-05-24,,,xgb-v1
457,IPILIMUMAB,MALIGNANT NEOPLASM PROGRESSION,0.9912,1,2026-05-24,,,xgb-v1
458,FLUDARABINE,LYMPHOCYTE COUNT DECREASED,0.9912,1,2026-05-24,,,xgb-v1
459,METHYLPREDNISOLONE,CYTOMEGALOVIRUS VIRAEMIA,0.9912,1,2026-05-24,,,xgb-v1
460,VINCRISTINE,ACUTE MYELOID LEUKAEMIA,0.9912,1,2026-05-24,,,xgb-v1
461,PROPOFOL,BRADYCARDIA,0.9912,1,2026-05-24,,,xgb-v1
462,GEMCITABINE HYDROCHLORIDE,NEUROTOXICITY,0.9912,1,2026-05-24,,,xgb-v1
463,CISPLATIN,ACUTE MYELOID LEUKAEMIA,0.9912,1,2026-05-24,,,xgb-v1
464,RIVAROXABAN,ISCHAEMIC CEREBRAL INFARCTION,0.9912,1,2026-05-24,,,xgb-v1
465,IMBRUVICA,PERICARDIAL EFFUSION,0.9912,1,2026-05-24,,,xgb-v1
466,LEVOFLOXACIN,NEUROTOXICITY,0.9912,1,2026-05-24,,,xgb-v1
467,CISPLATIN,MYELOSUPPRESSION,0.9912,1,2026-05-24,,,xgb-v1
468,REPATHA,CORONARY ARTERY BYPASS,0.9912,1,2026-05-24,,,xgb-v1
469,CYCLOPHOSPHAMIDE,ACUTE MYELOID LEUKAEMIA,0.9912,1,2026-05-24,,,xgb-v1
470,PREDNISOLONE,POST TRANSPLANT LYMPHOPROLIFERATIVE DISORDER,0.9912,1,2026-05-24,,,xgb-v1
471,WARFARIN,RETROPERITONEAL HAEMATOMA,0.9912,1,2026-05-24,,,xgb-v1
472,OXALIPLATIN,ASCITES,0.9911,1,2026-05-24,,,xgb-v1
473,RITUXIMAB,B-CELL LYMPHOMA,0.9911,1,2026-05-24,,,xgb-v1
474,VINCRISTINE,TUMOUR LYSIS SYNDROME,0.9911,1,2026-05-24,,,xgb-v1
475,JAKAVI,WHITE BLOOD CELL COUNT INCREASED,0.9911,1,2026-05-24,,,xgb-v1
476,RIVAROXABAN,CEREBELLAR INFARCTION,0.9911,1,2026-05-24,,,xgb-v1
477,CLOPIDOGREL,DUODENAL ULCER HAEMORRHAGE,0.9911,1,2026-05-24,,,xgb-v1
478,WARFARIN,TRAUMATIC INTRACRANIAL HAEMORRHAGE,0.9911,1,2026-05-24,,,xgb-v1
479,VANCOMYCIN,LEUKOCYTOSIS,0.9911,1,2026-05-24,,,xgb-v1
480,RIVAROXABAN,HAEMORRHOIDAL HAEMORRHAGE,0.9911,1,2026-05-24,,,xgb-v1
481,XELODA,METASTASES TO LUNG,0.9911,1,2026-05-24,,,xgb-v1
482,SPIRIVA,LUNG NEOPLASM MALIGNANT,0.9911,1,2026-05-24,,,xgb-v1
483,INSULIN GLARGINE,BLINDNESS,0.9911,1,2026-05-24,,,xgb-v1
484,FOLINIC ACID,GASTROINTESTINAL TOXICITY,0.991,1,2026-05-24,,,xgb-v1
485,ASPIRIN,VASCULAR STENT THROMBOSIS,0.991,1,2026-05-24,,,xgb-v1
486,FLUDARABINE,ACUTE GRAFT VERSUS HOST DISEASE,0.991,1,2026-05-24,,,xgb-v1
487,AFINITOR,EATING DISORDER,0.991,1,2026-05-24,,,xgb-v1
488,FLUDARABINE,CHRONIC GRAFT VERSUS HOST DISEASE,0.991,1,2026-05-24,,,xgb-v1
489,FLUOROURACIL,PARONYCHIA,0.991,1,2026-05-24,,,xgb-v1
490,REVLIMID,FULL BLOOD COUNT DECREASED,0.991,1,2026-05-24,,,xgb-v1
491,AZATHIOPRINE,POST TRANSPLANT LYMPHOPROLIFERATIVE DISORDER,0.991,1,2026-05-24,,,xgb-v1
492,SANDOSTATIN LAR DEPOT,METASTASES TO LIVER,0.991,1,2026-05-24,,,xgb-v1
493,MYCOPHENOLATE MOFETIL,HEPATITIS B REACTIVATION,0.991,1,2026-05-24,,,xgb-v1
494,SALBUTAMOL,OBSTRUCTIVE AIRWAYS DISORDER,0.9909,1,2026-05-24,,,xgb-v1
495,IBRUTINIB,LYMPHOCYTE COUNT DECREASED,0.9909,1,2026-05-24,,,xgb-v1
496,OXALIPLATIN,EMBOLISM,0.9909,1,2026-05-24,,,xgb-v1
497,RIVAROXABAN,GASTRIC HAEMORRHAGE,0.9909,1,2026-05-24,,,xgb-v1
498,HEPARIN,CEREBRAL HAEMORRHAGE,0.9909,1,2026-05-24,,,xgb-v1
499,TACROLIMUS,RENAL TRANSPLANT FAILURE,0.9909,1,2026-05-24,,,xgb-v1
500,ASPIRIN,RETROPERITONEAL HAEMORRHAGE,0.9909,1,2026-05-24,,,xgb-v1
501,DEXAMETHASONE,DIFFUSE LARGE B-CELL LYMPHOMA RECURRENT,0.9909,1,2026-05-24,,,xgb-v1
502,ENTRESTO,CARDIAC FAILURE CONGESTIVE,0.9909,1,2026-05-24,,,xgb-v1
503,ALPRAZOLAM,DRUG ABUSE,0.9909,1,2026-05-24,,,xgb-v1
504,WARFARIN,RETROPERITONEAL HAEMORRHAGE,0.9909,1,2026-05-24,,,xgb-v1
505,TACROLIMUS,TRANSPLANT REJECTION,0.9909,1,2026-05-24,,,xgb-v1
506,DABIGATRAN,PERICARDIAL HAEMORRHAGE,0.9909,1,2026-05-24,,,xgb-v1
507,AMIODARONE,CARDIAC FAILURE,0.9909,1,2026-05-24,,,xgb-v1
508,IRINOTECAN,SKIN TOXICITY,0.9908,1,2026-05-24,,,xgb-v1
509,CYCLOPHOSPHAMIDE,CYTOPENIA,0.9908,1,2026-05-24,,,xgb-v1
510,TACROLIMUS,GRAFT VERSUS HOST DISEASE IN GASTROINTESTINAL TRACT,0.9908,1,2026-05-24,,,xgb-v1
511,RIVAROXABAN,PHARYNGEAL HAEMORRHAGE,0.9908,1,2026-05-24,,,xgb-v1
512,MYCOPHENOLATE,DISEASE RECURRENCE,0.9908,1,2026-05-24,,,xgb-v1
513,HUMALOG,DIABETES MELLITUS INADEQUATE CONTROL,0.9908,1,2026-05-24,,,xgb-v1
514,PACLITAXEL,INTERSTITIAL LUNG DISEASE,0.9908,1,2026-05-24,,,xgb-v1
515,REVLIMID,AMYLOIDOSIS,0.9908,1,2026-05-24,,,xgb-v1
516,MELPHALAN,FEBRILE NEUTROPENIA,0.9908,1,2026-05-24,,,xgb-v1
517,IBRUTINIB,SUBDURAL HAEMATOMA,0.9908,1,2026-05-24,,,xgb-v1
518,ATORVASTATIN,IMMUNE-MEDIATED NECROTISING MYOPATHY,0.9908,1,2026-05-24,,,xgb-v1
519,OPSUMIT,NASAL CONGESTION,0.9908,1,2026-05-24,,,xgb-v1
520,MELPHALAN,VENOOCCLUSIVE DISEASE,0.9908,1,2026-05-24,,,xgb-v1
521,AVASTIN,PERITONITIS,0.9908,1,2026-05-24,,,xgb-v1
522,DEXAMETHASONE,BONE MARROW TOXICITY,0.9908,1,2026-05-24,,,xgb-v1
523,VENTAVIS,DEATH,0.9908,1,2026-05-24,,,xgb-v1
524,CYTARABINE,CYTOPENIA,0.9908,1,2026-05-24,,,xgb-v1
525,AFINITOR,METASTASES TO LYMPH NODES,0.9908,1,2026-05-24,,,xgb-v1
526,IBRUTINIB,VENTRICULAR TACHYCARDIA,0.9908,1,2026-05-24,,,xgb-v1
527,METFORMIN,ANION GAP INCREASED,0.9908,1,2026-05-24,,,xgb-v1
528,VINCRISTINE,MANTLE CELL LYMPHOMA RECURRENT,0.9908,1,2026-05-24,,,xgb-v1
529,REVLIMID,THROMBOSIS,0.9908,1,2026-05-24,,,xgb-v1
530,BISOPROLOL,ATRIAL FLUTTER,0.9907,1,2026-05-24,,,xgb-v1
531,CYTARABINE,VENOOCCLUSIVE DISEASE,0.9907,1,2026-05-24,,,xgb-v1
532,RIVAROXABAN,LABELLED DRUG-DRUG INTERACTION MEDICATION ERROR,0.9907,1,2026-05-24,,,xgb-v1
533,CISPLATIN,BONE MARROW FAILURE,0.9907,1,2026-05-24,,,xgb-v1
534,CLOPIDOGREL,ARTERIAL OCCLUSIVE DISEASE,0.9907,1,2026-05-24,,,xgb-v1
535,CLOPIDOGREL,ACUTE MYOCARDIAL INFARCTION,0.9907,1,2026-05-24,,,xgb-v1
536,MELPHALAN,CYTOMEGALOVIRUS INFECTION,0.9907,1,2026-05-24,,,xgb-v1
537,INSULIN,BLOOD GLUCOSE DECREASED,0.9907,1,2026-05-24,,,xgb-v1
538,PREDNISONE,CEREBRAL ASPERGILLOSIS,0.9907,1,2026-05-24,,,xgb-v1
539,RIVAROXABAN,MELAENA,0.9907,1,2026-05-24,,,xgb-v1
540,GEMCITABINE/GEMCITABINE HYDROCHLORIDE,THROMBOCYTOPENIA,0.9907,1,2026-05-24,,,xgb-v1
541,OPDIVO,COLITIS,0.9907,1,2026-05-24,,,xgb-v1
542,VINCRISTINE,DIFFUSE LARGE B-CELL LYMPHOMA,0.9907,1,2026-05-24,,,xgb-v1
543,DABIGATRAN,APHASIA,0.9907,1,2026-05-24,,,xgb-v1
544,PREDNISOLONE,TRANSPLANT REJECTION,0.9907,1,2026-05-24,,,xgb-v1
545,CLOZAPINE,WRONG PRODUCT ADMINISTERED,0.9907,1,2026-05-24,,,xgb-v1
546,TRASTUZUMAB,METASTASES TO CENTRAL NERVOUS SYSTEM,0.9907,1,2026-05-24,,,xgb-v1
547,OPSUMIT,SCLERODERMA,0.9907,1,2026-05-24,,,xgb-v1
548,WARFARIN,CEREBRAL HAEMORRHAGE,0.9907,1,2026-05-24,,,xgb-v1
549,DUODOPA,STOMA SITE ABSCESS,0.9907,1,2026-05-24,,,xgb-v1
550,NIVOLUMAB,LUNG INFECTION,0.9907,1,2026-05-24,,,xgb-v1
551,OPSUMIT,FLUID RETENTION,0.9907,1,2026-05-24,,,xgb-v1
552,IPILIMUMAB,HYPOPHYSITIS,0.9907,1,2026-05-24,,,xgb-v1
553,DABIGATRAN,PERIPHERAL ISCHAEMIA,0.9907,1,2026-05-24,,,xgb-v1
554,XELODA,METASTASES TO LIVER,0.9907,1,2026-05-24,,,xgb-v1
555,CYCLOPHOSPHAMIDE,THROMBOTIC MICROANGIOPATHY,0.9907,1,2026-05-24,,,xgb-v1
556,APIXABAN,INTERNAL HAEMORRHAGE,0.9907,1,2026-05-24,,,xgb-v1
557,SPIRIVA,LUNG INFECTION,0.9906,1,2026-05-24,,,xgb-v1
558,MYCOPHENOLATE MOFETIL,POLYOMAVIRUS-ASSOCIATED NEPHROPATHY,0.9906,1,2026-05-24,,,xgb-v1
559,IPILIMUMAB,HYPERTHYROIDISM,0.9906,1,2026-05-24,,,xgb-v1
560,PANTOPRAZOLE,GASTRIC ULCER PERFORATION,0.9906,1,2026-05-24,,,xgb-v1
561,NIVOLUMAB,LIPASE INCREASED,0.9906,1,2026-05-24,,,xgb-v1
562,CLOPIDOGREL,SPLENIC RUPTURE,0.9906,1,2026-05-24,,,xgb-v1
563,NIFEDIPINE,PREMATURE BABY,0.9906,1,2026-05-24,,,xgb-v1
564,NIVOLUMAB,AUTOIMMUNE COLITIS,0.9906,1,2026-05-24,,,xgb-v1
565,NIVOLUMAB,AMYLASE INCREASED,0.9906,1,2026-05-24,,,xgb-v1
566,ATORVASTATIN,RHABDOMYOLYSIS,0.9906,1,2026-05-24,,,xgb-v1
567,CREON,PANCREATIC CARCINOMA,0.9906,1,2026-05-24,,,xgb-v1
568,PACLITAXEL,SECOND PRIMARY MALIGNANCY,0.9906,1,2026-05-24,,,xgb-v1
569,REVLIMID,MANTLE CELL LYMPHOMA,0.9906,1,2026-05-24,,,xgb-v1
570,CISPLATIN,NEUTROPENIA,0.9906,1,2026-05-24,,,xgb-v1
571,DICLOFENAC,DUODENAL ULCER,0.9906,1,2026-05-24,,,xgb-v1
572,SPIRIVA,SECRETION DISCHARGE,0.9906,1,2026-05-24,,,xgb-v1
573,CYCLOPHOSPHAMIDE,THERAPY PARTIAL RESPONDER,0.9906,1,2026-05-24,,,xgb-v1
574,SALBUTAMOL,CHRONIC OBSTRUCTIVE PULMONARY DISEASE,0.9906,1,2026-05-24,,,xgb-v1
575,APIXABAN,ATRIAL FLUTTER,0.9905,1,2026-05-24,,,xgb-v1
576,DABIGATRAN,HAEMATEMESIS,0.9905,1,2026-05-24,,,xgb-v1
577,CICLOSPORIN,CYTOMEGALOVIRUS INFECTION,0.9905,1,2026-05-24,,,xgb-v1
578,SPIRIVA,EMPHYSEMA,0.9905,1,2026-05-24,,,xgb-v1
579,CARBOPLATIN,ANAPHYLACTIC SHOCK,0.9905,1,2026-05-24,,,xgb-v1
580,XGEVA,OSTEONECROSIS,0.9905,1,2026-05-24,,,xgb-v1
581,DABIGATRAN,CEREBRAL ARTERY OCCLUSION,0.9905,1,2026-05-24,,,xgb-v1
582,FOLINIC ACID,METASTASES TO LIVER,0.9905,1,2026-05-24,,,xgb-v1
583,REMICADE,COLECTOMY,0.9905,1,2026-05-24,,,xgb-v1
584,NIVOLUMAB,HYPOPHYSITIS,0.9905,1,2026-05-24,,,xgb-v1
585,CISPLATIN,SECOND PRIMARY MALIGNANCY,0.9905,1,2026-05-24,,,xgb-v1
586,FOLINIC ACID,HYPOMAGNESAEMIA,0.9905,1,2026-05-24,,,xgb-v1
587,BEVACIZUMAB,NEUROTOXICITY,0.9905,1,2026-05-24,,,xgb-v1
588,CLOPIDOGREL,SHOCK HAEMORRHAGIC,0.9905,1,2026-05-24,,,xgb-v1
589,MOVICOL,FAECALOMA,0.9905,1,2026-05-24,,,xgb-v1
590,CICLOSPORIN,POSTERIOR REVERSIBLE ENCEPHALOPATHY SYNDROME,0.9905,1,2026-05-24,,,xgb-v1
591,FUROSEMIDE,HYPERKALAEMIA,0.9905,1,2026-05-24,,,xgb-v1
592,JAKAVI,SQUAMOUS CELL CARCINOMA OF SKIN,0.9904,1,2026-05-24,,,xgb-v1
593,CLOPIDOGREL,POST PROCEDURAL HAEMORRHAGE,0.9904,1,2026-05-24,,,xgb-v1
594,LEVOFLOXACIN,TENDON DISORDER,0.9904,1,2026-05-24,,,xgb-v1
595,IPILIMUMAB,HYPOTHYROIDISM,0.9904,1,2026-05-24,,,xgb-v1
596,RITUXIMAB,HERPES SIMPLEX,0.9904,1,2026-05-24,,,xgb-v1
597,ZOLPIDEM,ALTERED STATE OF CONSCIOUSNESS,0.9904,1,2026-05-24,,,xgb-v1
598,OPSUMIT,RIGHT VENTRICULAR FAILURE,0.9904,1,2026-05-24,,,xgb-v1
599,CLOPIDOGREL,HAEMATURIA,0.9904,1,2026-05-24,,,xgb-v1
600,MEPOLIZUMAB,ASTHMA,0.9904,1,2026-05-24,,,xgb-v1
601,OXALIPLATIN,INTESTINAL ISCHAEMIA,0.9904,1,2026-05-24,,,xgb-v1
602,APIXABAN,TRANSIENT ISCHAEMIC ATTACK,0.9904,1,2026-05-24,,,xgb-v1
603,NIVOLUMAB,METASTASES TO CENTRAL NERVOUS SYSTEM,0.9904,1,2026-05-24,,,xgb-v1
604,SPIRIVA,CHRONIC OBSTRUCTIVE PULMONARY DISEASE,0.9904,1,2026-05-24,,,xgb-v1
605,LEVOFLOXACIN,MYOCLONUS,0.9904,1,2026-05-24,,,xgb-v1
606,QUETIAPINE,SEROTONIN SYNDROME,0.9904,1,2026-05-24,,,xgb-v1
607,DEXAMETHASONE,PLASMA CELL LEUKAEMIA,0.9904,1,2026-05-24,,,xgb-v1
608,SEROQUEL,NEUROLEPTIC MALIGNANT SYNDROME,0.9904,1,2026-05-24,,,xgb-v1
609,ETOPOSIDE,ACUTE MYELOID LEUKAEMIA,0.9904,1,2026-05-24,,,xgb-v1
610,CARBOPLATIN,POLYNEUROPATHY,0.9904,1,2026-05-24,,,xgb-v1
611,CARBOPLATIN,NEUTROPENIC SEPSIS,0.9904,1,2026-05-24,,,xgb-v1
612,METHYLPREDNISOLONE,ENCEPHALITIS AUTOIMMUNE,0.9904,1,2026-05-24,,,xgb-v1
613,ADEMPAS,PULMONARY ARTERIAL HYPERTENSION,0.9904,1,2026-05-24,,,xgb-v1
614,IBRUTINIB,CHRONIC LYMPHOCYTIC LEUKAEMIA,0.9903,1,2026-05-24,,,xgb-v1
615,LYNPARZA,ANAEMIA,0.9903,1,2026-05-24,,,xgb-v1
616,SIMPONI,DIVERTICULAR PERFORATION,0.9903,1,2026-05-24,,,xgb-v1
617,PREDNISOLONE,ASPERGILLUS INFECTION,0.9903,1,2026-05-24,,,xgb-v1
618,CARBOPLATIN,MYOSITIS,0.9903,1,2026-05-24,,,xgb-v1
619,OPDIVO,CHOLANGITIS,0.9903,1,2026-05-24,,,xgb-v1
620,BEVACIZUMAB,METASTASES TO LIVER,0.9903,1,2026-05-24,,,xgb-v1
621,HALOPERIDOL,AGGRESSION,0.9903,1,2026-05-24,,,xgb-v1
622,ADEMPAS,OEDEMA,0.9903,1,2026-05-24,,,xgb-v1
623,PREDNISOLONE,BRAIN ABSCESS,0.9903,1,2026-05-24,,,xgb-v1
624,HEPARIN,HAEMORRHAGE,0.9903,1,2026-05-24,,,xgb-v1
625,SPIRIVA,ASTHMA,0.9903,1,2026-05-24,,,xgb-v1
626,LAMIVUDINE,CD4 LYMPHOCYTES DECREASED,0.9903,1,2026-05-24,,,xgb-v1
627,VINCRISTINE SULFATE,HEPATITIS B REACTIVATION,0.9903,1,2026-05-24,,,xgb-v1
628,WARFARIN,RECTAL HAEMORRHAGE,0.9903,1,2026-05-24,,,xgb-v1
629,SPIRONOLACTONE,HYPERKALAEMIA,0.9903,1,2026-05-24,,,xgb-v1
630,CISPLATIN,TUMOUR LYSIS SYNDROME,0.9903,1,2026-05-24,,,xgb-v1
631,PROLIA,HUMERUS FRACTURE,0.9903,1,2026-05-24,,,xgb-v1
632,DABIGATRAN,HAEMOTHORAX,0.9903,1,2026-05-24,,,xgb-v1
633,ADEMPAS,HYPOTENSION,0.9903,1,2026-05-24,,,xgb-v1
634,IMBRUVICA,PLEURAL EFFUSION,0.9903,1,2026-05-24,,,xgb-v1
635,PREDNISOLONE,CYTOMEGALOVIRUS COLITIS,0.9902,1,2026-05-24,,,xgb-v1
636,ADEMPAS,PULMONARY HYPERTENSION,0.9902,1,2026-05-24,,,xgb-v1
637,ETOPOSIDE,CLOSTRIDIUM DIFFICILE COLITIS,0.9902,1,2026-05-24,,,xgb-v1
638,LASIX,CARDIAC FAILURE CONGESTIVE,0.9902,1,2026-05-24,,,xgb-v1
639,PROPOFOL,ANAPHYLACTIC REACTION,0.9902,1,2026-05-24,,,xgb-v1
640,INSULIN GLARGINE,BLOOD GLUCOSE DECREASED,0.9902,1,2026-05-24,,,xgb-v1
641,PACLITAXEL,GASTROINTESTINAL PERFORATION,0.9902,1,2026-05-24,,,xgb-v1
642,SYMBICORT,CHRONIC OBSTRUCTIVE PULMONARY DISEASE,0.9902,1,2026-05-24,,,xgb-v1
643,LEVETIRACETAM,EPILEPSY,0.9902,1,2026-05-24,,,xgb-v1
644,LANTUS,DIABETES MELLITUS INADEQUATE CONTROL,0.9902,1,2026-05-24,,,xgb-v1
645,RAMUCIRUMAB,MALIGNANT NEOPLASM PROGRESSION,0.9902,1,2026-05-24,,,xgb-v1
646,OXALIPLATIN,MYOCARDIAL ISCHAEMIA,0.9902,1,2026-05-24,,,xgb-v1
647,CARBOPLATIN,LUNG ADENOCARCINOMA,0.9902,1,2026-05-24,,,xgb-v1
648,RIVAROXABAN,CEREBROVASCULAR ACCIDENT,0.9902,1,2026-05-24,,,xgb-v1
649,EMPAGLIFLOZIN,HYPOGLYCAEMIA,0.9902,1,2026-05-24,,,xgb-v1
650,APIXABAN,CARDIAC FIBRILLATION,0.9902,1,2026-05-24,,,xgb-v1
651,ALEMTUZUMAB,LYMPHOCYTE COUNT DECREASED,0.9902,1,2026-05-24,,,xgb-v1
652,APIXABAN,INFARCTION,0.9902,1,2026-05-24,,,xgb-v1
653,KEYTRUDA,THERAPY PARTIAL RESPONDER,0.9902,1,2026-05-24,,,xgb-v1
654,HYDROXYCHLOROQUINE,ACUTE GENERALISED EXANTHEMATOUS PUSTULOSIS,0.9901,1,2026-05-24,,,xgb-v1
655,ACTEMRA,ARTHROPATHY,0.9901,1,2026-05-24,,,xgb-v1
656,IRINOTECAN,NEUROTOXICITY,0.9901,1,2026-05-24,,,xgb-v1
657,RITUXIMAB,CRYOGLOBULINAEMIA,0.9901,1,2026-05-24,,,xgb-v1
658,FLUOROURACIL,GASTROINTESTINAL TOXICITY,0.9901,1,2026-05-24,,,xgb-v1
659,AMBRISENTAN,PULMONARY HYPERTENSION,0.9901,1,2026-05-24,,,xgb-v1
660,BACTRIM,PANCYTOPENIA,0.9901,1,2026-05-24,,,xgb-v1
661,ENTRESTO,CARDIOMYOPATHY,0.9901,1,2026-05-24,,,xgb-v1
662,SEROQUEL,PARKINSON^S DISEASE,0.9901,1,2026-05-24,,,xgb-v1
663,ADCIRCA,PULMONARY ARTERIAL HYPERTENSION,0.9901,1,2026-05-24,,,xgb-v1
664,UPTRAVI,PULMONARY HYPERTENSION,0.9901,1,2026-05-24,,,xgb-v1
665,SUTENT,YELLOW SKIN,0.9901,1,2026-05-24,,,xgb-v1
666,IBRANCE,DECREASED IMMUNE RESPONSIVENESS,0.9901,1,2026-05-24,,,xgb-v1
667,BEVACIZUMAB,NEOPLASM PROGRESSION,0.9901,1,2026-05-24,,,xgb-v1
668,INFLIXIMAB,CROHN^S DISEASE,0.9901,1,2026-05-24,,,xgb-v1
669,METHYLPREDNISOLONE,GRAFT VERSUS HOST DISEASE,0.9901,1,2026-05-24,,,xgb-v1
670,DUODOPA,GASTROINTESTINAL STOMA COMPLICATION,0.9901,1,2026-05-24,,,xgb-v1
671,MOVICOL,ON AND OFF PHENOMENON,0.9901,1,2026-05-24,,,xgb-v1
672,TACROLIMUS,BRAIN ABSCESS,0.9901,1,2026-05-24,,,xgb-v1
673,KISQALI,METASTASES TO BONE,0.9901,1,2026-05-24,,,xgb-v1
674,DIGOXIN,ATRIAL FIBRILLATION,0.9901,1,2026-05-24,,,xgb-v1
675,AMBRISENTAN,PULMONARY ARTERIAL HYPERTENSION,0.9901,1,2026-05-24,,,xgb-v1
676,INSULIN GLARGINE,CEREBROVASCULAR ACCIDENT,0.9901,1,2026-05-24,,,xgb-v1
677,KISQALI,BREAST CANCER METASTATIC,0.99,1,2026-05-24,,,xgb-v1
678,ABATACEPT,SPINAL DISORDER,0.99,1,2026-05-24,,,xgb-v1
679,CLOZARIL,HAEMOGLOBIN DECREASED,0.99,1,2026-05-24,,,xgb-v1
680,OLANZAPINE,OCULOGYRIC CRISIS,0.99,1,2026-05-24,,,xgb-v1
681,LAMIVUDINE,TREATMENT NONCOMPLIANCE,0.99,1,2026-05-24,,,xgb-v1
682,MYCOPHENOLATE MOFETIL,BK VIRUS INFECTION,0.99,1,2026-05-24,,,xgb-v1
683,IPILIMUMAB,VITILIGO,0.99,1,2026-05-24,,,xgb-v1
684,SIMVASTATIN,BLOOD CREATINE PHOSPHOKINASE INCREASED,0.99,1,2026-05-24,,,xgb-v1
685,BEVACIZUMAB,HYPOALBUMINAEMIA,0.99,1,2026-05-24,,,xgb-v1
686,IRINOTECAN,NEUROPATHY PERIPHERAL,0.99,1,2026-05-24,,,xgb-v1
687,OPDIVO,AUTOIMMUNE HAEMOLYTIC ANAEMIA,0.99,1,2026-05-24,,,xgb-v1
688,STELARA,COLECTOMY,0.99,1,2026-05-24,,,xgb-v1
689,MOVICOL,HYPOKALAEMIA,0.99,1,2026-05-24,,,xgb-v1
690,CLOPIDOGREL,ANGINA PECTORIS,0.99,1,2026-05-24,,,xgb-v1
691,AMIODARONE,THYROIDITIS,0.9899,1,2026-05-24,,,xgb-v1
692,FLUDARABINE,VENOOCCLUSIVE DISEASE,0.9899,1,2026-05-24,,,xgb-v1
693,RIVAROXABAN,TRANSIENT ISCHAEMIC ATTACK,0.9899,1,2026-05-24,,,xgb-v1
694,SANDOSTATIN LAR DEPOT,ABDOMINAL NEOPLASM,0.9899,1,2026-05-24,,,xgb-v1
695,APIXABAN,DEEP VEIN THROMBOSIS,0.9899,1,2026-05-24,,,xgb-v1
696,ENOXAPARIN,PREMATURE BABY,0.9899,1,2026-05-24,,,xgb-v1
697,AFINITOR,METASTASIS,0.9899,1,2026-05-24,,,xgb-v1
698,DABIGATRAN,PERITONEAL HAEMORRHAGE,0.9899,1,2026-05-24,,,xgb-v1
699,CLOPIDOGREL,SPINAL EPIDURAL HAEMATOMA,0.9899,1,2026-05-24,,,xgb-v1
700,RITUXIMAB,PNEUMOCYSTIS JIROVECII PNEUMONIA,0.9899,1,2026-05-24,,,xgb-v1
701,NORVASC,HYPERTENSIVE CRISIS,0.9899,1,2026-05-24,,,xgb-v1
702,DABIGATRAN,SUBDURAL HAEMORRHAGE,0.9899,1,2026-05-24,,,xgb-v1
703,VALPROIC ACID,HYPERAMMONAEMIC ENCEPHALOPATHY,0.9898,1,2026-05-24,,,xgb-v1
704,DIAZEPAM,DRUG ABUSE,0.9898,1,2026-05-24,,,xgb-v1
705,IBRUTINIB,CYTOPENIA,0.9898,1,2026-05-24,,,xgb-v1
706,DIAZEPAM,BRADYPNOEA,0.9898,1,2026-05-24,,,xgb-v1
707,DEXAMETHASONE,PLASMA CELL MYELOMA RECURRENT,0.9898,1,2026-05-24,,,xgb-v1
708,CISPLATIN,RADIATION PNEUMONITIS,0.9898,1,2026-05-24,,,xgb-v1
709,VINCRISTINE,ASPERGILLUS INFECTION,0.9898,1,2026-05-24,,,xgb-v1
710,NIVOLUMAB,MENINGITIS,0.9898,1,2026-05-24,,,xgb-v1
711,DUODOPA,MOTOR DYSFUNCTION,0.9898,1,2026-05-24,,,xgb-v1
712,ENBREL,DECREASED IMMUNE RESPONSIVENESS,0.9898,1,2026-05-24,,,xgb-v1
713,REVLIMID,MYELODYSPLASTIC SYNDROME,0.9898,1,2026-05-24,,,xgb-v1
714,CLOPIDOGREL,MYOCARDIAL ISCHAEMIA,0.9898,1,2026-05-24,,,xgb-v1
715,VELCADE,NEUROPATHY PERIPHERAL,0.9898,1,2026-05-24,,,xgb-v1
716,RIVAROXABAN,TRAUMATIC INTRACRANIAL HAEMORRHAGE,0.9898,1,2026-05-24,,,xgb-v1
717,HALOPERIDOL,ELECTROCARDIOGRAM QT PROLONGED,0.9898,1,2026-05-24,,,xgb-v1
718,AVASTIN,PERFORATION,0.9898,1,2026-05-24,,,xgb-v1
719,FENTANYL,RESPIRATORY DEPRESSION,0.9898,1,2026-05-24,,,xgb-v1
720,FUROSEMIDE,HYPOKALAEMIA,0.9898,1,2026-05-24,,,xgb-v1
721,KEYTRUDA,HEPATIC FUNCTION ABNORMAL,0.9898,1,2026-05-24,,,xgb-v1
722,LEVETIRACETAM,SEIZURE,0.9898,1,2026-05-24,,,xgb-v1
723,IBRUTINIB,RICHTER^S SYNDROME,0.9898,1,2026-05-24,,,xgb-v1
724,MYCOPHENOLATE MOFETIL,GRAFT VERSUS HOST DISEASE IN SKIN,0.9897,1,2026-05-24,,,xgb-v1
725,RISPERIDONE,DELIRIUM,0.9897,1,2026-05-24,,,xgb-v1
726,JAKAVI,ACUTE MYELOID LEUKAEMIA,0.9897,1,2026-05-24,,,xgb-v1
727,DUODOPA,VITAMIN B12 DEFICIENCY,0.9897,1,2026-05-24,,,xgb-v1
728,AMIODARONE,POTENTIATING DRUG INTERACTION,0.9897,1,2026-05-24,,,xgb-v1
729,CYTARABINE,CARDIOTOXICITY,0.9897,1,2026-05-24,,,xgb-v1
730,GLICLAZIDE,DIABETIC METABOLIC DECOMPENSATION,0.9897,1,2026-05-24,,,xgb-v1
731,AVASTIN,PROTEINURIA,0.9897,1,2026-05-24,,,xgb-v1
732,RITUXIMAB,DIFFUSE LARGE B-CELL LYMPHOMA,0.9897,1,2026-05-24,,,xgb-v1
733,BISOPROLOL,ELECTROLYTE IMBALANCE,0.9897,1,2026-05-24,,,xgb-v1
734,IDHIFA,ACUTE MYELOID LEUKAEMIA,0.9897,1,2026-05-24,,,xgb-v1
735,REVLIMID,DIFFUSE LARGE B-CELL LYMPHOMA,0.9897,1,2026-05-24,,,xgb-v1
736,APIXABAN,ISCHAEMIC STROKE,0.9897,1,2026-05-24,,,xgb-v1
737,CYCLOPHOSPHAMIDE,VENOOCCLUSIVE LIVER DISEASE,0.9897,1,2026-05-24,,,xgb-v1
738,TAMSULOSIN,BENIGN PROSTATIC HYPERPLASIA,0.9897,1,2026-05-24,,,xgb-v1
739,INSULIN GLARGINE,HYPOGLYCAEMIA,0.9897,1,2026-05-24,,,xgb-v1
740,TACROLIMUS,CRYPTOCOCCOSIS,0.9897,1,2026-05-24,,,xgb-v1
741,CLOZARIL,LUNG NEOPLASM MALIGNANT,0.9897,1,2026-05-24,,,xgb-v1
742,RIVAROXABAN,HAEMORRHAGE SUBCUTANEOUS,0.9897,1,2026-05-24,,,xgb-v1
743,SIMPONI,TUBERCULOSIS,0.9897,1,2026-05-24,,,xgb-v1
744,ASPIRIN,POST PROCEDURAL HAEMORRHAGE,0.9896,1,2026-05-24,,,xgb-v1
745,SANDOSTATIN LAR DEPOT,HEART RATE DECREASED,0.9896,1,2026-05-24,,,xgb-v1
746,MEROPENEM,PATHOGEN RESISTANCE,0.9896,1,2026-05-24,,,xgb-v1
747,LAMICTAL,EPILEPSY,0.9896,1,2026-05-24,,,xgb-v1
748,KRYXANA,DEATH,0.9896,1,2026-05-24,,,xgb-v1
749,ENALAPRIL,DRUG INTERACTION,0.9896,1,2026-05-24,,,xgb-v1
750,DUODOPA,THERAPEUTIC PRODUCT EFFECT VARIABLE,0.9896,1,2026-05-24,,,xgb-v1
751,MOXIFLOXACIN,ELECTROCARDIOGRAM QT PROLONGED,0.9896,1,2026-05-24,,,xgb-v1
752,CLOZARIL,SALIVARY HYPERSECRETION,0.9896,1,2026-05-24,,,xgb-v1
753,LANTUS,DEVICE LEAKAGE,0.9896,1,2026-05-24,,,xgb-v1
754,FLUOROURACIL,JUGULAR VEIN THROMBOSIS,0.9896,1,2026-05-24,,,xgb-v1
755,QUETIAPINE FUMARATE,NEUROLEPTIC MALIGNANT SYNDROME,0.9896,1,2026-05-24,,,xgb-v1
756,LETROZOLE,HEPATOTOXICITY,0.9896,1,2026-05-24,,,xgb-v1
757,GEMCITABINE HYDROCHLORIDE,PULMONARY EMBOLISM,0.9896,1,2026-05-24,,,xgb-v1
758,BACTRIM,AGRANULOCYTOSIS,0.9896,1,2026-05-24,,,xgb-v1
759,FOLINIC ACID,NEUROTOXICITY,0.9896,1,2026-05-24,,,xgb-v1
760,UPTRAVI,OEDEMA,0.9896,1,2026-05-24,,,xgb-v1
761,FUROSEMIDE,METABOLIC ALKALOSIS,0.9896,1,2026-05-24,,,xgb-v1
762,CELLCEPT,SCLERODERMA,0.9896,1,2026-05-24,,,xgb-v1
763,CISPLATIN,BICYTOPENIA,0.9895,1,2026-05-24,,,xgb-v1
764,METHOTREXATE,EPIDERMAL NECROSIS,0.9895,1,2026-05-24,,,xgb-v1
765,CAPECITABINE,STOMATITIS,0.9895,1,2026-05-24,,,xgb-v1
766,ABATACEPT,BRONCHITIS,0.9895,1,2026-05-24,,,xgb-v1
767,DUODOPA,HEAD INJURY,0.9895,1,2026-05-24,,,xgb-v1
768,CLOPIDOGREL,HAEMOPTYSIS,0.9895,1,2026-05-24,,,xgb-v1
769,ASPIRIN,SUBDURAL HAEMATOMA,0.9895,1,2026-05-24,,,xgb-v1
770,FOLINIC ACID,PORTAL HYPERTENSION,0.9895,1,2026-05-24,,,xgb-v1
771,REMICADE,LYMPHOMA,0.9895,1,2026-05-24,,,xgb-v1
772,ENALAPRIL,ATRIOVENTRICULAR BLOCK COMPLETE,0.9895,1,2026-05-24,,,xgb-v1
773,KARDEGIC,CEREBRAL HAEMORRHAGE,0.9894,1,2026-05-24,,,xgb-v1
774,PREDNISONE,DIFFUSE LARGE B-CELL LYMPHOMA RECURRENT,0.9894,1,2026-05-24,,,xgb-v1
775,TASIGNA,LEUKAEMIA,0.9894,1,2026-05-24,,,xgb-v1
776,AFINITOR,STOMATITIS,0.9894,1,2026-05-24,,,xgb-v1
777,INSULIN,DIABETES MELLITUS INADEQUATE CONTROL,0.9894,1,2026-05-24,,,xgb-v1
778,BISOPROLOL,VENTRICULAR HYPOKINESIA,0.9894,1,2026-05-24,,,xgb-v1
779,RITUXIMAB,CYTOMEGALOVIRUS INFECTION,0.9894,1,2026-05-24,,,xgb-v1
780,PREDNISOLONE,KIDNEY TRANSPLANT REJECTION,0.9894,1,2026-05-24,,,xgb-v1
781,RIVAROXABAN,INTRACARDIAC THROMBUS,0.9894,1,2026-05-24,,,xgb-v1
782,METHADONE,FOETAL EXPOSURE DURING PREGNANCY,0.9894,1,2026-05-24,,,xgb-v1
783,CANDESARTAN,PALLOR,0.9894,1,2026-05-24,,,xgb-v1
784,HUMALOG,BLOOD GLUCOSE ABNORMAL,0.9894,1,2026-05-24,,,xgb-v1
785,PEMBROLIZUMAB,HAEMOLYTIC ANAEMIA,0.9894,1,2026-05-24,,,xgb-v1
786,LORAZEPAM,NEUROLEPTIC MALIGNANT SYNDROME,0.9894,1,2026-05-24,,,xgb-v1
787,PROPOFOL,ANAPHYLACTIC SHOCK,0.9894,1,2026-05-24,,,xgb-v1
788,CYTARABINE,MULTIPLE ORGAN DYSFUNCTION SYNDROME,0.9894,1,2026-05-24,,,xgb-v1
789,DIGOXIN,HYPERTHYROIDISM,0.9894,1,2026-05-24,,,xgb-v1
790,OCREVUS,CYSTITIS,0.9894,1,2026-05-24,,,xgb-v1
791,TACROLIMUS,THROMBOTIC MICROANGIOPATHY,0.9894,1,2026-05-24,,,xgb-v1
792,CYTARABINE,SEPTIC SHOCK,0.9894,1,2026-05-24,,,xgb-v1
809,CLOPIDOGREL,ISCHAEMIC STROKE,0.9893,1,2026-05-24,,,xgb-v1
793,MELPHALAN,SECOND PRIMARY MALIGNANCY,0.9893,1,2026-05-24,,,xgb-v1
794,HUMIRA,RHEUMATOID LUNG,0.9893,1,2026-05-24,,,xgb-v1
795,BISOPROLOL,LABELLED DRUG-DRUG INTERACTION MEDICATION ERROR,0.9893,1,2026-05-24,,,xgb-v1
796,METFORMIN,ANURIA,0.9893,1,2026-05-24,,,xgb-v1
797,PROLIA,OSTEOPOROTIC FRACTURE,0.9893,1,2026-05-24,,,xgb-v1
798,INSULIN GLARGINE,HYPERGLYCAEMIA,0.9893,1,2026-05-24,,,xgb-v1
799,EVEROLIMUS,TRANSPLANT REJECTION,0.9893,1,2026-05-24,,,xgb-v1
800,CEFTRIAXONE,ELECTROCARDIOGRAM QT PROLONGED,0.9893,1,2026-05-24,,,xgb-v1
801,VALPROIC ACID,DRUG INTERACTION,0.9893,1,2026-05-24,,,xgb-v1
802,AVASTIN,RENAL TUBULAR DISORDER,0.9893,1,2026-05-24,,,xgb-v1
803,ABATACEPT,LOCALISED INFECTION,0.9893,1,2026-05-24,,,xgb-v1
804,VALSARTAN,RENAL CANCER,0.9893,1,2026-05-24,,,xgb-v1
805,OXALIPLATIN,BONE MARROW FAILURE,0.9893,1,2026-05-24,,,xgb-v1
806,FLUOROURACIL,DEVICE RELATED INFECTION,0.9893,1,2026-05-24,,,xgb-v1
807,SALBUTAMOL,WHEEZING,0.9893,1,2026-05-24,,,xgb-v1
808,DABIGATRAN,ANTICOAGULATION DRUG LEVEL INCREASED,0.9893,1,2026-05-24,,,xgb-v1
810,RISPERIDONE,BRADYKINESIA,0.9893,1,2026-05-24,,,xgb-v1
811,XGEVA,HYPOCALCAEMIA,0.9892,1,2026-05-24,,,xgb-v1
812,AMBRISENTAN,OEDEMA,0.9892,1,2026-05-24,,,xgb-v1
813,DOXORUBICIN,DIFFUSE LARGE B-CELL LYMPHOMA,0.9892,1,2026-05-24,,,xgb-v1
814,ASPIRIN,HAEMORRHAGE INTRACRANIAL,0.9892,1,2026-05-24,,,xgb-v1
815,APIXABAN,EXTRADURAL HAEMATOMA,0.9892,1,2026-05-24,,,xgb-v1
816,OPDIVO,SECONDARY ADRENOCORTICAL INSUFFICIENCY,0.9892,1,2026-05-24,,,xgb-v1
817,DUODOPA,CHOKING,0.9892,1,2026-05-24,,,xgb-v1
818,CLONAZEPAM,COMPLETED SUICIDE,0.9892,1,2026-05-24,,,xgb-v1
819,IPILIMUMAB,HEPATOTOXICITY,0.9892,1,2026-05-24,,,xgb-v1
820,FLUOROURACIL,DERMATITIS ACNEIFORM,0.9892,1,2026-05-24,,,xgb-v1
821,KARDEGIC,COMA,0.9892,1,2026-05-24,,,xgb-v1
822,SEROQUEL,DEMENTIA,0.9892,1,2026-05-24,,,xgb-v1
823,KEPPRA,GENERALISED TONIC-CLONIC SEIZURE,0.9892,1,2026-05-24,,,xgb-v1
824,ALLOPURINOL,STEVENS-JOHNSON SYNDROME,0.9892,1,2026-05-24,,,xgb-v1
825,FENTANYL,RESPIRATORY ARREST,0.9892,1,2026-05-24,,,xgb-v1
826,INSULIN,EUGLYCAEMIC DIABETIC KETOACIDOSIS,0.9892,1,2026-05-24,,,xgb-v1
827,LETROZOLE,OSTEONECROSIS OF JAW,0.9892,1,2026-05-24,,,xgb-v1
828,RIVAROXABAN,HEMIPLEGIA,0.9892,1,2026-05-24,,,xgb-v1
829,IRBESARTAN,LACTIC ACIDOSIS,0.9892,1,2026-05-24,,,xgb-v1
830,DIGOXIN,ORTHOPNOEA,0.9892,1,2026-05-24,,,xgb-v1
831,XGEVA,BONE PAIN,0.9891,1,2026-05-24,,,xgb-v1
832,ASPIRIN,GASTRIC ULCER HAEMORRHAGE,0.9891,1,2026-05-24,,,xgb-v1
833,REVLIMID,PLASMACYTOMA,0.9891,1,2026-05-24,,,xgb-v1
834,ASPIRIN,GASTROINTESTINAL HAEMORRHAGE,0.9891,1,2026-05-24,,,xgb-v1
835,DOXORUBICIN,TUMOUR LYSIS SYNDROME,0.9891,1,2026-05-24,,,xgb-v1
836,MYCOPHENOLATE,CYTOMEGALOVIRUS INFECTION,0.9891,1,2026-05-24,,,xgb-v1
837,PREDNISOLONE,EPSTEIN-BARR VIRUS INFECTION,0.9891,1,2026-05-24,,,xgb-v1
838,HUMIRA,INTESTINAL RESECTION,0.9891,1,2026-05-24,,,xgb-v1
839,HUMIRA,INTESTINAL OPERATION,0.9891,1,2026-05-24,,,xgb-v1
840,ASPIRIN,LOWER GASTROINTESTINAL HAEMORRHAGE,0.9891,1,2026-05-24,,,xgb-v1
841,HUMALOG,KETOACIDOSIS,0.9891,1,2026-05-24,,,xgb-v1
842,JANUVIA,BLOOD GLUCOSE INCREASED,0.9891,1,2026-05-24,,,xgb-v1
843,TACROLIMUS,DELAYED GRAFT FUNCTION,0.9891,1,2026-05-24,,,xgb-v1
844,ENTRESTO,RENAL DISORDER,0.9891,1,2026-05-24,,,xgb-v1
845,CLINDAMYCIN,CLOSTRIDIUM DIFFICILE INFECTION,0.9891,1,2026-05-24,,,xgb-v1
846,FLUOROURACIL,NEUROTOXICITY,0.9891,1,2026-05-24,,,xgb-v1
847,HUMIRA,ILEAL STENOSIS,0.9891,1,2026-05-24,,,xgb-v1
848,RIBAVIRIN,ASCITES,0.9891,1,2026-05-24,,,xgb-v1
849,CARBOPLATIN,POSTERIOR REVERSIBLE ENCEPHALOPATHY SYNDROME,0.9891,1,2026-05-24,,,xgb-v1
850,SANDOSTATIN LAR DEPOT,EATING DISORDER,0.9891,1,2026-05-24,,,xgb-v1
851,IRBESARTAN,PEMPHIGOID,0.9891,1,2026-05-24,,,xgb-v1
852,FLUDARABINE,FEBRILE NEUTROPENIA,0.9891,1,2026-05-24,,,xgb-v1
853,ACLASTA,OSTEOPOROSIS,0.9891,1,2026-05-24,,,xgb-v1
854,RIVAROXABAN,ECCHYMOSIS,0.9891,1,2026-05-24,,,xgb-v1
855,PROLIA,TOOTH ABSCESS,0.9891,1,2026-05-24,,,xgb-v1
856,BENADRYL,BLOOD PRESSURE SYSTOLIC INCREASED,0.9891,1,2026-05-24,,,xgb-v1
857,CODEINE,LIVER FUNCTION TEST ABNORMAL,0.9891,1,2026-05-24,,,xgb-v1
858,IBRUTINIB,SKIN INFECTION,0.9891,1,2026-05-24,,,xgb-v1
859,TACROLIMUS,JC VIRUS INFECTION,0.9891,1,2026-05-24,,,xgb-v1
860,ACETAMINOPHEN,HEPATITIS FULMINANT,0.9891,1,2026-05-24,,,xgb-v1
861,AZATHIOPRINE,NODULAR REGENERATIVE HYPERPLASIA,0.9891,1,2026-05-24,,,xgb-v1
862,PREDNISOLONE,INFECTION REACTIVATION,0.9891,1,2026-05-24,,,xgb-v1
863,PREDNISOLONE,LIVER ABSCESS,0.9891,1,2026-05-24,,,xgb-v1
864,DABIGATRAN,ISCHAEMIA,0.989,1,2026-05-24,,,xgb-v1
865,ETOPOSIDE,ENTERITIS,0.989,1,2026-05-24,,,xgb-v1
866,TACROLIMUS,MYCOBACTERIAL INFECTION,0.989,1,2026-05-24,,,xgb-v1
867,CEFTRIAXONE,DRUG REACTION WITH EOSINOPHILIA AND SYSTEMIC SYMPTOMS,0.989,1,2026-05-24,,,xgb-v1
868,HUMIRA,MEDICAL DEVICE IMPLANTATION,0.989,1,2026-05-24,,,xgb-v1
869,OLANZAPINE,SALIVARY HYPERSECRETION,0.989,1,2026-05-24,,,xgb-v1
870,TACROLIMUS,PNEUMONIA PSEUDOMONAL,0.989,1,2026-05-24,,,xgb-v1
871,FORXIGA,FOURNIER^S GANGRENE,0.989,1,2026-05-24,,,xgb-v1
872,PEMBROLIZUMAB,TYPE 1 DIABETES MELLITUS,0.989,1,2026-05-24,,,xgb-v1
873,VALSARTAN,BLADDER CANCER,0.989,1,2026-05-24,,,xgb-v1
874,MEROPENEM,MULTIPLE ORGAN DYSFUNCTION SYNDROME,0.989,1,2026-05-24,,,xgb-v1
875,HUMIRA,BREAST CANCER FEMALE,0.989,1,2026-05-24,,,xgb-v1
876,CLARITHROMYCIN,SWOLLEN TONGUE,0.989,1,2026-05-24,,,xgb-v1
877,NIVOLUMAB,FULMINANT TYPE 1 DIABETES MELLITUS,0.989,1,2026-05-24,,,xgb-v1
878,MYCOPHENOLATE MOFETIL,BRONCHOPULMONARY ASPERGILLOSIS,0.989,1,2026-05-24,,,xgb-v1
879,TACROLIMUS,LIVER TRANSPLANT REJECTION,0.989,1,2026-05-24,,,xgb-v1
880,PROLIA,BLOOD CALCIUM DECREASED,0.989,1,2026-05-24,,,xgb-v1
881,IRINOTECAN HCL,NEUTROPENIA,0.989,1,2026-05-24,,,xgb-v1
882,ENTRESTO,GLOMERULAR FILTRATION RATE DECREASED,0.989,1,2026-05-24,,,xgb-v1
883,KISQALI,METASTASES TO LIVER,0.989,1,2026-05-24,,,xgb-v1
884,BENDAMUSTINE,THROMBOCYTOPENIA,0.989,1,2026-05-24,,,xgb-v1
885,MELPHALAN,PLASMA CELL MYELOMA,0.989,1,2026-05-24,,,xgb-v1
886,HALOPERIDOL,NEUROLEPTIC MALIGNANT SYNDROME,0.989,1,2026-05-24,,,xgb-v1
887,CYCLOPHOSPHAMIDE,FEBRILE NEUTROPENIA,0.989,1,2026-05-24,,,xgb-v1
888,LOPERAMIDE,ELECTROCARDIOGRAM QT PROLONGED,0.9889,1,2026-05-24,,,xgb-v1
889,SOLU-MEDROL,TRANSPLANT REJECTION,0.9889,1,2026-05-24,,,xgb-v1
890,RITUXIMAB,HYPOGAMMAGLOBULINAEMIA,0.9889,1,2026-05-24,,,xgb-v1
891,CLOZARIL,WHITE BLOOD CELL COUNT DECREASED,0.9889,1,2026-05-24,,,xgb-v1
892,XGEVA,PAIN IN JAW,0.9889,1,2026-05-24,,,xgb-v1
893,DOXORUBICIN,FEBRILE NEUTROPENIA,0.9889,1,2026-05-24,,,xgb-v1
894,TACROLIMUS,CHRONIC ALLOGRAFT NEPHROPATHY,0.9889,1,2026-05-24,,,xgb-v1
895,RITUXIMAB,KAPOSI^S SARCOMA,0.9889,1,2026-05-24,,,xgb-v1
896,CYTARABINE,NEOPLASM RECURRENCE,0.9889,1,2026-05-24,,,xgb-v1
897,ALIMTA,MALIGNANT NEOPLASM PROGRESSION,0.9889,1,2026-05-24,,,xgb-v1
898,ENTRESTO,ISCHAEMIC CARDIOMYOPATHY,0.9889,1,2026-05-24,,,xgb-v1
899,DABIGATRAN,PROCOAGULANT THERAPY,0.9889,1,2026-05-24,,,xgb-v1
900,CLARITHROMYCIN,DRUG-INDUCED LIVER INJURY,0.9889,1,2026-05-24,,,xgb-v1
901,IMBRUVICA,HAEMORRHAGIC DIATHESIS,0.9889,1,2026-05-24,,,xgb-v1
902,PROPOFOL,CARDIAC ARREST,0.9889,1,2026-05-24,,,xgb-v1
903,FOLINIC ACID,ACUTE CORONARY SYNDROME,0.9889,1,2026-05-24,,,xgb-v1
904,DEXAMETHASONE,NEUROPATHY PERIPHERAL,0.9889,1,2026-05-24,,,xgb-v1
905,MYCOPHENOLATE MOFETIL,THROMBOTIC MICROANGIOPATHY,0.9889,1,2026-05-24,,,xgb-v1
906,SPIRONOLACTONE,EJECTION FRACTION DECREASED,0.9889,1,2026-05-24,,,xgb-v1
907,OPSUMIT,HOSPITALISATION,0.9889,1,2026-05-24,,,xgb-v1
908,CARBOPLATIN,OESOPHAGITIS,0.9889,1,2026-05-24,,,xgb-v1
909,LANTUS,HYPERGLYCAEMIA,0.9889,1,2026-05-24,,,xgb-v1
910,FILGRASTIM,ACUTE MYELOID LEUKAEMIA,0.9889,1,2026-05-24,,,xgb-v1
911,INSULIN GLARGINE,RENAL DISORDER,0.9889,1,2026-05-24,,,xgb-v1
912,MEROPENEM,ANURIA,0.9889,1,2026-05-24,,,xgb-v1
913,PEMBROLIZUMAB,HYPOTHYROIDISM,0.9888,1,2026-05-24,,,xgb-v1
914,ASPIRIN,CORONARY ARTERY OCCLUSION,0.9888,1,2026-05-24,,,xgb-v1
915,CYCLOPHOSPHAMIDE,CYTOKINE RELEASE SYNDROME,0.9888,1,2026-05-24,,,xgb-v1
916,ENTRESTO,APPARENT DEATH,0.9888,1,2026-05-24,,,xgb-v1
917,AMIODARONE,ORTHOPNOEA,0.9888,1,2026-05-24,,,xgb-v1
918,PACLITAXEL,ANAPHYLACTIC SHOCK,0.9888,1,2026-05-24,,,xgb-v1
919,LAMIVUDINE,HIV INFECTION,0.9888,1,2026-05-24,,,xgb-v1
920,FLUOROURACIL,NEUROPATHY PERIPHERAL,0.9888,1,2026-05-24,,,xgb-v1
921,VENCLEXTA,MYELODYSPLASTIC SYNDROME,0.9888,1,2026-05-24,,,xgb-v1
922,ETANERCEPT,IRIDOCYCLITIS,0.9888,1,2026-05-24,,,xgb-v1
923,DABIGATRAN,HEAD INJURY,0.9888,1,2026-05-24,,,xgb-v1
924,AVASTIN,PALMAR-PLANTAR ERYTHRODYSAESTHESIA SYNDROME,0.9888,1,2026-05-24,,,xgb-v1
925,OLANZAPINE,AKATHISIA,0.9888,1,2026-05-24,,,xgb-v1
926,KISQALI,MALIGNANT NEOPLASM PROGRESSION,0.9888,1,2026-05-24,,,xgb-v1
927,METHYLPREDNISOLONE,ASPERGILLUS INFECTION,0.9888,1,2026-05-24,,,xgb-v1
928,RITUXIMAB,DIFFUSE LARGE B-CELL LYMPHOMA REFRACTORY,0.9888,1,2026-05-24,,,xgb-v1
929,FLUDARABINE,CYTOKINE RELEASE SYNDROME,0.9888,1,2026-05-24,,,xgb-v1
930,RANITIDINE,PROSTATE CANCER,0.9888,1,2026-05-24,,,xgb-v1
931,CARBOPLATIN,SKIN TOXICITY,0.9888,1,2026-05-24,,,xgb-v1
932,ADALIMUMAB,CROHN^S DISEASE,0.9888,1,2026-05-24,,,xgb-v1
933,VINCRISTINE SULFATE,POST TRANSPLANT LYMPHOPROLIFERATIVE DISORDER,0.9888,1,2026-05-24,,,xgb-v1
934,ETANERCEPT,GRAFT VERSUS HOST DISEASE IN GASTROINTESTINAL TRACT,0.9888,1,2026-05-24,,,xgb-v1
935,OXALIPLATIN,STRESS CARDIOMYOPATHY,0.9888,1,2026-05-24,,,xgb-v1
936,LAMOTRIGINE,GENERALISED TONIC-CLONIC SEIZURE,0.9888,1,2026-05-24,,,xgb-v1
937,REVLIMID,RENAL DISORDER,0.9888,1,2026-05-24,,,xgb-v1
938,IPILIMUMAB,MYASTHENIA GRAVIS,0.9887,1,2026-05-24,,,xgb-v1
939,PANTOPRAZOLE,HYPOCALCAEMIA,0.9887,1,2026-05-24,,,xgb-v1
940,IRINOTECAN,BONE MARROW FAILURE,0.9887,1,2026-05-24,,,xgb-v1
941,RIVOTRIL,EPILEPSY,0.9887,1,2026-05-24,,,xgb-v1
942,ABILIFY,NEUROLEPTIC MALIGNANT SYNDROME,0.9887,1,2026-05-24,,,xgb-v1
943,CLOZARIL,GENERAL PHYSICAL CONDITION ABNORMAL,0.9887,1,2026-05-24,,,xgb-v1
944,APIXABAN,THALAMUS HAEMORRHAGE,0.9887,1,2026-05-24,,,xgb-v1
945,QUETIAPINE,NEUROLEPTIC MALIGNANT SYNDROME,0.9887,1,2026-05-24,,,xgb-v1
946,TACROLIMUS,ENTEROCOCCAL INFECTION,0.9887,1,2026-05-24,,,xgb-v1
947,CEFTRIAXONE,ASPERGILLUS INFECTION,0.9887,1,2026-05-24,,,xgb-v1
948,FILGRASTIM,FEBRILE NEUTROPENIA,0.9887,1,2026-05-24,,,xgb-v1
949,VINCRISTINE SULFATE,DIFFUSE LARGE B-CELL LYMPHOMA,0.9887,1,2026-05-24,,,xgb-v1
950,IBRANCE,FULL BLOOD COUNT DECREASED,0.9887,1,2026-05-24,,,xgb-v1
951,QUETIAPINE,ALTERED STATE OF CONSCIOUSNESS,0.9887,1,2026-05-24,,,xgb-v1
952,REVLIMID,WHITE BLOOD CELL COUNT DECREASED,0.9887,1,2026-05-24,,,xgb-v1
953,IMATINIB,BLAST CELL CRISIS,0.9887,1,2026-05-24,,,xgb-v1
954,OLANZAPINE,NEUROLEPTIC MALIGNANT SYNDROME,0.9887,1,2026-05-24,,,xgb-v1
955,LAMOTRIGINE,SEIZURE,0.9887,1,2026-05-24,,,xgb-v1
956,SEROQUEL,PARKINSONISM,0.9887,1,2026-05-24,,,xgb-v1
957,FOLINIC ACID,STOMATITIS,0.9887,1,2026-05-24,,,xgb-v1
958,OPDIVO,RADIATION PNEUMONITIS,0.9887,1,2026-05-24,,,xgb-v1
959,APIXABAN,NEOPLASM MALIGNANT,0.9887,1,2026-05-24,,,xgb-v1
960,APIXABAN,GASTROINTESTINAL HAEMORRHAGE,0.9886,1,2026-05-24,,,xgb-v1
961,CLOZARIL,RED BLOOD CELL COUNT DECREASED,0.9886,1,2026-05-24,,,xgb-v1
962,OLAPARIB,ACUTE MYELOID LEUKAEMIA,0.9886,1,2026-05-24,,,xgb-v1
963,LORAZEPAM,DRUG ABUSE,0.9886,1,2026-05-24,,,xgb-v1
964,PROLIA,STRESS FRACTURE,0.9886,1,2026-05-24,,,xgb-v1
965,INFLIXIMAB,COLITIS ULCERATIVE,0.9886,1,2026-05-24,,,xgb-v1
966,ABILIFY,CATATONIA,0.9886,1,2026-05-24,,,xgb-v1
967,KEPPRA,EPILEPSY,0.9886,1,2026-05-24,,,xgb-v1
968,LETROZOLE,FULL BLOOD COUNT DECREASED,0.9886,1,2026-05-24,,,xgb-v1
969,HEPARIN,HEPARIN-INDUCED THROMBOCYTOPENIA,0.9886,1,2026-05-24,,,xgb-v1
970,CLOPIDOGREL,MUSCLE RUPTURE,0.9886,1,2026-05-24,,,xgb-v1
971,PREDNISONE,KAPOSI^S SARCOMA,0.9886,1,2026-05-24,,,xgb-v1
972,MYCOPHENOLATE,KIDNEY TRANSPLANT REJECTION,0.9886,1,2026-05-24,,,xgb-v1
973,HUMIRA,CHONDROPATHY,0.9886,1,2026-05-24,,,xgb-v1
974,ABATACEPT,GASTROINTESTINAL INFECTION,0.9886,1,2026-05-24,,,xgb-v1
975,CLOZARIL,WHITE BLOOD CELL COUNT INCREASED,0.9886,1,2026-05-24,,,xgb-v1
976,EVEROLIMUS,METASTASES TO BONE,0.9886,1,2026-05-24,,,xgb-v1
977,RAMIPRIL,PRODUCT PRESCRIBING ERROR,0.9885,1,2026-05-24,,,xgb-v1
978,PACLITAXEL,NEUROPATHY PERIPHERAL,0.9885,1,2026-05-24,,,xgb-v1
979,ALEMTUZUMAB,PROGRESSIVE MULTIFOCAL LEUKOENCEPHALOPATHY,0.9885,1,2026-05-24,,,xgb-v1
980,HYDROMORPHONE HCL,OVERDOSE,0.9885,1,2026-05-24,,,xgb-v1
981,PREDNISOLONE,MUCORMYCOSIS,0.9885,1,2026-05-24,,,xgb-v1
982,CLOZARIL,TROPONIN INCREASED,0.9885,1,2026-05-24,,,xgb-v1
983,QUETIAPINE,CATATONIA,0.9885,1,2026-05-24,,,xgb-v1
984,ETOPOSIDE,BONE MARROW FAILURE,0.9885,1,2026-05-24,,,xgb-v1
985,KEYTRUDA,LIVER DISORDER,0.9885,1,2026-05-24,,,xgb-v1
986,PACLITAXEL,PALMAR-PLANTAR ERYTHRODYSAESTHESIA SYNDROME,0.9885,1,2026-05-24,,,xgb-v1
987,ETOPOSIDE,PNEUMONIA KLEBSIELLA,0.9885,1,2026-05-24,,,xgb-v1
988,MYCOPHENOLATE MOFETIL,POSTERIOR REVERSIBLE ENCEPHALOPATHY SYNDROME,0.9885,1,2026-05-24,,,xgb-v1
989,METHADONE,RESPIRATORY ARREST,0.9885,1,2026-05-24,,,xgb-v1
990,HYDROXYCHLOROQUINE,CONTRAINDICATED PRODUCT ADMINISTERED,0.9885,1,2026-05-24,,,xgb-v1
991,AMIODARONE,ATRIAL TACHYCARDIA,0.9885,1,2026-05-24,,,xgb-v1
992,CARBOPLATIN,IMMUNE-MEDIATED ENTEROCOLITIS,0.9885,1,2026-05-24,,,xgb-v1
993,MOVICOL,HYPONATRAEMIA,0.9885,1,2026-05-24,,,xgb-v1
994,TACROLIMUS,ASPERGILLUS INFECTION,0.9885,1,2026-05-24,,,xgb-v1
995,CYTARABINE,VENOOCCLUSIVE LIVER DISEASE,0.9885,1,2026-05-24,,,xgb-v1
996,LOPERAMIDE,DRUG ABUSE,0.9885,1,2026-05-24,,,xgb-v1
997,IRINOTECAN,DISEASE PROGRESSION,0.9885,1,2026-05-24,,,xgb-v1
998,CAPECITABINE,NEUROTOXICITY,0.9885,1,2026-05-24,,,xgb-v1
999,APIXABAN,SPONTANEOUS HAEMATOMA,0.9885,1,2026-05-24,,,xgb-v1
1000,NIVOLUMAB,CORTISOL DECREASED,0.9885,1,2026-05-24,,,xgb-v1
1001,VELCADE,PLASMA CELL MYELOMA RECURRENT,0.9885,1,2026-05-24,,,xgb-v1
1002,OLANZAPINE,HYPOTHERMIA,0.9884,1,2026-05-24,,,xgb-v1
1003,LETROZOLE,MALIGNANT NEOPLASM PROGRESSION,0.9884,1,2026-05-24,,,xgb-v1
1004,XYREM,PSYCHOTIC DISORDER,0.9884,1,2026-05-24,,,xgb-v1
1005,AMBRISENTAN,TRANSFUSION,0.9884,1,2026-05-24,,,xgb-v1
1006,KEYTRUDA,HYPOPHYSITIS,0.9884,1,2026-05-24,,,xgb-v1
1007,OLANZAPINE,CATATONIA,0.9884,1,2026-05-24,,,xgb-v1
1008,TACROLIMUS,BRONCHOPULMONARY ASPERGILLOSIS,0.9884,1,2026-05-24,,,xgb-v1
1009,DIAZEPAM,SUICIDE ATTEMPT,0.9884,1,2026-05-24,,,xgb-v1
1010,MIRTAZAPINE,SEROTONIN SYNDROME,0.9884,1,2026-05-24,,,xgb-v1
1011,TACROLIMUS,NEPHROPATHY TOXIC,0.9884,1,2026-05-24,,,xgb-v1
1012,TACROLIMUS,VARICELLA ZOSTER VIRUS INFECTION,0.9884,1,2026-05-24,,,xgb-v1
1013,JARDIANCE,DIABETIC KETOACIDOSIS,0.9884,1,2026-05-24,,,xgb-v1
1014,ZOLPIDEM,DRUG ABUSE,0.9884,1,2026-05-24,,,xgb-v1
1015,OFEV,FLATULENCE,0.9884,1,2026-05-24,,,xgb-v1
1016,IBRUTINIB,PROGRESSIVE MULTIFOCAL LEUKOENCEPHALOPATHY,0.9884,1,2026-05-24,,,xgb-v1
1017,PACLITAXEL,LUNG ADENOCARCINOMA,0.9884,1,2026-05-24,,,xgb-v1
1018,CLARITHROMYCIN,PATHOGEN RESISTANCE,0.9884,1,2026-05-24,,,xgb-v1
1019,LEVEMIR,BLOOD GLUCOSE DECREASED,0.9884,1,2026-05-24,,,xgb-v1
1020,CLOZARIL,EOSINOPHIL COUNT INCREASED,0.9884,1,2026-05-24,,,xgb-v1
1021,UPTRAVI,DIALYSIS,0.9884,1,2026-05-24,,,xgb-v1
1022,ENOXAPARIN,SINUS BRADYCARDIA,0.9884,1,2026-05-24,,,xgb-v1
1023,CYTARABINE,FEBRILE NEUTROPENIA,0.9884,1,2026-05-24,,,xgb-v1
1024,METOCLOPRAMIDE,TOXIC EPIDERMAL NECROLYSIS,0.9884,1,2026-05-24,,,xgb-v1
1025,CYCLOPHOSPHAMIDE,PNEUMOCYSTIS JIROVECII PNEUMONIA,0.9884,1,2026-05-24,,,xgb-v1
1026,DUODOPA,COMMUNICATION DISORDER,0.9884,1,2026-05-24,,,xgb-v1
1027,SUTENT,AGEUSIA,0.9884,1,2026-05-24,,,xgb-v1
1028,DEXAMETHASONE,THERAPY PARTIAL RESPONDER,0.9883,1,2026-05-24,,,xgb-v1
1029,DEXAMETHASONE,OSTEOLYSIS,0.9883,1,2026-05-24,,,xgb-v1
1030,BISOPROLOL,WRONG PATIENT RECEIVED PRODUCT,0.9883,1,2026-05-24,,,xgb-v1
1031,ACLASTA,SPINAL FRACTURE,0.9883,1,2026-05-24,,,xgb-v1
1032,ENALAPRIL,ANURIA,0.9883,1,2026-05-24,,,xgb-v1
1033,VALSARTAN,RENAL NEOPLASM,0.9883,1,2026-05-24,,,xgb-v1
1034,FLUDARABINE,JC VIRUS INFECTION,0.9883,1,2026-05-24,,,xgb-v1
1035,OXALIPLATIN,THROAT TIGHTNESS,0.9883,1,2026-05-24,,,xgb-v1
1036,PACLITAXEL,METASTASES TO LIVER,0.9883,1,2026-05-24,,,xgb-v1
1037,DOXORUBICIN,MYELODYSPLASTIC SYNDROME,0.9883,1,2026-05-24,,,xgb-v1
1038,PREGABALIN,RESPIRATORY DEPRESSION,0.9883,1,2026-05-24,,,xgb-v1
1039,PANITUMUMAB,DERMATITIS ACNEIFORM,0.9883,1,2026-05-24,,,xgb-v1
1040,AFINITOR,BREAST CANCER,0.9883,1,2026-05-24,,,xgb-v1
1041,FILGRASTIM,NEUTROPENIA,0.9883,1,2026-05-24,,,xgb-v1
1042,ALLOPURINOL,RASH MACULO-PAPULAR,0.9883,1,2026-05-24,,,xgb-v1
1043,AVASTIN,OVARIAN CANCER,0.9883,1,2026-05-24,,,xgb-v1
1044,VELCADE,PLATELET COUNT DECREASED,0.9883,1,2026-05-24,,,xgb-v1
1045,CELLCEPT,CYTOMEGALOVIRUS INFECTION,0.9883,1,2026-05-24,,,xgb-v1
1046,REGORAFENIB,GASTROINTESTINAL STROMAL TUMOUR,0.9883,1,2026-05-24,,,xgb-v1
1047,LANTUS,HYPOGLYCAEMIC COMA,0.9883,1,2026-05-24,,,xgb-v1
1048,CERTOLIZUMAB PEGOL,URINARY TRACT INFECTION,0.9883,1,2026-05-24,,,xgb-v1
1049,RISPERDAL,NEUROLEPTIC MALIGNANT SYNDROME,0.9883,1,2026-05-24,,,xgb-v1
1050,TAMSULOSIN,EXTRADURAL HAEMATOMA,0.9883,1,2026-05-24,,,xgb-v1
1051,RITUXIMAB,THERAPY PARTIAL RESPONDER,0.9883,1,2026-05-24,,,xgb-v1
1052,CLOPIDOGREL,DUODENAL ULCER,0.9883,1,2026-05-24,,,xgb-v1
1053,IMBRUVICA,POST PROCEDURAL HAEMORRHAGE,0.9883,1,2026-05-24,,,xgb-v1
1054,LANSOPRAZOLE,HYPOCALCAEMIA,0.9882,1,2026-05-24,,,xgb-v1
1055,CEFTRIAXONE,ACUTE RESPIRATORY DISTRESS SYNDROME,0.9882,1,2026-05-24,,,xgb-v1
1056,FENTANYL,UNRESPONSIVE TO STIMULI,0.9882,1,2026-05-24,,,xgb-v1
1057,ZOMETA,OSTEOMYELITIS,0.9882,1,2026-05-24,,,xgb-v1
1058,CYTARABINE,CYTOMEGALOVIRUS VIRAEMIA,0.9882,1,2026-05-24,,,xgb-v1
1059,LEVOFLOXACIN,DRUG REACTION WITH EOSINOPHILIA AND SYSTEMIC SYMPTOMS,0.9882,1,2026-05-24,,,xgb-v1
1060,FLUOROURACIL,METASTASES TO LUNG,0.9882,1,2026-05-24,,,xgb-v1
1061,ETOPOSIDE,MYELODYSPLASTIC SYNDROME,0.9882,1,2026-05-24,,,xgb-v1
1062,HALOPERIDOL,SCHIZOPHRENIA,0.9882,1,2026-05-24,,,xgb-v1
1063,FOLINIC ACID,THROMBOCYTOPENIA,0.9882,1,2026-05-24,,,xgb-v1
1064,ETOPOSIDE,PROGRESSIVE MULTIFOCAL LEUKOENCEPHALOPATHY,0.9882,1,2026-05-24,,,xgb-v1
1065,ZOLPIDEM,COMPLETED SUICIDE,0.9882,1,2026-05-24,,,xgb-v1
1066,SOLIRIS,HAEMOGLOBINURIA,0.9882,1,2026-05-24,,,xgb-v1
1067,VENETOCLAX,NEUTROPENIA,0.9882,1,2026-05-24,,,xgb-v1
1068,REVLIMID,PLATELET COUNT DECREASED,0.9882,1,2026-05-24,,,xgb-v1
1069,SALBUTAMOL,ASTHMA,0.9882,1,2026-05-24,,,xgb-v1
1070,OXALIPLATIN,CARDIOTOXICITY,0.9882,1,2026-05-24,,,xgb-v1
1071,RYTMONORM,ATRIAL FIBRILLATION,0.9882,1,2026-05-24,,,xgb-v1
1072,TACROLIMUS,DIFFUSE LARGE B-CELL LYMPHOMA,0.9882,1,2026-05-24,,,xgb-v1
1073,LOVENOX,THROMBOCYTOPENIA,0.9882,1,2026-05-24,,,xgb-v1
1074,QUETIAPINE FUMARATE,SCHIZOPHRENIA,0.9882,1,2026-05-24,,,xgb-v1
1075,IMBRUVICA,TUMOUR LYSIS SYNDROME,0.9882,1,2026-05-24,,,xgb-v1
1076,TACROLIMUS,LYMPHOPROLIFERATIVE DISORDER,0.9881,1,2026-05-24,,,xgb-v1
1077,CYTARABINE,CLOSTRIDIUM DIFFICILE COLITIS,0.9881,1,2026-05-24,,,xgb-v1
1078,TADALAFIL,NASAL CONGESTION,0.9881,1,2026-05-24,,,xgb-v1
1079,CISPLATIN,MUCOSAL INFLAMMATION,0.9881,1,2026-05-24,,,xgb-v1
1080,CLOZARIL,LOWER RESPIRATORY TRACT INFECTION,0.9881,1,2026-05-24,,,xgb-v1
1081,RISPERIDONE,MUSCLE RIGIDITY,0.9881,1,2026-05-24,,,xgb-v1
1082,FLUDARABINE,ACUTE MYELOID LEUKAEMIA,0.9881,1,2026-05-24,,,xgb-v1
1083,VENLAFAXINE,SEROTONIN SYNDROME,0.9881,1,2026-05-24,,,xgb-v1
1084,SYMBICORT,WHEEZING,0.9881,1,2026-05-24,,,xgb-v1
1085,LETROZOLE,METASTASIS,0.9881,1,2026-05-24,,,xgb-v1
1086,RITUXIMAB,THROMBOTIC THROMBOCYTOPENIC PURPURA,0.9881,1,2026-05-24,,,xgb-v1
1087,EVEROLIMUS,METASTASES TO LIVER,0.9881,1,2026-05-24,,,xgb-v1
1088,OLANZAPINE,MANIA,0.9881,1,2026-05-24,,,xgb-v1
1089,CLOPIDOGREL,HAEMORRHAGIC DIATHESIS,0.9881,1,2026-05-24,,,xgb-v1
1090,BACTRIM,FACE OEDEMA,0.9881,1,2026-05-24,,,xgb-v1
1091,ATORVASTATIN,TYPE 2 DIABETES MELLITUS,0.9881,1,2026-05-24,,,xgb-v1
1092,CISPLATIN,PANCYTOPENIA,0.9881,1,2026-05-24,,,xgb-v1
1093,LEFLUNOMIDE,SYNOVITIS,0.9881,1,2026-05-24,,,xgb-v1
1094,AMLODIPINE BESILATE,BLOOD PRESSURE INADEQUATELY CONTROLLED,0.9881,1,2026-05-24,,,xgb-v1
1095,REVLIMID,SQUAMOUS CELL CARCINOMA OF SKIN,0.9881,1,2026-05-24,,,xgb-v1
1096,LANSOPRAZOLE,HYPONATRAEMIA,0.988,1,2026-05-24,,,xgb-v1
1097,METFORMIN,BLOOD LACTIC ACID INCREASED,0.988,1,2026-05-24,,,xgb-v1
1098,DEXAMETHASONE,FULL BLOOD COUNT DECREASED,0.988,1,2026-05-24,,,xgb-v1
1099,ADEMPAS,RIGHT VENTRICULAR FAILURE,0.988,1,2026-05-24,,,xgb-v1
1100,IMATINIB,FLUID RETENTION,0.988,1,2026-05-24,,,xgb-v1
1101,HYDROCHLOROTHIAZIDE,HYPONATRAEMIA,0.988,1,2026-05-24,,,xgb-v1
1102,PREDNISOLONE,EPSTEIN-BARR VIRAEMIA,0.988,1,2026-05-24,,,xgb-v1
1103,LAMOTRIGINE,DRUG REACTION WITH EOSINOPHILIA AND SYSTEMIC SYMPTOMS,0.988,1,2026-05-24,,,xgb-v1
1104,VALIUM,DRUG ABUSE,0.988,1,2026-05-24,,,xgb-v1
1105,CISPLATIN,NEUTROPENIC COLITIS,0.988,1,2026-05-24,,,xgb-v1
1106,FLUDARABINE,BK VIRUS INFECTION,0.988,1,2026-05-24,,,xgb-v1
1107,IMBRUVICA,NEOPLASM,0.988,1,2026-05-24,,,xgb-v1
1108,METHYLPREDNISOLONE,TRANSPLANT FAILURE,0.988,1,2026-05-24,,,xgb-v1
1109,AMIODARONE,CARDIAC FAILURE CONGESTIVE,0.988,1,2026-05-24,,,xgb-v1
1110,FUROSEMIDE,CARDIAC FAILURE ACUTE,0.988,1,2026-05-24,,,xgb-v1
1111,FOLINIC ACID,MALIGNANT NEOPLASM PROGRESSION,0.988,1,2026-05-24,,,xgb-v1
1112,KEPPRA,STATUS EPILEPTICUS,0.988,1,2026-05-24,,,xgb-v1
1113,ETOPOSIDE,HAEMOPHAGOCYTIC LYMPHOHISTIOCYTOSIS,0.988,1,2026-05-24,,,xgb-v1
1114,BISOPROLOL,INTRAVENTRICULAR HAEMORRHAGE,0.988,1,2026-05-24,,,xgb-v1
1115,ALPRAZOLAM,COMA,0.988,1,2026-05-24,,,xgb-v1
1116,HUMIRA,GASTROINTESTINAL FISTULA,0.988,1,2026-05-24,,,xgb-v1
1117,IMATINIB,CYTOPENIA,0.9879,1,2026-05-24,,,xgb-v1
1118,INFLIXIMAB,HAEMOPHAGOCYTIC LYMPHOHISTIOCYTOSIS,0.9879,1,2026-05-24,,,xgb-v1
1119,RITUXIMAB,LYMPHOCYTOSIS,0.9879,1,2026-05-24,,,xgb-v1
1120,OXYCODONE,RESPIRATORY DEPRESSION,0.9879,1,2026-05-24,,,xgb-v1
1121,DUODOPA,POST PROCEDURAL COMPLICATION,0.9879,1,2026-05-24,,,xgb-v1
1122,OPSUMIT,PULMONARY VENO-OCCLUSIVE DISEASE,0.9879,1,2026-05-24,,,xgb-v1
1123,ABATACEPT,CATARACT,0.9879,1,2026-05-24,,,xgb-v1
1124,PACLITAXEL,TUMOUR HAEMORRHAGE,0.9879,1,2026-05-24,,,xgb-v1
1125,ENTRESTO,SUDDEN CARDIAC DEATH,0.9879,1,2026-05-24,,,xgb-v1
1126,CYTARABINE,LEUKOENCEPHALOPATHY,0.9879,1,2026-05-24,,,xgb-v1
1127,ALDACTONE,HYPERKALAEMIA,0.9879,1,2026-05-24,,,xgb-v1
1128,IMATINIB,GASTROINTESTINAL STROMAL TUMOUR,0.9879,1,2026-05-24,,,xgb-v1
1129,RIVAROXABAN,RETINAL HAEMORRHAGE,0.9879,1,2026-05-24,,,xgb-v1
1130,METRONIDAZOLE,PATHOGEN RESISTANCE,0.9879,1,2026-05-24,,,xgb-v1
1131,ALPRAZOLAM,RESPIRATORY ARREST,0.9879,1,2026-05-24,,,xgb-v1
1132,TRASTUZUMAB,NAIL DISORDER,0.9879,1,2026-05-24,,,xgb-v1
1133,SERTRALINE,COLITIS MICROSCOPIC,0.9879,1,2026-05-24,,,xgb-v1
1134,CLEXANE,HAEMATURIA,0.9879,1,2026-05-24,,,xgb-v1
1135,IBRANCE,LEUKOPENIA,0.9879,1,2026-05-24,,,xgb-v1
1136,CICLOSPORIN,NEPHROPATHY TOXIC,0.9879,1,2026-05-24,,,xgb-v1
1137,QUETIAPINE,DRUG ABUSE,0.9878,1,2026-05-24,,,xgb-v1
1138,PROLIA,LUMBAR VERTEBRAL FRACTURE,0.9878,1,2026-05-24,,,xgb-v1
1139,LEVOFLOXACIN,RASH MACULO-PAPULAR,0.9878,1,2026-05-24,,,xgb-v1
1140,HUMIRA,ANAL FISTULA,0.9878,1,2026-05-24,,,xgb-v1
1141,DUODOPA,DISCHARGE,0.9878,1,2026-05-24,,,xgb-v1
1142,CLOZARIL,SEDATION,0.9878,1,2026-05-24,,,xgb-v1
1143,MEROPENEM,SEPTIC SHOCK,0.9878,1,2026-05-24,,,xgb-v1
1144,QUETIAPINE,COMA,0.9878,1,2026-05-24,,,xgb-v1
1145,PREDNISOLONE,DIFFUSE LARGE B-CELL LYMPHOMA RECURRENT,0.9878,1,2026-05-24,,,xgb-v1
1146,DIAZEPAM,COMA,0.9878,1,2026-05-24,,,xgb-v1
1147,OLANZAPINE,AGITATION,0.9878,1,2026-05-24,,,xgb-v1
1148,SUTENT,GLOSSODYNIA,0.9878,1,2026-05-24,,,xgb-v1
1149,CARBOPLATIN,FEBRILE NEUTROPENIA,0.9878,1,2026-05-24,,,xgb-v1
1150,DIGOXIN,URINE OUTPUT DECREASED,0.9878,1,2026-05-24,,,xgb-v1
1151,CIPROFLOXACIN,TENDON PAIN,0.9878,1,2026-05-24,,,xgb-v1
1152,FLUDARABINE,EPSTEIN-BARR VIRUS INFECTION,0.9878,1,2026-05-24,,,xgb-v1
1153,HUMIRA,ROTATOR CUFF SYNDROME,0.9878,1,2026-05-24,,,xgb-v1
1154,ABILIFY,IMPULSE-CONTROL DISORDER,0.9878,1,2026-05-24,,,xgb-v1
1155,CLOZARIL,MENTAL DISORDER,0.9878,1,2026-05-24,,,xgb-v1
1156,AMBRISENTAN,DYSPNOEA EXERTIONAL,0.9878,1,2026-05-24,,,xgb-v1
1157,PERINDOPRIL,HYPOKALAEMIA,0.9878,1,2026-05-24,,,xgb-v1
1158,QUETIAPINE,DELIRIUM,0.9878,1,2026-05-24,,,xgb-v1
1159,VINCRISTINE SULFATE,MYELODYSPLASTIC SYNDROME,0.9878,1,2026-05-24,,,xgb-v1
1160,MYCOPHENOLATE MOFETIL,PNEUMOCYSTIS JIROVECII PNEUMONIA,0.9878,1,2026-05-24,,,xgb-v1
1161,EUTHYROX,ARRHYTHMIA,0.9878,1,2026-05-24,,,xgb-v1
1162,FULVESTRANT,HEPATIC FAILURE,0.9878,1,2026-05-24,,,xgb-v1
1163,ARAVA,CONTRAINDICATED PRODUCT ADMINISTERED,0.9878,1,2026-05-24,,,xgb-v1
1164,VANCOMYCIN,CLOSTRIDIUM DIFFICILE INFECTION,0.9877,1,2026-05-24,,,xgb-v1
1165,FLUOROURACIL,PORTAL HYPERTENSION,0.9877,1,2026-05-24,,,xgb-v1
1166,DOXORUBICIN,MUCOSAL INFLAMMATION,0.9877,1,2026-05-24,,,xgb-v1
1167,NUCALA,BRONCHIECTASIS,0.9877,1,2026-05-24,,,xgb-v1
1168,TRACLEER,PULMONARY ARTERIAL HYPERTENSION,0.9877,1,2026-05-24,,,xgb-v1
1169,IRINOTECAN,NEUTROPHIL COUNT DECREASED,0.9877,1,2026-05-24,,,xgb-v1
1170,METHYLPREDNISOLONE,MUCORMYCOSIS,0.9877,1,2026-05-24,,,xgb-v1
1171,KEPPRA,CYTOKINE RELEASE SYNDROME,0.9877,1,2026-05-24,,,xgb-v1
1172,CYTARABINE,MUCOSAL INFLAMMATION,0.9877,1,2026-05-24,,,xgb-v1
1173,SOLU-MEDROL,INFUSION RELATED REACTION,0.9877,1,2026-05-24,,,xgb-v1
1174,LETROZOLE,BLOOD COUNT ABNORMAL,0.9877,1,2026-05-24,,,xgb-v1
1175,IRINOTECAN,ILEUS,0.9877,1,2026-05-24,,,xgb-v1
1176,KEYTRUDA,HYPOPITUITARISM,0.9877,1,2026-05-24,,,xgb-v1
1177,PROLIA,MULTIPLE FRACTURES,0.9877,1,2026-05-24,,,xgb-v1
1178,VOTRIENT,RENAL CELL CARCINOMA,0.9877,1,2026-05-24,,,xgb-v1
1179,LEVEMIR,BLOOD GLUCOSE ABNORMAL,0.9877,1,2026-05-24,,,xgb-v1
1180,FUROSEMIDE,HYPERSENSITIVITY VASCULITIS,0.9877,1,2026-05-24,,,xgb-v1
1181,UPTRAVI,SCLERODERMA,0.9877,1,2026-05-24,,,xgb-v1
1182,CLOPIDOGREL,RETROPERITONEAL HAEMORRHAGE,0.9877,1,2026-05-24,,,xgb-v1
1183,ATEZOLIZUMAB,HYPOTHYROIDISM,0.9877,1,2026-05-24,,,xgb-v1
1184,TADALAFIL,RIGHT VENTRICULAR FAILURE,0.9877,1,2026-05-24,,,xgb-v1
1185,DASATINIB,BLAST CRISIS IN MYELOGENOUS LEUKAEMIA,0.9877,1,2026-05-24,,,xgb-v1
1186,VANCOMYCIN,NEPHROPATHY TOXIC,0.9877,1,2026-05-24,,,xgb-v1
1187,NOVORAPID,HYPOGLYCAEMIA,0.9877,1,2026-05-24,,,xgb-v1
1188,OPDIVO,ENCEPHALITIS,0.9876,1,2026-05-24,,,xgb-v1
1189,TACROLIMUS,ADENOVIRUS INFECTION,0.9876,1,2026-05-24,,,xgb-v1
1190,PROPOFOL,MULTIPLE-DRUG RESISTANCE,0.9876,1,2026-05-24,,,xgb-v1
1191,JARDIANCE,GANGRENE,0.9876,1,2026-05-24,,,xgb-v1
1192,IFOSFAMIDE,FEBRILE NEUTROPENIA,0.9876,1,2026-05-24,,,xgb-v1
1193,ENBREL,KNEE OPERATION,0.9876,1,2026-05-24,,,xgb-v1
1194,CISPLATIN,NEUTROPENIC SEPSIS,0.9876,1,2026-05-24,,,xgb-v1
1195,LORAZEPAM,CATATONIA,0.9876,1,2026-05-24,,,xgb-v1
1196,TYSABRI,CENTRAL NERVOUS SYSTEM LESION,0.9876,1,2026-05-24,,,xgb-v1
1197,KEYTRUDA,TOXIC EPIDERMAL NECROLYSIS,0.9876,1,2026-05-24,,,xgb-v1
1198,IMATINIB,PHILADELPHIA CHROMOSOME POSITIVE,0.9876,1,2026-05-24,,,xgb-v1
1199,BRAFTOVI,PRODUCT USE IN UNAPPROVED INDICATION,0.9876,1,2026-05-24,,,xgb-v1
1200,TACROLIMUS,HUMAN HERPESVIRUS 6 INFECTION,0.9876,1,2026-05-24,,,xgb-v1
1201,IPILIMUMAB,HYPONATRAEMIA,0.9876,1,2026-05-24,,,xgb-v1
1202,AZATHIOPRINE,DRUG REACTION WITH EOSINOPHILIA AND SYSTEMIC SYMPTOMS,0.9876,1,2026-05-24,,,xgb-v1
1203,TASIGNA,CYTOGENETIC ANALYSIS ABNORMAL,0.9876,1,2026-05-24,,,xgb-v1
1204,ABATACEPT,GALLBLADDER DISORDER,0.9876,1,2026-05-24,,,xgb-v1
1205,QUETIAPINE,COMPLETED SUICIDE,0.9876,1,2026-05-24,,,xgb-v1
1206,TRAMADOL,SEROTONIN SYNDROME,0.9876,1,2026-05-24,,,xgb-v1
1207,METFORMIN,DIABETIC FOOT,0.9876,1,2026-05-24,,,xgb-v1
1208,HUMALOG,DIABETIC RETINOPATHY,0.9876,1,2026-05-24,,,xgb-v1
1209,RAMIPRIL,ELECTROLYTE IMBALANCE,0.9876,1,2026-05-24,,,xgb-v1
1210,ESCITALOPRAM,SEROTONIN SYNDROME,0.9876,1,2026-05-24,,,xgb-v1
1211,TECFIDERA,CENTRAL NERVOUS SYSTEM LESION,0.9876,1,2026-05-24,,,xgb-v1
1212,QUETIAPINE FUMARATE,SUICIDE ATTEMPT,0.9876,1,2026-05-24,,,xgb-v1
1213,VINCRISTINE SULFATE,FEBRILE NEUTROPENIA,0.9876,1,2026-05-24,,,xgb-v1
1214,LETROZOLE,BONE LESION,0.9876,1,2026-05-24,,,xgb-v1
1215,AMIODARONE,RESPIRATORY FAILURE,0.9876,1,2026-05-24,,,xgb-v1
1216,CYCLOSPORINE,TRANSPLANT REJECTION,0.9875,1,2026-05-24,,,xgb-v1
1217,FLUCONAZOLE,PATHOGEN RESISTANCE,0.9875,1,2026-05-24,,,xgb-v1
1218,MELPHALAN,NEUROPATHY PERIPHERAL,0.9875,1,2026-05-24,,,xgb-v1
1219,HUMIRA,JOINT DISLOCATION,0.9875,1,2026-05-24,,,xgb-v1
1220,METHYLPREDNISOLONE,STRONGYLOIDIASIS,0.9875,1,2026-05-24,,,xgb-v1
1221,VENETOCLAX,TUMOUR LYSIS SYNDROME,0.9875,1,2026-05-24,,,xgb-v1
1222,LAMIVUDINE,VIRAL LOAD INCREASED,0.9875,1,2026-05-24,,,xgb-v1
1223,TACROLIMUS,ESCHERICHIA INFECTION,0.9875,1,2026-05-24,,,xgb-v1
1224,PAROXETINE,INAPPROPRIATE ANTIDIURETIC HORMONE SECRETION,0.9875,1,2026-05-24,,,xgb-v1
1225,NIVOLUMAB,HYPERCALCAEMIA,0.9875,1,2026-05-24,,,xgb-v1
1226,AZATHIOPRINE,COLITIS ULCERATIVE,0.9875,1,2026-05-24,,,xgb-v1
1227,AVASTIN,GASTROINTESTINAL PERFORATION,0.9875,1,2026-05-24,,,xgb-v1
1228,RAMIPRIL,CIRCULATORY COLLAPSE,0.9875,1,2026-05-24,,,xgb-v1
1229,INSULIN GLARGINE,GLYCOSYLATED HAEMOGLOBIN INCREASED,0.9875,1,2026-05-24,,,xgb-v1
1230,DUODOPA,SALIVARY HYPERSECRETION,0.9875,1,2026-05-24,,,xgb-v1
1231,SYMBICORT,INTENTIONAL PRODUCT MISUSE,0.9875,1,2026-05-24,,,xgb-v1
1232,AVASTIN,INTESTINAL PERFORATION,0.9875,1,2026-05-24,,,xgb-v1
1233,INSULIN,DIABETIC KETOACIDOSIS,0.9875,1,2026-05-24,,,xgb-v1
1234,TRACLEER,PULMONARY HYPERTENSION,0.9874,1,2026-05-24,,,xgb-v1
1235,HALOPERIDOL,RESTLESSNESS,0.9874,1,2026-05-24,,,xgb-v1
1236,VELCADE,PLASMACYTOMA,0.9874,1,2026-05-24,,,xgb-v1
1237,CLOPIDOGREL,RETINAL ARTERY OCCLUSION,0.9874,1,2026-05-24,,,xgb-v1
1238,RIVAROXABAN,SPLENIC RUPTURE,0.9874,1,2026-05-24,,,xgb-v1
1239,ADCIRCA,FLUID RETENTION,0.9874,1,2026-05-24,,,xgb-v1
1240,ADCIRCA,NASAL CONGESTION,0.9874,1,2026-05-24,,,xgb-v1
1241,HALOPERIDOL,DELIRIUM,0.9874,1,2026-05-24,,,xgb-v1
1242,UPTRAVI,DYSPNOEA EXERTIONAL,0.9874,1,2026-05-24,,,xgb-v1
1243,IMBRUVICA,ONYCHOCLASIS,0.9874,1,2026-05-24,,,xgb-v1
1244,PACLITAXEL,METASTASES TO CENTRAL NERVOUS SYSTEM,0.9874,1,2026-05-24,,,xgb-v1
1245,CARBOPLATIN,FAECALOMA,0.9874,1,2026-05-24,,,xgb-v1
1246,SOLIRIS,HAEMOLYSIS,0.9874,1,2026-05-24,,,xgb-v1
1247,OXALIPLATIN ACCORD,OFF LABEL USE,0.9874,1,2026-05-24,,,xgb-v1
1248,LEVETIRACETAM,STATUS EPILEPTICUS,0.9874,1,2026-05-24,,,xgb-v1
1249,PREDNISOLONE,BK VIRUS INFECTION,0.9873,1,2026-05-24,,,xgb-v1
1250,VANCOMYCIN,CLOSTRIDIUM DIFFICILE COLITIS,0.9873,1,2026-05-24,,,xgb-v1
1251,AMBRISENTAN,SCLERODERMA,0.9873,1,2026-05-24,,,xgb-v1
1252,HUMALOG,EXPIRED PRODUCT ADMINISTERED,0.9873,1,2026-05-24,,,xgb-v1
1253,BEVACIZUMAB,METASTASES TO LUNG,0.9873,1,2026-05-24,,,xgb-v1
1254,REVLIMID,ACUTE LYMPHOCYTIC LEUKAEMIA,0.9873,1,2026-05-24,,,xgb-v1
1255,SOLIRIS,MENINGITIS,0.9873,1,2026-05-24,,,xgb-v1
1256,PROPRANOLOL,BRADYCARDIA,0.9873,1,2026-05-24,,,xgb-v1
1257,CLOPIDOGREL,HAEMORRHAGE,0.9873,1,2026-05-24,,,xgb-v1
1258,CYTARABINE,MYELODYSPLASTIC SYNDROME,0.9873,1,2026-05-24,,,xgb-v1
1259,RITUXIMAB,CENTRAL NERVOUS SYSTEM LYMPHOMA,0.9873,1,2026-05-24,,,xgb-v1
1260,CLOZARIL,SCHIZOPHRENIA,0.9873,1,2026-05-24,,,xgb-v1
1261,AMLODIPINE,NODAL RHYTHM,0.9873,1,2026-05-24,,,xgb-v1
1262,INSULIN GLARGINE,DIABETIC FOOT,0.9873,1,2026-05-24,,,xgb-v1
1263,CITALOPRAM,SEROTONIN SYNDROME,0.9873,1,2026-05-24,,,xgb-v1
1264,ZYPREXA,DYSKINESIA,0.9873,1,2026-05-24,,,xgb-v1
1265,SERTRALINE,SEROTONIN SYNDROME,0.9873,1,2026-05-24,,,xgb-v1
1266,VOTRIENT,METASTASES TO LUNG,0.9873,1,2026-05-24,,,xgb-v1
1267,CARBOPLATIN,LARGE INTESTINE PERFORATION,0.9873,1,2026-05-24,,,xgb-v1
1268,IBRANCE,BONE MARROW FAILURE,0.9873,1,2026-05-24,,,xgb-v1
1269,BEVACIZUMAB,BACTERAEMIA,0.9873,1,2026-05-24,,,xgb-v1
1270,APIXABAN,TRAUMATIC HAEMATOMA,0.9873,1,2026-05-24,,,xgb-v1
1271,SUTENT,ORAL PAIN,0.9873,1,2026-05-24,,,xgb-v1
1272,CLOPIDOGREL,ARTERIOSCLEROSIS,0.9873,1,2026-05-24,,,xgb-v1
1273,QUETIAPINE,SUICIDE ATTEMPT,0.9873,1,2026-05-24,,,xgb-v1
1274,RITUXIMAB,JC VIRUS INFECTION,0.9873,1,2026-05-24,,,xgb-v1
1275,MYCOPHENOLATE MOFETIL,MUCORMYCOSIS,0.9873,1,2026-05-24,,,xgb-v1
1276,RIVAROXABAN,IRON DEFICIENCY ANAEMIA,0.9872,1,2026-05-24,,,xgb-v1
1277,METHYLPREDNISOLONE,POST TRANSPLANT LYMPHOPROLIFERATIVE DISORDER,0.9872,1,2026-05-24,,,xgb-v1
1278,DABIGATRAN,HEART TRANSPLANT,0.9872,1,2026-05-24,,,xgb-v1
1279,PACLITAXEL,NAIL DISORDER,0.9872,1,2026-05-24,,,xgb-v1
1280,OXALIPLATIN,METASTASES TO LUNG,0.9872,1,2026-05-24,,,xgb-v1
1281,MYCOPHENOLATE MOFETIL,VIRAEMIA,0.9872,1,2026-05-24,,,xgb-v1
1282,GEMCITABINE HYDROCHLORIDE,NEUROPATHY PERIPHERAL,0.9872,1,2026-05-24,,,xgb-v1
1283,METHYLPREDNISOLONE,HAEMOPHAGOCYTIC LYMPHOHISTIOCYTOSIS,0.9872,1,2026-05-24,,,xgb-v1
1284,VINCRISTINE SULFATE,MUCOSAL INFLAMMATION,0.9872,1,2026-05-24,,,xgb-v1
1285,OLANZAPINE,MUSCLE RIGIDITY,0.9872,1,2026-05-24,,,xgb-v1
1286,FLUCONAZOLE,CYTOKINE RELEASE SYNDROME,0.9872,1,2026-05-24,,,xgb-v1
1287,INTERFERON BETA-1B,MULTIPLE SCLEROSIS RELAPSE,0.9872,1,2026-05-24,,,xgb-v1
1288,ACLASTA,OSTEONECROSIS OF JAW,0.9872,1,2026-05-24,,,xgb-v1
1289,MYCOPHENOLATE MOFETIL,PHAEOHYPHOMYCOSIS,0.9872,1,2026-05-24,,,xgb-v1
1290,CERTOLIZUMAB PEGOL,TUBERCULOSIS,0.9872,1,2026-05-24,,,xgb-v1
1291,FILGRASTIM,ASPERGILLUS INFECTION,0.9872,1,2026-05-24,,,xgb-v1
1292,RISPERIDONE,HYPOTHERMIA,0.9872,1,2026-05-24,,,xgb-v1
1293,IFOSFAMIDE,ACUTE MYELOID LEUKAEMIA,0.9872,1,2026-05-24,,,xgb-v1
1294,PERINDOPRIL,INAPPROPRIATE ANTIDIURETIC HORMONE SECRETION,0.9871,1,2026-05-24,,,xgb-v1
1295,IFOSFAMIDE,MUCOSAL INFLAMMATION,0.9871,1,2026-05-24,,,xgb-v1
1296,TRASTUZUMAB,NEUTROPENIA,0.9871,1,2026-05-24,,,xgb-v1
1297,PREDNISOLONE,ARTHRITIS BACTERIAL,0.9871,1,2026-05-24,,,xgb-v1
1298,CYCLOPHOSPHAMIDE,MYELOPATHY,0.9871,1,2026-05-24,,,xgb-v1
1299,RAMUCIRUMAB,NEUROPATHY PERIPHERAL,0.9871,1,2026-05-24,,,xgb-v1
1300,TAMSULOSIN,IDIOPATHIC PULMONARY FIBROSIS,0.9871,1,2026-05-24,,,xgb-v1
1301,LEFLUNOMIDE,POLYOMAVIRUS-ASSOCIATED NEPHROPATHY,0.9871,1,2026-05-24,,,xgb-v1
1302,FLUDARABINE,AUTOIMMUNE HAEMOLYTIC ANAEMIA,0.9871,1,2026-05-24,,,xgb-v1
1303,CLOZARIL,TREATMENT NONCOMPLIANCE,0.9871,1,2026-05-24,,,xgb-v1
1304,OXYCONTIN,PRODUCT PRESCRIBING ISSUE,0.9871,1,2026-05-24,,,xgb-v1
1305,FLECAINIDE,ELECTROCARDIOGRAM QRS COMPLEX PROLONGED,0.9871,1,2026-05-24,,,xgb-v1
1306,PERINDOPRIL,LACTIC ACIDOSIS,0.9871,1,2026-05-24,,,xgb-v1
1307,EUTHYROX,THYROID FUNCTION TEST ABNORMAL,0.9871,1,2026-05-24,,,xgb-v1
1308,PROLIA,COMPRESSION FRACTURE,0.987,1,2026-05-24,,,xgb-v1
1309,ABILIFY,TARDIVE DYSKINESIA,0.987,1,2026-05-24,,,xgb-v1
1310,DUODOPA,DEVICE LOOSENING,0.987,1,2026-05-24,,,xgb-v1
1311,TACROLIMUS,VIRAEMIA,0.987,1,2026-05-24,,,xgb-v1
1312,ACYCLOVIR,THROMBOSIS,0.987,1,2026-05-24,,,xgb-v1
1313,AZATHIOPRINE,EPSTEIN-BARR VIRUS INFECTION,0.987,1,2026-05-24,,,xgb-v1
1314,CYCLOPHOSPHAMIDE,TRANSPLANT FAILURE,0.987,1,2026-05-24,,,xgb-v1
1315,ATIVAN,PNEUMONIA ASPIRATION,0.987,1,2026-05-24,,,xgb-v1
1316,IPILIMUMAB,ENCEPHALOPATHY,0.987,1,2026-05-24,,,xgb-v1
1317,CYCLOPHOSPHAMIDE,CARDIOTOXICITY,0.987,1,2026-05-24,,,xgb-v1
1318,XOLAIR,BLOOD IMMUNOGLOBULIN E INCREASED,0.987,1,2026-05-24,,,xgb-v1
1319,AFINITOR,BLOOD CHROMOGRANIN A INCREASED,0.987,1,2026-05-24,,,xgb-v1
1320,CLARITHROMYCIN,MYCOBACTERIUM CHELONAE INFECTION,0.987,1,2026-05-24,,,xgb-v1
1321,LUCENTIS,ENDOPHTHALMITIS,0.987,1,2026-05-24,,,xgb-v1
1322,MOXIFLOXACIN,DRUG REACTION WITH EOSINOPHILIA AND SYSTEMIC SYMPTOMS,0.987,1,2026-05-24,,,xgb-v1
1323,RITUXIMAB,B-CELL LYMPHOMA RECURRENT,0.9869,1,2026-05-24,,,xgb-v1
1324,AZATHIOPRINE,VARICELLA ZOSTER VIRUS INFECTION,0.9869,1,2026-05-24,,,xgb-v1
1325,GEMCITABINE HYDROCHLORIDE,NEUTROPENIA,0.9869,1,2026-05-24,,,xgb-v1
1326,CICLOSPORIN,CHRONIC GRAFT VERSUS HOST DISEASE,0.9869,1,2026-05-24,,,xgb-v1
1327,ENTRESTO,CARDIOMEGALY,0.9869,1,2026-05-24,,,xgb-v1
1328,TRASTUZUMAB,CARDIOTOXICITY,0.9869,1,2026-05-24,,,xgb-v1
1329,XGEVA,CANCER PAIN,0.9869,1,2026-05-24,,,xgb-v1
1330,DABIGATRAN,ACUTE CORONARY SYNDROME,0.9869,1,2026-05-24,,,xgb-v1
1331,METFORMIN,HYPERGLYCAEMIA,0.9869,1,2026-05-24,,,xgb-v1
1332,FUROSEMIDE,ORTHOPNOEA,0.9869,1,2026-05-24,,,xgb-v1
1333,RISPERIDONE,SEDATION,0.9869,1,2026-05-24,,,xgb-v1
1334,NIVOLUMAB,AUTOIMMUNE THYROIDITIS,0.9869,1,2026-05-24,,,xgb-v1
1335,CARBOPLATIN,NEPHROPATHY TOXIC,0.9869,1,2026-05-24,,,xgb-v1
1336,IBRUTINIB,HAEMATURIA,0.9869,1,2026-05-24,,,xgb-v1
1337,OPSUMIT,PULMONARY ARTERIAL PRESSURE INCREASED,0.9869,1,2026-05-24,,,xgb-v1
1338,PROLIA,HIP ARTHROPLASTY,0.9869,1,2026-05-24,,,xgb-v1
1339,ASPIRIN,RETINAL ARTERY OCCLUSION,0.9869,1,2026-05-24,,,xgb-v1
1340,ASPIRIN,RETROPERITONEAL HAEMATOMA,0.9869,1,2026-05-24,,,xgb-v1
1341,PREDNISOLONE,MYCOBACTERIAL INFECTION,0.9869,1,2026-05-24,,,xgb-v1
1342,IPILIMUMAB,IMMUNE-MEDIATED ENTEROCOLITIS,0.9868,1,2026-05-24,,,xgb-v1
1343,VENTOLIN,ASTHMA,0.9868,1,2026-05-24,,,xgb-v1
1344,BEVACIZUMAB,ASCITES,0.9868,1,2026-05-24,,,xgb-v1
1345,VELCADE,MYELODYSPLASTIC SYNDROME,0.9868,1,2026-05-24,,,xgb-v1
1346,VELCADE,THROMBOCYTOPENIA,0.9868,1,2026-05-24,,,xgb-v1
1347,PROLIA,OSTEONECROSIS OF JAW,0.9868,1,2026-05-24,,,xgb-v1
1348,OMALIZUMAB,ANAPHYLACTIC REACTION,0.9868,1,2026-05-24,,,xgb-v1
1349,SEROQUEL,PARANOIA,0.9868,1,2026-05-24,,,xgb-v1
1350,CARBOPLATIN,TUMOUR LYSIS SYNDROME,0.9868,1,2026-05-24,,,xgb-v1
1351,JAKAVI,ASPERGILLUS INFECTION,0.9868,1,2026-05-24,,,xgb-v1
1352,ENTRESTO,CARDIAC FAILURE ACUTE,0.9868,1,2026-05-24,,,xgb-v1
1353,FLUOROURACIL,ILEUS,0.9868,1,2026-05-24,,,xgb-v1
1354,FLUDARABINE,GRAFT VERSUS HOST DISEASE,0.9868,1,2026-05-24,,,xgb-v1
1355,AVASTIN,METASTASES TO MENINGES,0.9868,1,2026-05-24,,,xgb-v1
1356,WARFARIN,HAEMORRHAGE,0.9868,1,2026-05-24,,,xgb-v1
1357,CARBOPLATIN,GASTROINTESTINAL PERFORATION,0.9868,1,2026-05-24,,,xgb-v1
1358,NIVOLUMAB,SKIN TOXICITY,0.9868,1,2026-05-24,,,xgb-v1
1359,NIVOLUMAB,MYASTHENIC SYNDROME,0.9868,1,2026-05-24,,,xgb-v1
1360,ABATACEPT,SKIN CANCER,0.9868,1,2026-05-24,,,xgb-v1
1361,DICLOFENAC,ANAPHYLACTIC SHOCK,0.9868,1,2026-05-24,,,xgb-v1
1362,CERTOLIZUMAB PEGOL,PREGNANCY,0.9868,1,2026-05-24,,,xgb-v1
1363,PROPOFOL,HYPERTHERMIA MALIGNANT,0.9868,1,2026-05-24,,,xgb-v1
1364,OXYCODONE,DRUG ABUSE,0.9868,1,2026-05-24,,,xgb-v1
1365,DUODOPA,POSTURE ABNORMAL,0.9868,1,2026-05-24,,,xgb-v1
1366,OXALIPLATIN,STEATOHEPATITIS,0.9867,1,2026-05-24,,,xgb-v1
1367,LAMIVUDINE,HEPATITIS B REACTIVATION,0.9867,1,2026-05-24,,,xgb-v1
1368,RIVAROXABAN,PERIPHERAL EMBOLISM,0.9867,1,2026-05-24,,,xgb-v1
1369,FOLINIC ACID,PALMAR-PLANTAR ERYTHRODYSAESTHESIA SYNDROME,0.9867,1,2026-05-24,,,xgb-v1
1370,ENTRESTO,VENTRICULAR HYPOKINESIA,0.9867,1,2026-05-24,,,xgb-v1
1371,DUODOPA,FAECALOMA,0.9867,1,2026-05-24,,,xgb-v1
1372,IRINOTECAN,INTESTINAL OBSTRUCTION,0.9867,1,2026-05-24,,,xgb-v1
1373,OXALIPLATIN,VARICES OESOPHAGEAL,0.9867,1,2026-05-24,,,xgb-v1
1374,TACROLIMUS,CYTOMEGALOVIRUS COLITIS,0.9867,1,2026-05-24,,,xgb-v1
1375,WARFARIN,BRAIN MIDLINE SHIFT,0.9867,1,2026-05-24,,,xgb-v1
1376,OPDIVO,ADVERSE EVENT,0.9867,1,2026-05-24,,,xgb-v1
1377,PREDNISONE,TRANSPLANT DYSFUNCTION,0.9867,1,2026-05-24,,,xgb-v1
1378,UPTRAVI,PAIN IN JAW,0.9867,1,2026-05-24,,,xgb-v1
1379,XGEVA,PROSTATE CANCER METASTATIC,0.9867,1,2026-05-24,,,xgb-v1
1380,CARVEDILOL,SHOCK,0.9867,1,2026-05-24,,,xgb-v1
1381,APIXABAN,GASTRIC HAEMORRHAGE,0.9867,1,2026-05-24,,,xgb-v1
1382,RISPERDAL,SEXUAL DYSFUNCTION,0.9867,1,2026-05-24,,,xgb-v1
1383,APIXABAN,EMBOLISM VENOUS,0.9867,1,2026-05-24,,,xgb-v1
1384,ALEMTUZUMAB,IMMUNE THROMBOCYTOPENIC PURPURA,0.9867,1,2026-05-24,,,xgb-v1
1385,CISPLATIN,HAEMATOTOXICITY,0.9867,1,2026-05-24,,,xgb-v1
1386,CLOPIDOGREL,CAROTID ARTERY STENOSIS,0.9867,1,2026-05-24,,,xgb-v1
1387,NOVORAPID,BLOOD GLUCOSE INCREASED,0.9867,1,2026-05-24,,,xgb-v1
1388,TACROLIMUS,HEPATITIS E,0.9866,1,2026-05-24,,,xgb-v1
1389,FEMARA,BONE PAIN,0.9866,1,2026-05-24,,,xgb-v1
1390,MYCOPHENOLATE MOFETIL,CYSTITIS HAEMORRHAGIC,0.9866,1,2026-05-24,,,xgb-v1
1391,TRESIBA,BLOOD GLUCOSE FLUCTUATION,0.9866,1,2026-05-24,,,xgb-v1
1392,DOXORUBICIN,EJECTION FRACTION DECREASED,0.9866,1,2026-05-24,,,xgb-v1
1393,IMBRUVICA,PROCEDURAL HAEMORRHAGE,0.9866,1,2026-05-24,,,xgb-v1
1394,VANCOMYCIN,TOXIC EPIDERMAL NECROLYSIS,0.9866,1,2026-05-24,,,xgb-v1
1395,RIVAROXABAN,MOUTH HAEMORRHAGE,0.9866,1,2026-05-24,,,xgb-v1
1396,PACLITAXEL,HAEMATOTOXICITY,0.9866,1,2026-05-24,,,xgb-v1
1397,MYCOPHENOLATE MOFETIL,GRAFT VERSUS HOST DISEASE,0.9866,1,2026-05-24,,,xgb-v1
1398,ENTRESTO,DECREASED ACTIVITY,0.9866,1,2026-05-24,,,xgb-v1
1399,NIVOLUMAB,AUTOIMMUNE HAEMOLYTIC ANAEMIA,0.9866,1,2026-05-24,,,xgb-v1
1400,LAMIVUDINE,STEVENS-JOHNSON SYNDROME,0.9866,1,2026-05-24,,,xgb-v1
1401,CAPECITABINE,MALIGNANT NEOPLASM PROGRESSION,0.9866,1,2026-05-24,,,xgb-v1
1402,MEPOLIZUMAB,COUGH,0.9866,1,2026-05-24,,,xgb-v1
1403,METHADONE,HYPERAESTHESIA,0.9866,1,2026-05-24,,,xgb-v1
1404,ADCIRCA,DYSPNOEA EXERTIONAL,0.9866,1,2026-05-24,,,xgb-v1
1405,IMBRUVICA,SPLENIC RUPTURE,0.9866,1,2026-05-24,,,xgb-v1
1406,TYSABRI,IMMUNE RECONSTITUTION INFLAMMATORY SYNDROME,0.9866,1,2026-05-24,,,xgb-v1
1407,SIMPONI,GASTRIC INFECTION,0.9866,1,2026-05-24,,,xgb-v1
1408,WARFARIN,ATRIAL THROMBOSIS,0.9865,1,2026-05-24,,,xgb-v1
1409,FLUCONAZOLE,MUCORMYCOSIS,0.9865,1,2026-05-24,,,xgb-v1
1410,ASPIRIN,HAEMORRHAGIC TRANSFORMATION STROKE,0.9865,1,2026-05-24,,,xgb-v1
1411,SANDOSTATIN LAR DEPOT,INAPPROPRIATE SCHEDULE OF DRUG ADMINISTRATION,0.9865,1,2026-05-24,,,xgb-v1
1412,TACROLIMUS,CYSTITIS HAEMORRHAGIC,0.9865,1,2026-05-24,,,xgb-v1
1413,APIXABAN,LACERATION,0.9865,1,2026-05-24,,,xgb-v1
1414,BEVACIZUMAB,ILEUS,0.9865,1,2026-05-24,,,xgb-v1
1415,HYDROXYCHLOROQUINE,SYSTEMIC LUPUS ERYTHEMATOSUS,0.9865,1,2026-05-24,,,xgb-v1
1416,PREDNISONE,CRYPTOCOCCOSIS,0.9865,1,2026-05-24,,,xgb-v1
1417,HYDROCHLOROTHIAZIDE,BASAL CELL CARCINOMA,0.9865,1,2026-05-24,,,xgb-v1
1418,MYCOPHENOLATE MOFETIL,COMPLICATIONS OF TRANSPLANTED KIDNEY,0.9865,1,2026-05-24,,,xgb-v1
1419,IMBRUVICA,SPLENOMEGALY,0.9865,1,2026-05-24,,,xgb-v1
1420,LETROZOLE,INVASIVE DUCTAL BREAST CARCINOMA,0.9865,1,2026-05-24,,,xgb-v1
1421,SERTRALINE,HYPERREFLEXIA,0.9865,1,2026-05-24,,,xgb-v1
1422,PROLIA,RADIUS FRACTURE,0.9864,1,2026-05-24,,,xgb-v1
1423,LASIX,MELAENA,0.9864,1,2026-05-24,,,xgb-v1
1424,SOLIRIS,HAEMOGLOBIN DECREASED,0.9864,1,2026-05-24,,,xgb-v1
1425,FLUOROURACIL,METASTASES TO LIVER,0.9864,1,2026-05-24,,,xgb-v1
1426,APIXABAN,CARDIAC FLUTTER,0.9864,1,2026-05-24,,,xgb-v1
1427,ETOPOSIDE,GASTROINTESTINAL TOXICITY,0.9864,1,2026-05-24,,,xgb-v1
1428,DEXAMETHASONE,ESCHERICHIA BACTERAEMIA,0.9864,1,2026-05-24,,,xgb-v1
1429,DABIGATRAN,INTRAVENTRICULAR HAEMORRHAGE,0.9864,1,2026-05-24,,,xgb-v1
1430,PREDNISONE,GRAFT VERSUS HOST DISEASE IN SKIN,0.9864,1,2026-05-24,,,xgb-v1
1431,METFORMIN,BLOOD BICARBONATE DECREASED,0.9864,1,2026-05-24,,,xgb-v1
1432,APIXABAN,CEREBELLAR HAEMORRHAGE,0.9864,1,2026-05-24,,,xgb-v1
1433,SOLIRIS,HAEMATOCRIT DECREASED,0.9864,1,2026-05-24,,,xgb-v1
1434,PEMETREXED,PANCYTOPENIA,0.9864,1,2026-05-24,,,xgb-v1
1435,PREDNISOLONE,IMMUNOSUPPRESSANT DRUG LEVEL DECREASED,0.9863,1,2026-05-24,,,xgb-v1
1436,DABIGATRAN,ACUTE ABDOMEN,0.9863,1,2026-05-24,,,xgb-v1
1437,METHYLDOPA,PREMATURE DELIVERY,0.9863,1,2026-05-24,,,xgb-v1
1438,AMIODARONE,PERICARDIAL EFFUSION,0.9863,1,2026-05-24,,,xgb-v1
1439,AVASTIN,METASTASES TO LUNG,0.9863,1,2026-05-24,,,xgb-v1
1440,REMICADE,PULMONARY TUBERCULOSIS,0.9863,1,2026-05-24,,,xgb-v1
1441,CARBOPLATIN,NEUTROPENIA,0.9863,1,2026-05-24,,,xgb-v1
1442,VALACICLOVIR,NEUROTOXICITY,0.9863,1,2026-05-24,,,xgb-v1
1443,FUROSEMIDE,PERICARDIAL HAEMORRHAGE,0.9863,1,2026-05-24,,,xgb-v1
1444,TRAMADOL,DEPENDENCE,0.9863,1,2026-05-24,,,xgb-v1
1445,LATUDA,SCHIZOPHRENIA,0.9863,1,2026-05-24,,,xgb-v1
1446,KEYTRUDA,IMMUNE-MEDIATED ENTEROCOLITIS,0.9862,1,2026-05-24,,,xgb-v1
1447,ALLOPURINOL,GOUT,0.9862,1,2026-05-24,,,xgb-v1
1448,KARDEGIC,SEPTIC SHOCK,0.9862,1,2026-05-24,,,xgb-v1
1449,PACLITAXEL,MUCOSAL INFLAMMATION,0.9862,1,2026-05-24,,,xgb-v1
1450,AMIODARONE,BLOOD THYROID STIMULATING HORMONE INCREASED,0.9862,1,2026-05-24,,,xgb-v1
1451,VANCOMYCIN,ENTEROCOCCAL INFECTION,0.9862,1,2026-05-24,,,xgb-v1
1452,PROLIA,HYPOCALCAEMIA,0.9862,1,2026-05-24,,,xgb-v1
1453,APIXABAN,PULMONARY EMBOLISM,0.9862,1,2026-05-24,,,xgb-v1
1454,OZURDEX,BLINDNESS,0.9862,1,2026-05-24,,,xgb-v1
1455,LOVENOX,SHOCK HAEMORRHAGIC,0.9862,1,2026-05-24,,,xgb-v1
1456,VINCRISTINE,HYPOGAMMAGLOBULINAEMIA,0.9862,1,2026-05-24,,,xgb-v1
1457,DEXAMETHASONE,PSEUDOMONAL SEPSIS,0.9862,1,2026-05-24,,,xgb-v1
1458,CYTARABINE,NEUROTOXICITY,0.9862,1,2026-05-24,,,xgb-v1
1459,LEVEMIR,BLOOD GLUCOSE INCREASED,0.9862,1,2026-05-24,,,xgb-v1
1460,MEROPENEM,TOXIC SKIN ERUPTION,0.9862,1,2026-05-24,,,xgb-v1
1461,REVLIMID,IMMUNE SYSTEM DISORDER,0.9862,1,2026-05-24,,,xgb-v1
1462,HUMIRA,ACCIDENT AT WORK,0.9862,1,2026-05-24,,,xgb-v1
1463,METHYLPREDNISOLONE,NOCARDIOSIS,0.9862,1,2026-05-24,,,xgb-v1
1464,FLUDARABINE,ACUTE RESPIRATORY DISTRESS SYNDROME,0.9862,1,2026-05-24,,,xgb-v1
1465,CARBOPLATIN,BICYTOPENIA,0.9862,1,2026-05-24,,,xgb-v1
1466,CERTOLIZUMAB PEGOL,KNEE ARTHROPLASTY,0.9862,1,2026-05-24,,,xgb-v1
1467,DUODOPA,DEVICE PHYSICAL PROPERTY ISSUE,0.9861,1,2026-05-24,,,xgb-v1
1468,METHOTREXATE,BONE EROSION,0.9861,1,2026-05-24,,,xgb-v1
1469,ERBITUX,METASTASES TO LYMPH NODES,0.9861,1,2026-05-24,,,xgb-v1
1470,QUETIAPINE FUMARATE,COMPLETED SUICIDE,0.9861,1,2026-05-24,,,xgb-v1
1471,CICLOSPORIN,GRAFT VERSUS HOST DISEASE IN SKIN,0.9861,1,2026-05-24,,,xgb-v1
1472,LAMIVUDINE,DRUG-INDUCED LIVER INJURY,0.9861,1,2026-05-24,,,xgb-v1
1473,XOLAIR,ANGIOEDEMA,0.9861,1,2026-05-24,,,xgb-v1
1474,CLARITHROMYCIN,PARADOXICAL DRUG REACTION,0.9861,1,2026-05-24,,,xgb-v1
1475,METFORMIN,BLOOD GLUCOSE DECREASED,0.9861,1,2026-05-24,,,xgb-v1
1476,TACROLIMUS,FOCAL SEGMENTAL GLOMERULOSCLEROSIS,0.9861,1,2026-05-24,,,xgb-v1
1477,VALIUM,POISONING,0.9861,1,2026-05-24,,,xgb-v1
1478,CYCLOPHOSPHAMIDE,PLASMACYTOMA,0.9861,1,2026-05-24,,,xgb-v1
1479,IRINOTECAN MANUFACTURER UNKNOWN,DIARRHOEA,0.9861,1,2026-05-24,,,xgb-v1
1480,OXYGEN,OXYGEN SATURATION DECREASED,0.986,1,2026-05-24,,,xgb-v1
1481,ABATACEPT,WRIST FRACTURE,0.986,1,2026-05-24,,,xgb-v1
1482,KEYTRUDA,HYPOTHALAMO-PITUITARY DISORDER,0.986,1,2026-05-24,,,xgb-v1
1483,EMEND,ENCEPHALOPATHY,0.986,1,2026-05-24,,,xgb-v1
1484,CLOPIDOGREL,HEMIPLEGIA,0.986,1,2026-05-24,,,xgb-v1
1485,SUTENT,ORGAN FAILURE,0.986,1,2026-05-24,,,xgb-v1
1486,OXALIPLATIN,PERITONITIS,0.986,1,2026-05-24,,,xgb-v1
1487,SUTENT,MUCOSAL INFLAMMATION,0.986,1,2026-05-24,,,xgb-v1
1488,OLANZAPINE,SEDATION,0.986,1,2026-05-24,,,xgb-v1
1489,ACLASTA,MOBILITY DECREASED,0.986,1,2026-05-24,,,xgb-v1
1490,SANDOSTATIN LAR DEPOT,CARCINOID SYNDROME,0.986,1,2026-05-24,,,xgb-v1
1491,SUTENT,DYSPEPSIA,0.986,1,2026-05-24,,,xgb-v1
1492,FLUOROURACIL,METASTASIS,0.986,1,2026-05-24,,,xgb-v1
1493,LETROZOLE,NEUTROPHIL COUNT DECREASED,0.986,1,2026-05-24,,,xgb-v1
1494,CAPECITABINE,ARTERIOSPASM CORONARY,0.986,1,2026-05-24,,,xgb-v1
1495,KEYTRUDA,CHOLANGITIS,0.986,1,2026-05-24,,,xgb-v1
1496,ASPIRIN,HAEMOTHORAX,0.986,1,2026-05-24,,,xgb-v1
1497,RIVAROXABAN,CARDIAC TAMPONADE,0.986,1,2026-05-24,,,xgb-v1
1498,BUSULFAN,HAEMOPHAGOCYTIC LYMPHOHISTIOCYTOSIS,0.986,1,2026-05-24,,,xgb-v1
1499,CYCLOSPORINE,GRAFT VERSUS HOST DISEASE,0.986,1,2026-05-24,,,xgb-v1
1500,PREDNISOLONE,HERPES ZOSTER MENINGOENCEPHALITIS,0.9859,1,2026-05-24,,,xgb-v1
1501,DEXAMETHASONE,TUMOUR LYSIS SYNDROME,0.9859,1,2026-05-24,,,xgb-v1
1502,CYTARABINE,ACUTE MYELOID LEUKAEMIA RECURRENT,0.9859,1,2026-05-24,,,xgb-v1
1503,ETOPOSIDE,STENOTROPHOMONAS INFECTION,0.9859,1,2026-05-24,,,xgb-v1
1504,ABATACEPT,PULMONARY FIBROSIS,0.9859,1,2026-05-24,,,xgb-v1
1505,CYTARABINE,PULMONARY HAEMORRHAGE,0.9859,1,2026-05-24,,,xgb-v1
1506,HUMIRA,KNEE ARTHROPLASTY,0.9859,1,2026-05-24,,,xgb-v1
1507,OPSUMIT,CATHETERISATION CARDIAC,0.9859,1,2026-05-24,,,xgb-v1
1508,OFEV,PRODUCTIVE COUGH,0.9859,1,2026-05-24,,,xgb-v1
1509,LAMOTRIGINE,TOXIC EPIDERMAL NECROLYSIS,0.9859,1,2026-05-24,,,xgb-v1
1510,HUMIRA,FISTULA DISCHARGE,0.9859,1,2026-05-24,,,xgb-v1
1511,XOLAIR,ANAPHYLACTIC REACTION,0.9859,1,2026-05-24,,,xgb-v1
1512,EUTHYROX,HYPOTHYROIDISM,0.9859,1,2026-05-24,,,xgb-v1
1513,CICLOSPORIN,ACUTE GRAFT VERSUS HOST DISEASE,0.9859,1,2026-05-24,,,xgb-v1
1514,JAKAVI,TRANSFORMATION TO ACUTE MYELOID LEUKAEMIA,0.9859,1,2026-05-24,,,xgb-v1
1515,ANASTROZOLE,BREAST CANCER METASTATIC,0.9859,1,2026-05-24,,,xgb-v1
1516,VYMADA,PRODUCT PRESCRIBING ERROR,0.9859,1,2026-05-24,,,xgb-v1
1517,PROPOFOL,RESPIRATORY DEPRESSION,0.9859,1,2026-05-24,,,xgb-v1
1518,PREDNISOLONE,PROGRESSIVE MULTIFOCAL LEUKOENCEPHALOPATHY,0.9859,1,2026-05-24,,,xgb-v1
1519,EVEROLIMUS,NEOPLASM PROGRESSION,0.9859,1,2026-05-24,,,xgb-v1
1520,ATEZOLIZUMAB,COLITIS,0.9859,1,2026-05-24,,,xgb-v1
1521,PACLITAXEL,FISTULA,0.9858,1,2026-05-24,,,xgb-v1
1522,CYCLOPHOSPHAMIDE,ASPERGILLUS INFECTION,0.9858,1,2026-05-24,,,xgb-v1
1523,RIVOTRIL,SUICIDE ATTEMPT,0.9858,1,2026-05-24,,,xgb-v1
1524,CLARITHROMYCIN,DRUG LEVEL INCREASED,0.9858,1,2026-05-24,,,xgb-v1
1525,BISOPROLOL,URINARY HESITATION,0.9858,1,2026-05-24,,,xgb-v1
1526,FLUDARABINE,NEUTROPENIA,0.9858,1,2026-05-24,,,xgb-v1
1527,MELPHALAN,NEUTROPENIA,0.9858,1,2026-05-24,,,xgb-v1
1528,SPIRIVA,WHEEZING,0.9858,1,2026-05-24,,,xgb-v1
1529,MABTHERA,OXYGEN SATURATION DECREASED,0.9858,1,2026-05-24,,,xgb-v1
1530,FUROSEMIDE,HYPOCHLORAEMIA,0.9858,1,2026-05-24,,,xgb-v1
1531,APIXABAN,HAEMORRHOIDAL HAEMORRHAGE,0.9858,1,2026-05-24,,,xgb-v1
1532,METHADONE,BRAIN INJURY,0.9858,1,2026-05-24,,,xgb-v1
1533,CYCLOPHOSPHAMIDE,HUMAN HERPESVIRUS 6 INFECTION,0.9858,1,2026-05-24,,,xgb-v1
1534,DEXAMETHASONE,HAEMATOTOXICITY,0.9858,1,2026-05-24,,,xgb-v1
1535,IRESSA,DRUG RESISTANCE,0.9858,1,2026-05-24,,,xgb-v1
1536,INSULIN,HYPERGLYCAEMIA,0.9858,1,2026-05-24,,,xgb-v1
1537,OMEPRAZOLE,NEPHROPATHY,0.9858,1,2026-05-24,,,xgb-v1
1538,ACICLOVIR,EPSTEIN-BARR VIRUS INFECTION,0.9858,1,2026-05-24,,,xgb-v1
1539,ENOXAPARIN,ASPARTATE AMINOTRANSFERASE INCREASED,0.9858,1,2026-05-24,,,xgb-v1
1540,DABIGATRAN,HAEMORRHOIDAL HAEMORRHAGE,0.9858,1,2026-05-24,,,xgb-v1
1541,DICLOFENAC,LARGE INTESTINAL STENOSIS,0.9858,1,2026-05-24,,,xgb-v1
1542,LEVOFLOXACIN,TENDON RUPTURE,0.9858,1,2026-05-24,2008-07-08,-6529.0,xgb-v1
1543,SPIRONOLACTONE,PULMONARY ARTERIAL HYPERTENSION,0.9857,1,2026-05-24,,,xgb-v1
1544,IFOSFAMIDE,INTESTINAL PERFORATION,0.9857,1,2026-05-24,,,xgb-v1
1545,CAPECITABINE,CARDIOTOXICITY,0.9857,1,2026-05-24,,,xgb-v1
1546,NIVOLUMAB,ASPARTATE AMINOTRANSFERASE INCREASED,0.9857,1,2026-05-24,,,xgb-v1
1547,BEVACIZUMAB,LIVER INJURY,0.9857,1,2026-05-24,,,xgb-v1
1548,IRINOTECAN,CONJUNCTIVITIS,0.9857,1,2026-05-24,,,xgb-v1
1549,KISQALI,ELECTROCARDIOGRAM QT PROLONGED,0.9857,1,2026-05-24,,,xgb-v1
1550,DABIGATRAN,SKULL FRACTURE,0.9857,1,2026-05-24,,,xgb-v1
1551,METFORMIN,BLOOD PH DECREASED,0.9857,1,2026-05-24,,,xgb-v1
1552,ETOPOSIDE,HAEMATOTOXICITY,0.9857,1,2026-05-24,,,xgb-v1
1553,XGEVA,BONE DISORDER,0.9857,1,2026-05-24,,,xgb-v1
1554,IRINOTECAN,MALIGNANT NEOPLASM PROGRESSION,0.9857,1,2026-05-24,,,xgb-v1
1555,CYCLOPHOSPHAMIDE,HAEMATOTOXICITY,0.9857,1,2026-05-24,,,xgb-v1
1556,OPDIVO,HYPOPHYSITIS,0.9857,1,2026-05-24,,,xgb-v1
1557,METHYLPREDNISOLONE,THROMBOTIC MICROANGIOPATHY,0.9857,1,2026-05-24,,,xgb-v1
1558,XELODA,PNEUMATOSIS INTESTINALIS,0.9857,1,2026-05-24,,,xgb-v1
1559,HUMIRA,MENISCUS INJURY,0.9857,1,2026-05-24,,,xgb-v1
1560,SOLIRIS,HOSPITALISATION,0.9857,1,2026-05-24,,,xgb-v1
1561,NIFEDIPINE,COMPLETED SUICIDE,0.9857,1,2026-05-24,,,xgb-v1
1562,TACROLIMUS,ENTEROBACTER INFECTION,0.9857,1,2026-05-24,,,xgb-v1
1563,VALSARTAN,MALIGNANT MELANOMA,0.9857,1,2026-05-24,,,xgb-v1
1564,ACYCLOVIR,PLATELET COUNT DECREASED,0.9856,1,2026-05-24,,,xgb-v1
1565,SIMPONI,KNEE ARTHROPLASTY,0.9856,1,2026-05-24,,,xgb-v1
1566,ARIPIPRAZOLE,PSYCHOTIC SYMPTOM,0.9856,1,2026-05-24,,,xgb-v1
1567,FLUDARABINE,ACUTE GRAFT VERSUS HOST DISEASE IN SKIN,0.9856,1,2026-05-24,,,xgb-v1
1568,MEROPENEM,RESPIRATORY FAILURE,0.9856,1,2026-05-24,,,xgb-v1
1569,MESTINON,MYASTHENIA GRAVIS,0.9856,1,2026-05-24,,,xgb-v1
1570,ASPIRIN,SUBDURAL HAEMORRHAGE,0.9856,1,2026-05-24,,,xgb-v1
1571,MELPHALAN,LYMPHOPENIA,0.9856,1,2026-05-24,,,xgb-v1
1572,CYCLOPHOSPHAMIDE,CHRONIC GRAFT VERSUS HOST DISEASE,0.9856,1,2026-05-24,,,xgb-v1
1573,PROPOFOL,PULSELESS ELECTRICAL ACTIVITY,0.9856,1,2026-05-24,,,xgb-v1
1574,PEMBROLIZUMAB,INTERSTITIAL LUNG DISEASE,0.9856,1,2026-05-24,,,xgb-v1
1575,MELPHALAN,PLASMA CELL MYELOMA RECURRENT,0.9856,1,2026-05-24,,,xgb-v1
1576,RIVAROXABAN,PULMONARY EMBOLISM,0.9856,1,2026-05-24,,,xgb-v1
1577,DICLOFENAC,GASTRIC HAEMORRHAGE,0.9856,1,2026-05-24,,,xgb-v1
1578,HEPARIN,CEREBRAL INFARCTION,0.9856,1,2026-05-24,,,xgb-v1
1579,QUETIAPINE,INTENTIONAL OVERDOSE,0.9856,1,2026-05-24,,,xgb-v1
1580,LANTUS,DIABETIC KETOACIDOSIS,0.9856,1,2026-05-24,,,xgb-v1
1581,CARBOPLATIN,THROMBOCYTOPENIA,0.9856,1,2026-05-24,,,xgb-v1
1582,FLUDARABINE,ASPERGILLUS INFECTION,0.9856,1,2026-05-24,,,xgb-v1
1583,FOLINIC ACID,HAEMATOTOXICITY,0.9856,1,2026-05-24,,,xgb-v1
1584,ABATACEPT,ARTHRITIS INFECTIVE,0.9856,1,2026-05-24,,,xgb-v1
1585,SOLIRIS,HAPTOGLOBIN DECREASED,0.9855,1,2026-05-24,,,xgb-v1
1586,BACTRIM,TOXIC EPIDERMAL NECROLYSIS,0.9855,1,2026-05-24,,,xgb-v1
1587,MEROPENEM,DRUG LEVEL ABOVE THERAPEUTIC,0.9855,1,2026-05-24,,,xgb-v1
1588,MIRENA,INTRACRANIAL PRESSURE INCREASED,0.9855,1,2026-05-24,,,xgb-v1
1589,TRASTUZUMAB,METASTASES TO LIVER,0.9855,1,2026-05-24,,,xgb-v1
1590,OPSUMIT,LUNG TRANSPLANT,0.9855,1,2026-05-24,,,xgb-v1
1591,KEPPRA,AGGRESSION,0.9855,1,2026-05-24,,,xgb-v1
1592,DUODOPA,APATHY,0.9855,1,2026-05-24,,,xgb-v1
1593,METHYLPREDNISOLONE,GRAFT VERSUS HOST DISEASE IN GASTROINTESTINAL TRACT,0.9855,1,2026-05-24,,,xgb-v1
1594,INFLIXIMAB,INFLAMMATION,0.9855,1,2026-05-24,,,xgb-v1
1595,CETIRIZINE,ANGIOEDEMA,0.9855,1,2026-05-24,,,xgb-v1
1596,SERTRALINE,INTENTIONAL SELF-INJURY,0.9855,1,2026-05-24,,,xgb-v1
1597,APIXABAN,MACULAR DEGENERATION,0.9855,1,2026-05-24,,,xgb-v1
1598,CLEXANE,FOETAL EXPOSURE DURING PREGNANCY,0.9855,1,2026-05-24,,,xgb-v1
1599,NIVOLUMAB,UVEITIS,0.9855,1,2026-05-24,,,xgb-v1
1600,OLANZAPINE,ANTIPSYCHOTIC DRUG LEVEL ABOVE THERAPEUTIC,0.9855,1,2026-05-24,,,xgb-v1
1601,VINCRISTINE,NEUTROPENIC COLITIS,0.9855,1,2026-05-24,,,xgb-v1
1602,BEVACIZUMAB,INTESTINAL PERFORATION,0.9855,1,2026-05-24,,,xgb-v1
1603,ENOXAPARIN,LABELLED DRUG-DRUG INTERACTION MEDICATION ERROR,0.9855,1,2026-05-24,,,xgb-v1
1604,VINCRISTINE,ACUTE HEPATIC FAILURE,0.9855,1,2026-05-24,,,xgb-v1
1605,ARIPIPRAZOLE,AGGRESSION,0.9855,1,2026-05-24,,,xgb-v1
1606,DUODOPA,ILEUS,0.9855,1,2026-05-24,,,xgb-v1
1607,OPSUMIT,OEDEMA,0.9855,1,2026-05-24,,,xgb-v1
1608,RITUXIMAB,BRONCHOPULMONARY ASPERGILLOSIS,0.9855,1,2026-05-24,,,xgb-v1
1609,PEMBROLIZUMAB,TRANSAMINASES INCREASED,0.9854,1,2026-05-24,,,xgb-v1
1610,LAMIVUDINE,FOETAL EXPOSURE DURING PREGNANCY,0.9854,1,2026-05-24,,,xgb-v1
1611,WARFARIN,HAEMATURIA,0.9854,1,2026-05-24,,,xgb-v1
1612,ABATACEPT,ARTHRITIS,0.9854,1,2026-05-24,,,xgb-v1
1613,RISPERIDONE,AGGRESSION,0.9854,1,2026-05-24,,,xgb-v1
1614,HUMALOG,DIABETIC KETOACIDOSIS,0.9854,1,2026-05-24,,,xgb-v1
1615,MIRENA,ECTOPIC PREGNANCY WITH CONTRACEPTIVE DEVICE,0.9854,1,2026-05-24,,,xgb-v1
1616,FILGRASTIM,CYTOMEGALOVIRUS INFECTION,0.9854,1,2026-05-24,,,xgb-v1
1617,FENTANYL,DRUG DEPENDENCE,0.9854,1,2026-05-24,,,xgb-v1
1618,AMITRIPTYLINE,COMPLETED SUICIDE,0.9854,1,2026-05-24,,,xgb-v1
1619,SIMPONI,TOOTH ABSCESS,0.9854,1,2026-05-24,,,xgb-v1
1620,TASIGNA,MYOCARDIAL ISCHAEMIA,0.9854,1,2026-05-24,,,xgb-v1
1621,VALSARTAN,CARDIAC FAILURE CHRONIC,0.9854,1,2026-05-24,,,xgb-v1
1622,CISPLATIN,OTOTOXICITY,0.9854,1,2026-05-24,,,xgb-v1
1623,APIXABAN,GASTROINTESTINAL ULCER HAEMORRHAGE,0.9854,1,2026-05-24,,,xgb-v1
1624,FULVESTRANT,CARBOHYDRATE ANTIGEN 15-3 INCREASED,0.9854,1,2026-05-24,,,xgb-v1
1625,GILENYA,MULTIPLE SCLEROSIS RELAPSE,0.9854,1,2026-05-24,,,xgb-v1
1626,BISOPROLOL,BRAIN CONTUSION,0.9854,1,2026-05-24,,,xgb-v1
1627,HUMIRA,PILONIDAL CYST,0.9854,1,2026-05-24,,,xgb-v1
1628,IPILIMUMAB,ALANINE AMINOTRANSFERASE INCREASED,0.9854,1,2026-05-24,,,xgb-v1
1629,NIVOLUMAB,EMBOLISM,0.9854,1,2026-05-24,,,xgb-v1
1630,CARVEDILOL,ATRIOVENTRICULAR BLOCK COMPLETE,0.9854,1,2026-05-24,,,xgb-v1
1631,ENOXAPARIN,BRAIN OEDEMA,0.9853,1,2026-05-24,,,xgb-v1
1632,ALENDRONATE,ATYPICAL FEMUR FRACTURE,0.9853,1,2026-05-24,,,xgb-v1
1633,METOPROLOL,PERICARDIAL HAEMORRHAGE,0.9853,1,2026-05-24,,,xgb-v1
1634,ALTEPLASE,CEREBRAL HAEMORRHAGE,0.9853,1,2026-05-24,,,xgb-v1
1635,METHYLDOPA,LOW BIRTH WEIGHT BABY,0.9853,1,2026-05-24,,,xgb-v1
1636,XGEVA,HYPOPHOSPHATAEMIA,0.9853,1,2026-05-24,,,xgb-v1
1637,PACLITAXEL,NEOPLASM PROGRESSION,0.9853,1,2026-05-24,,,xgb-v1
1638,APIXABAN,DIVERTICULUM INTESTINAL HAEMORRHAGIC,0.9853,1,2026-05-24,,,xgb-v1
1639,IMATINIB,BLAST CRISIS IN MYELOGENOUS LEUKAEMIA,0.9853,1,2026-05-24,,,xgb-v1
1640,CLEXANE,ERYSIPELAS,0.9853,1,2026-05-24,,,xgb-v1
1641,APIXABAN,SPINAL CORD HAEMORRHAGE,0.9852,1,2026-05-24,,,xgb-v1
1642,SPIRONOLACTONE,CONGESTIVE CARDIOMYOPATHY,0.9852,1,2026-05-24,,,xgb-v1
1643,ASPIRIN,PERICARDIAL HAEMORRHAGE,0.9852,1,2026-05-24,,,xgb-v1
1644,ALEMTUZUMAB,LYMPHOPENIA,0.9852,1,2026-05-24,,,xgb-v1
1645,METHADONE,WITHDRAWAL SYNDROME,0.9852,1,2026-05-24,,,xgb-v1
1646,TRACLEER,FLUID RETENTION,0.9852,1,2026-05-24,,,xgb-v1
1647,CARBOPLATIN,SMALL INTESTINAL PERFORATION,0.9852,1,2026-05-24,,,xgb-v1
1648,RAMUCIRUMAB,FEBRILE NEUTROPENIA,0.9852,1,2026-05-24,,,xgb-v1
1649,NIFEDIPINE,FOETAL EXPOSURE DURING PREGNANCY,0.9852,1,2026-05-24,,,xgb-v1
1650,OSIMERTINIB,MALIGNANT TRANSFORMATION,0.9852,1,2026-05-24,,,xgb-v1
1651,MELPHALAN,JC VIRUS INFECTION,0.9852,1,2026-05-24,,,xgb-v1
1652,METHADONE,ASPHYXIA,0.9852,1,2026-05-24,,,xgb-v1
1653,DEXAMETHASONE,PNEUMONIA INFLUENZAL,0.9852,1,2026-05-24,,,xgb-v1
1654,PACLITAXEL,NEUROTOXICITY,0.9852,1,2026-05-24,,,xgb-v1
1655,OXYGEN,FLUID RETENTION,0.9852,1,2026-05-24,,,xgb-v1
1656,NIVOLUMAB,TUMOUR HAEMORRHAGE,0.9852,1,2026-05-24,,,xgb-v1
1657,FLUOROURACIL,VENOUS THROMBOSIS LIMB,0.9852,1,2026-05-24,,,xgb-v1
1658,TACROLIMUS,HEPATITIS C,0.9852,1,2026-05-24,,,xgb-v1
1659,RIVAROXABAN,CORONARY ARTERY STENOSIS,0.9852,1,2026-05-24,,,xgb-v1
1660,CLOZARIL,NEUROLEPTIC MALIGNANT SYNDROME,0.9852,1,2026-05-24,,,xgb-v1
1661,ALENDRONATE,OSTEONECROSIS OF JAW,0.9852,1,2026-05-24,,,xgb-v1
1662,MIDAZOLAM,MULTIPLE-DRUG RESISTANCE,0.9852,1,2026-05-24,,,xgb-v1
1663,JARDIANCE,PANCREATITIS,0.9851,1,2026-05-24,,,xgb-v1
1664,FLUDARABINE,PNEUMOCYSTIS JIROVECII PNEUMONIA,0.9851,1,2026-05-24,,,xgb-v1
1665,RITUXIMAB,NOCARDIOSIS,0.9851,1,2026-05-24,,,xgb-v1
1666,CICLOSPORIN,HAEMOPHAGOCYTIC LYMPHOHISTIOCYTOSIS,0.9851,1,2026-05-24,,,xgb-v1
1667,DABIGATRAN,ATRIAL FIBRILLATION,0.9851,1,2026-05-24,,,xgb-v1
1668,PANTOPRAZOLE,URINARY HESITATION,0.9851,1,2026-05-24,,,xgb-v1
1669,LEVOTHYROXINE,BLOOD THYROID STIMULATING HORMONE INCREASED,0.9851,1,2026-05-24,,,xgb-v1
1670,ALLOPURINOL,SPLENOMEGALY,0.9851,1,2026-05-24,,,xgb-v1
1671,MEPOLIZUMAB,PNEUMONIA,0.9851,1,2026-05-24,,,xgb-v1
1672,RIVAROXABAN,GASTROINTESTINAL VASCULAR MALFORMATION HAEMORRHAGIC,0.9851,1,2026-05-24,,,xgb-v1
1673,BISOPROLOL,MITRAL VALVE INCOMPETENCE,0.9851,1,2026-05-24,,,xgb-v1
1674,APIXABAN,CEREBRAL THROMBOSIS,0.9851,1,2026-05-24,,,xgb-v1
1675,TASIGNA,SECOND PRIMARY MALIGNANCY,0.9851,1,2026-05-24,,,xgb-v1
1676,NEBIVOLOL,HYPERKALAEMIA,0.9851,1,2026-05-24,,,xgb-v1
1677,ETOPOSIDE,NEUTROPENIC COLITIS,0.9851,1,2026-05-24,,,xgb-v1
1678,OXYGEN,RIGHT VENTRICULAR FAILURE,0.9851,1,2026-05-24,,,xgb-v1
1679,FLUDARABINE,NEPHROPATHY TOXIC,0.9851,1,2026-05-24,,,xgb-v1
1680,TECFIDERA,DECREASED IMMUNE RESPONSIVENESS,0.9851,1,2026-05-24,,,xgb-v1
1681,HUMALOG,GLYCOSYLATED HAEMOGLOBIN INCREASED,0.9851,1,2026-05-24,,,xgb-v1
1682,METFORMIN,BLOOD GLUCOSE FLUCTUATION,0.9851,1,2026-05-24,,,xgb-v1
1683,PAROXETINE,COMPLETED SUICIDE,0.9851,1,2026-05-24,,,xgb-v1
1684,LAMOTRIGINE,FOETAL EXPOSURE DURING PREGNANCY,0.9851,1,2026-05-24,,,xgb-v1
1685,MIRTAZAPINE,INTENTIONAL OVERDOSE,0.9851,1,2026-05-24,,,xgb-v1
1686,KEYTRUDA,LUNG DISORDER,0.9851,1,2026-05-24,,,xgb-v1
1687,HUMALOG,BLOOD GLUCOSE DECREASED,0.9851,1,2026-05-24,,,xgb-v1
1688,CLOPIDOGREL,INTRAVENTRICULAR HAEMORRHAGE,0.9851,1,2026-05-24,,,xgb-v1
1689,PREDNISOLONE,ALTERNARIA INFECTION,0.9851,1,2026-05-24,,,xgb-v1
1690,PACLITAXEL,BREAST CANCER METASTATIC,0.9851,1,2026-05-24,,,xgb-v1
1691,SANDOSTATIN LAR DEPOT,BLOOD PRESSURE DIASTOLIC DECREASED,0.9851,1,2026-05-24,,,xgb-v1
1692,SANDOSTATIN,NEEDLE ISSUE,0.985,1,2026-05-24,,,xgb-v1
1693,PEMBROLIZUMAB,AUTOIMMUNE HEPATITIS,0.985,1,2026-05-24,,,xgb-v1
1694,TACROLIMUS,TOXOPLASMOSIS,0.985,1,2026-05-24,,,xgb-v1
1695,BEVACIZUMAB,ENDOPHTHALMITIS,0.985,1,2026-05-24,,,xgb-v1
1696,FLUOROURACIL,LEUKOPENIA,0.985,1,2026-05-24,,,xgb-v1
1697,DICLOFENAC,DRUG-INDUCED LIVER INJURY,0.985,1,2026-05-24,,,xgb-v1
1698,CYTARABINE,ESCHERICHIA INFECTION,0.985,1,2026-05-24,,,xgb-v1
1699,HALOPERIDOL,PSYCHOTIC DISORDER,0.985,1,2026-05-24,,,xgb-v1
1700,LETROZOLE,METASTASES TO CENTRAL NERVOUS SYSTEM,0.985,1,2026-05-24,,,xgb-v1
1701,CYTARABINE,NEUTROPENIC COLITIS,0.985,1,2026-05-24,,,xgb-v1
1702,VOTRIENT,RENAL CANCER,0.985,1,2026-05-24,,,xgb-v1
1703,IRINOTECAN,CARCINOEMBRYONIC ANTIGEN INCREASED,0.985,1,2026-05-24,,,xgb-v1
1704,BISOPROLOL,CORONARY ARTERY STENOSIS,0.985,1,2026-05-24,,,xgb-v1
1705,DOXORUBICIN HYDROCHLORIDE,INTERSTITIAL LUNG DISEASE,0.985,1,2026-05-24,,,xgb-v1
1706,VALPROIC ACID,FOETAL ANTICONVULSANT SYNDROME,0.985,1,2026-05-24,,,xgb-v1
1707,CLOZARIL,THROMBOCYTOPENIA,0.985,1,2026-05-24,,,xgb-v1
1708,CICLOSPORIN,CYSTITIS HAEMORRHAGIC,0.985,1,2026-05-24,,,xgb-v1
1709,AMIODARONE,LEFT VENTRICULAR DYSFUNCTION,0.9849,1,2026-05-24,,,xgb-v1
1710,UPTRAVI,DYSPNOEA AT REST,0.9849,1,2026-05-24,,,xgb-v1
1711,XELODA,BONE MARROW FAILURE,0.9849,1,2026-05-24,,,xgb-v1
1712,METHYLDOPA,FOETAL EXPOSURE DURING PREGNANCY,0.9849,1,2026-05-24,,,xgb-v1
1713,HEPARIN,HEMIPARESIS,0.9849,1,2026-05-24,,,xgb-v1
1714,CLONIDINE,HYPERPARATHYROIDISM SECONDARY,0.9849,1,2026-05-24,,,xgb-v1
1715,SPIRONOLACTONE,ASCITES,0.9849,1,2026-05-24,,,xgb-v1
1716,HUMIRA,VOLVULUS,0.9849,1,2026-05-24,,,xgb-v1
1717,KISQALI,METASTASIS,0.9849,1,2026-05-24,,,xgb-v1
1718,LYRICA,DYSGRAPHIA,0.9849,1,2026-05-24,,,xgb-v1
1719,QUETIAPINE,FOETAL EXPOSURE DURING PREGNANCY,0.9849,1,2026-05-24,,,xgb-v1
1720,CYCLOSPORIN A,CYTOMEGALOVIRUS INFECTION,0.9849,1,2026-05-24,,,xgb-v1
1721,ABATACEPT,INFLUENZA,0.9849,1,2026-05-24,,,xgb-v1
1722,METHYLPREDNISOLONE,LYMPHOCYTE COUNT DECREASED,0.9849,1,2026-05-24,,,xgb-v1
1723,POSACONAZOLE,CYTOPENIA,0.9849,1,2026-05-24,,,xgb-v1
1724,LOPERAMIDE,INTENTIONAL OVERDOSE,0.9849,1,2026-05-24,,,xgb-v1
1725,INSULIN GLARGINE,HYPOGLYCAEMIC COMA,0.9849,1,2026-05-24,,,xgb-v1
1726,DILTIAZEM,FLUID OVERLOAD,0.9849,1,2026-05-24,,,xgb-v1
1727,PREDNISOLONE,POLYOMAVIRUS-ASSOCIATED NEPHROPATHY,0.9849,1,2026-05-24,,,xgb-v1
1728,RITUXIMAB,CYTOMEGALOVIRUS INFECTION REACTIVATION,0.9849,1,2026-05-24,,,xgb-v1
1729,HUMIRA,POST PROCEDURAL DIARRHOEA,0.9849,1,2026-05-24,,,xgb-v1
1730,VINCRISTINE,HAEMATOTOXICITY,0.9849,1,2026-05-24,,,xgb-v1
1731,MYCOPHENOLATE MOFETIL,HERPES SIMPLEX,0.9849,1,2026-05-24,,,xgb-v1
1732,WARFARIN,PERITONEAL HAEMORRHAGE,0.9849,1,2026-05-24,,,xgb-v1
1733,ABILIFY,SCHIZOPHRENIA,0.9848,1,2026-05-24,,,xgb-v1
1734,METRONIDAZOLE,HEPATITIS,0.9848,1,2026-05-24,,,xgb-v1
1735,PROLIA,DENTAL OPERATION,0.9848,1,2026-05-24,,,xgb-v1
1736,NIVOLUMAB,ENCEPHALITIS AUTOIMMUNE,0.9848,1,2026-05-24,,,xgb-v1
1737,OPSUMIT,OXYGEN SATURATION DECREASED,0.9848,1,2026-05-24,,,xgb-v1
1738,IBRUTINIB,MYELODYSPLASTIC SYNDROME,0.9848,1,2026-05-24,,,xgb-v1
1739,HALOPERIDOL,EXTRAPYRAMIDAL DISORDER,0.9848,1,2026-05-24,,,xgb-v1
1740,CLOZARIL,LUNG CANCER METASTATIC,0.9848,1,2026-05-24,,,xgb-v1
1741,CYTARABINE,LUNG INFILTRATION,0.9848,1,2026-05-24,,,xgb-v1
1742,CISPLATIN,TUMOUR HAEMORRHAGE,0.9848,1,2026-05-24,,,xgb-v1
1743,VINCRISTINE,DRUG RESISTANCE,0.9848,1,2026-05-24,,,xgb-v1
1744,CISPLATIN,DEAFNESS,0.9848,1,2026-05-24,,,xgb-v1
1745,NIVOLUMAB,LARGE INTESTINE PERFORATION,0.9848,1,2026-05-24,,,xgb-v1
1746,ASPIRIN,ABDOMINAL WALL HAEMATOMA,0.9848,1,2026-05-24,,,xgb-v1
1747,MYCOPHENOLATE MOFETIL,GRAFT VERSUS HOST DISEASE IN GASTROINTESTINAL TRACT,0.9848,1,2026-05-24,,,xgb-v1
1748,VALPROIC ACID,EPILEPSY,0.9848,1,2026-05-24,,,xgb-v1
1749,PACLITAXEL,CARDIOTOXICITY,0.9848,1,2026-05-24,,,xgb-v1
1750,PROLIA,DENTAL IMPLANTATION,0.9848,1,2026-05-24,,,xgb-v1
1751,PACLITAXEL,PNEUMONITIS,0.9848,1,2026-05-24,,,xgb-v1
1752,ABILIFY,MANIA,0.9848,1,2026-05-24,,,xgb-v1
1753,TACROLIMUS,PNEUMOMEDIASTINUM,0.9848,1,2026-05-24,,,xgb-v1
1754,RISPERIDONE,STARING,0.9848,1,2026-05-24,,,xgb-v1
1755,TAMOXIFEN,METASTASES TO BONE,0.9847,1,2026-05-24,,,xgb-v1
1756,FLUDARABINE,BRONCHOPULMONARY ASPERGILLOSIS,0.9847,1,2026-05-24,,,xgb-v1
1757,VALACICLOVIR,THROMBOCYTOPENIA,0.9847,1,2026-05-24,,,xgb-v1
1758,PREDNISOLONE,LUNG CONSOLIDATION,0.9847,1,2026-05-24,,,xgb-v1
1759,TAMOXIFEN,BREAST CANCER METASTATIC,0.9847,1,2026-05-24,,,xgb-v1
1760,SUTENT,NEOPLASM PROGRESSION,0.9847,1,2026-05-24,,,xgb-v1
1761,AVASTIN,METASTASES TO LIVER,0.9847,1,2026-05-24,,,xgb-v1
1762,CLOZARIL,ANTIPSYCHOTIC DRUG LEVEL ABOVE THERAPEUTIC,0.9847,1,2026-05-24,,,xgb-v1
1763,RIVOTRIL,ON AND OFF PHENOMENON,0.9847,1,2026-05-24,,,xgb-v1
1764,CYCLOPHOSPHAMIDE,ACUTE GRAFT VERSUS HOST DISEASE,0.9847,1,2026-05-24,,,xgb-v1
1765,IMATINIB,HAEMATOTOXICITY,0.9847,1,2026-05-24,,,xgb-v1
1766,FUROSEMIDE,ISCHAEMIC HEPATITIS,0.9847,1,2026-05-24,,,xgb-v1
1767,LETROZOLE,METASTASES TO LUNG,0.9847,1,2026-05-24,,,xgb-v1
1768,IMBRUVICA,LYMPHOCYTOSIS,0.9847,1,2026-05-24,,,xgb-v1
1769,DEXAMETHASONE,AMYLOIDOSIS,0.9847,1,2026-05-24,,,xgb-v1
1770,MOVICOL,HAEMATOMA,0.9847,1,2026-05-24,,,xgb-v1
1771,PACLITAXEL,LYMPHOPENIA,0.9847,1,2026-05-24,,,xgb-v1
1772,METHADONE,POISONING,0.9847,1,2026-05-24,,,xgb-v1
1773,RITUXIMAB,PNEUMOCYSTIS JIROVECII INFECTION,0.9847,1,2026-05-24,,,xgb-v1
1774,ZOMETA,BREAST CANCER METASTATIC,0.9847,1,2026-05-24,,,xgb-v1
1775,VANCOMYCIN,ANURIA,0.9847,1,2026-05-24,,,xgb-v1
1776,TACROLIMUS,SQUAMOUS CELL CARCINOMA,0.9846,1,2026-05-24,,,xgb-v1
1777,VICTOZA,PANCREATITIS ACUTE,0.9846,1,2026-05-24,,,xgb-v1
1778,CELLCEPT,THROMBOTIC MICROANGIOPATHY,0.9846,1,2026-05-24,,,xgb-v1
1779,SPIRIVA,RESPIRATION ABNORMAL,0.9846,1,2026-05-24,,,xgb-v1
1780,FLECAINIDE,ARRHYTHMIA,0.9846,1,2026-05-24,,,xgb-v1
1781,NIVOLUMAB,TUMOUR PAIN,0.9846,1,2026-05-24,,,xgb-v1
1782,JAKAVI,ASCITES,0.9846,1,2026-05-24,,,xgb-v1
1783,BORTEZOMIB,PLASMA CELL MYELOMA RECURRENT,0.9846,1,2026-05-24,,,xgb-v1
1784,TAMSULOSIN,UROSEPSIS,0.9846,1,2026-05-24,,,xgb-v1
1785,DEXAMETHASONE,PNEUMOCYSTIS JIROVECII PNEUMONIA,0.9846,1,2026-05-24,,,xgb-v1
1786,PREDNISOLONE,DISSEMINATED INTRAVASCULAR COAGULATION,0.9846,1,2026-05-24,,,xgb-v1
1787,ACTEMRA,DIVERTICULITIS,0.9846,1,2026-05-24,,,xgb-v1
1788,BISOPROLOL FUMARATE,SHOCK HAEMORRHAGIC,0.9846,1,2026-05-24,,,xgb-v1
1789,GILOTRIF,PARONYCHIA,0.9846,1,2026-05-24,,,xgb-v1
1790,BUSULFAN,FEBRILE NEUTROPENIA,0.9846,1,2026-05-24,,,xgb-v1
1791,INFLIXIMAB,DRUG SPECIFIC ANTIBODY PRESENT,0.9846,1,2026-05-24,,,xgb-v1
1792,XGEVA,BONE CANCER,0.9846,1,2026-05-24,,,xgb-v1
1793,STELARA,TOOTH ABSCESS,0.9846,1,2026-05-24,,,xgb-v1
1794,DIGOXIN,METABOLIC ACIDOSIS,0.9845,1,2026-05-24,,,xgb-v1
1795,PACLITAXEL,FEBRILE NEUTROPENIA,0.9845,1,2026-05-24,,,xgb-v1
1796,PROPOFOL,BRONCHOSPASM,0.9845,1,2026-05-24,,,xgb-v1
1797,ADVAIR HFA,BLOOD PRESSURE SYSTOLIC INCREASED,0.9845,1,2026-05-24,,,xgb-v1
1798,ENOXAPARIN,HYPOXIA,0.9845,1,2026-05-24,,,xgb-v1
1799,CARBOPLATIN,CYTOPENIA,0.9845,1,2026-05-24,,,xgb-v1
1800,LENVIMA,HEPATIC FAILURE,0.9845,1,2026-05-24,,,xgb-v1
1801,DABIGATRAN,CAROTID ARTERY STENOSIS,0.9845,1,2026-05-24,,,xgb-v1
1802,BLEOMYCIN,RESPIRATORY FAILURE,0.9845,1,2026-05-24,,,xgb-v1
1803,AZATHIOPRINE,PROGRESSIVE MULTIFOCAL LEUKOENCEPHALOPATHY,0.9845,1,2026-05-24,,,xgb-v1
1804,CISPLATIN,LARGE INTESTINE PERFORATION,0.9845,1,2026-05-24,,,xgb-v1
1805,HEPARIN,HAEMOTHORAX,0.9845,1,2026-05-24,,,xgb-v1
1806,DIGOXIN,UPPER GASTROINTESTINAL HAEMORRHAGE,0.9845,1,2026-05-24,,,xgb-v1
1807,CLOZARIL,BLOOD CREATINE PHOSPHOKINASE INCREASED,0.9845,1,2026-05-24,,,xgb-v1
1808,FENTANYL,MIOSIS,0.9845,1,2026-05-24,,,xgb-v1
1809,CICLOSPORIN,SKIN PLAQUE,0.9844,1,2026-05-24,,,xgb-v1
1810,PROPOFOL,HYPOXIA,0.9844,1,2026-05-24,,,xgb-v1
1811,HUMALOG,DIABETIC FOOT,0.9844,1,2026-05-24,,,xgb-v1
1812,DENOSUMAB,OSTEONECROSIS OF JAW,0.9844,1,2026-05-24,,,xgb-v1
1813,RISPERIDONE,DELUSION,0.9844,1,2026-05-24,,,xgb-v1
1814,DILTIAZEM,PULMONARY HYPERTENSION,0.9844,1,2026-05-24,,,xgb-v1
1815,ARIPIPRAZOLE,EXTRAPYRAMIDAL DISORDER,0.9844,1,2026-05-24,,,xgb-v1
1816,CYCLOPHOSPHAMIDE,LEFT VENTRICULAR DYSFUNCTION,0.9844,1,2026-05-24,,,xgb-v1
1817,XELODA,METASTASES TO LYMPH NODES,0.9844,1,2026-05-24,,,xgb-v1
1818,ZOLEDRONIC ACID,OSTEONECROSIS OF JAW,0.9844,1,2026-05-24,,,xgb-v1
1819,MOVICOL,URINARY RETENTION,0.9844,1,2026-05-24,,,xgb-v1
1820,ABILIFY,EXTRAPYRAMIDAL DISORDER,0.9844,1,2026-05-24,,,xgb-v1
1821,ORENCIA,SYRINGE ISSUE,0.9844,1,2026-05-24,,,xgb-v1
1822,WARFARIN,CARDIAC TAMPONADE,0.9844,1,2026-05-24,,,xgb-v1
1823,DARZALEX,DISEASE PROGRESSION,0.9844,1,2026-05-24,,,xgb-v1
1824,CLOPIDOGREL,EAR HAEMORRHAGE,0.9844,1,2026-05-24,,,xgb-v1
1825,BISOPROLOL FUMARATE,INTERNATIONAL NORMALISED RATIO INCREASED,0.9844,1,2026-05-24,,,xgb-v1
1826,SPIRONOLACTONE,VARICES OESOPHAGEAL,0.9844,1,2026-05-24,,,xgb-v1
1827,FENTANYL,RESPIRATORY ACIDOSIS,0.9844,1,2026-05-24,,,xgb-v1
1828,VALPROIC ACID,STATUS EPILEPTICUS,0.9843,1,2026-05-24,,,xgb-v1
1829,REMICADE,DISSEMINATED TUBERCULOSIS,0.9843,1,2026-05-24,,,xgb-v1
1830,METHYLPREDNISOLONE,HERPES SIMPLEX,0.9843,1,2026-05-24,,,xgb-v1
1831,FLUCONAZOLE,ENTEROCOCCAL INFECTION,0.9843,1,2026-05-24,,,xgb-v1
1832,CYCLOPHOSPHAMIDE,NEUTROPENIC SEPSIS,0.9843,1,2026-05-24,,,xgb-v1
1833,ZOPICLONE,RESPIRATORY DISORDER,0.9843,1,2026-05-24,,,xgb-v1
1834,OXYGEN,CHRONIC OBSTRUCTIVE PULMONARY DISEASE,0.9843,1,2026-05-24,,,xgb-v1
1835,LITHIUM,MANIA,0.9843,1,2026-05-24,,,xgb-v1
1836,DEXAMETHASONE,ACUTE LYMPHOCYTIC LEUKAEMIA,0.9843,1,2026-05-24,,,xgb-v1
1837,AZATHIOPRINE,CYTOMEGALOVIRUS VIRAEMIA,0.9843,1,2026-05-24,,,xgb-v1
1838,ABILIFY,IMPULSIVE BEHAVIOUR,0.9843,1,2026-05-24,,,xgb-v1
1839,IRBESARTAN,COLITIS MICROSCOPIC,0.9843,1,2026-05-24,,,xgb-v1
1840,QUETIAPINE,COMA SCALE ABNORMAL,0.9843,1,2026-05-24,,,xgb-v1
1841,OPDIVO,FULMINANT TYPE 1 DIABETES MELLITUS,0.9843,1,2026-05-24,,,xgb-v1
1842,ONDANSETRON,PULSE ABSENT,0.9843,1,2026-05-24,,,xgb-v1
1843,IRINOTECAN,NEUTROPENIA,0.9843,1,2026-05-24,,,xgb-v1
1844,ABILIFY,DELUSION,0.9843,1,2026-05-24,,,xgb-v1
1845,CYCLOPHOSPHAMIDE,POSTERIOR REVERSIBLE ENCEPHALOPATHY SYNDROME,0.9843,1,2026-05-24,,,xgb-v1
1846,PACLITAXEL,RADIATION PNEUMONITIS,0.9842,1,2026-05-24,,,xgb-v1
1847,BISOPROLOL,EXTRASYSTOLES,0.9842,1,2026-05-24,,,xgb-v1
1848,REBIF,MULTIPLE SCLEROSIS RELAPSE,0.9842,1,2026-05-24,,,xgb-v1
1849,IRINOTECAN,SKIN REACTION,0.9842,1,2026-05-24,,,xgb-v1
1850,GEFITINIB,ACQUIRED GENE MUTATION,0.9842,1,2026-05-24,,,xgb-v1
1851,OXYGEN,HYPERCAPNIA,0.9842,1,2026-05-24,,,xgb-v1
1852,OLANZAPINE,MENTAL IMPAIRMENT,0.9842,1,2026-05-24,,,xgb-v1
1853,LETROZOLE,NEOPLASM PROGRESSION,0.9842,1,2026-05-24,,,xgb-v1
1854,HALOPERIDOL,ALTERED STATE OF CONSCIOUSNESS,0.9842,1,2026-05-24,,,xgb-v1
1855,MOXIFLOXACIN,TENDONITIS,0.9842,1,2026-05-24,,,xgb-v1
1856,IBRANCE,NEUTROPHIL COUNT DECREASED,0.9842,1,2026-05-24,,,xgb-v1
1857,BEVACIZUMAB,NEUTROPENIA,0.9842,1,2026-05-24,,,xgb-v1
1858,CERTOLIZUMAB PEGOL,MATERNAL EXPOSURE BEFORE PREGNANCY,0.9842,1,2026-05-24,,,xgb-v1
1859,EVEROLIMUS,NEUROENDOCRINE TUMOUR,0.9841,1,2026-05-24,,,xgb-v1
1860,VIEKIRAX,HEPATOCELLULAR CARCINOMA,0.9841,1,2026-05-24,,,xgb-v1
1861,FOLINIC ACID,PULMONARY EMBOLISM,0.9841,1,2026-05-24,,,xgb-v1
1862,CYTARABINE,ESCHERICHIA BACTERAEMIA,0.9841,1,2026-05-24,,,xgb-v1
1863,ENTRESTO,WRONG TECHNIQUE IN PRODUCT USAGE PROCESS,0.9841,1,2026-05-24,,,xgb-v1
1864,TACROLIMUS,URINARY TRACT INFECTION BACTERIAL,0.9841,1,2026-05-24,,,xgb-v1
1865,IMBRUVICA,HAEMORRHAGE SUBCUTANEOUS,0.9841,1,2026-05-24,,,xgb-v1
1866,METHYLPREDNISOLONE,CUSHINGOID,0.9841,1,2026-05-24,,,xgb-v1
1867,AFINITOR,BREAST CANCER METASTATIC,0.9841,1,2026-05-24,,,xgb-v1
1868,APIXABAN,BRAIN MIDLINE SHIFT,0.9841,1,2026-05-24,,,xgb-v1
1869,BISOPROLOL,RETROPERITONEAL HAEMATOMA,0.9841,1,2026-05-24,,,xgb-v1
1870,IBRANCE,CANCER PAIN,0.9841,1,2026-05-24,,,xgb-v1
1871,ASPIRIN,HAEMORRHAGIC ANAEMIA,0.9841,1,2026-05-24,,,xgb-v1
1872,ABRAXANE,MUCOSAL INFLAMMATION,0.9841,1,2026-05-24,,,xgb-v1
1873,WARFARIN,THROMBOSIS,0.9841,1,2026-05-24,,,xgb-v1
1874,AMIODARONE,ATRIOVENTRICULAR BLOCK COMPLETE,0.9841,1,2026-05-24,,,xgb-v1
1875,JARDIANCE,GLYCOSURIA,0.9841,1,2026-05-24,,,xgb-v1
1876,HARVONI,HEPATOCELLULAR CARCINOMA,0.9841,1,2026-05-24,,,xgb-v1
1877,VINCRISTINE SULFATE,COAGULOPATHY,0.9841,1,2026-05-24,,,xgb-v1
1878,TACROLIMUS,RENAL TUBULAR ACIDOSIS,0.9841,1,2026-05-24,,,xgb-v1
1879,ENTRESTO,CARDIOVASCULAR INSUFFICIENCY,0.9841,1,2026-05-24,,,xgb-v1
1880,TORASEMIDE,OEDEMA PERIPHERAL,0.9841,1,2026-05-24,,,xgb-v1
1881,KEYTRUDA,EASTERN COOPERATIVE ONCOLOGY GROUP PERFORMANCE STATUS WORSENED,0.9841,1,2026-05-24,,,xgb-v1
1882,PONATINIB,CYTOGENETIC ANALYSIS ABNORMAL,0.984,1,2026-05-24,,,xgb-v1
1883,ROTIGOTINE,PARKINSON^S DISEASE,0.984,1,2026-05-24,,,xgb-v1
1884,ADALIMUMAB,DEMYELINATION,0.984,1,2026-05-24,,,xgb-v1
1885,PACLITAXEL,NEUTROPENIC SEPSIS,0.984,1,2026-05-24,,,xgb-v1
1886,ASPIRIN,ISCHAEMIC CARDIOMYOPATHY,0.984,1,2026-05-24,,,xgb-v1
1887,LEVETIRACETAM,MATERNAL EXPOSURE DURING PREGNANCY,0.984,1,2026-05-24,,,xgb-v1
1888,RISPERIDONE,STUPOR,0.984,1,2026-05-24,,,xgb-v1
1889,TACROLIMUS,MYCOBACTERIUM CHELONAE INFECTION,0.984,1,2026-05-24,,,xgb-v1
1890,APIXABAN,POST PROCEDURAL HAEMATOMA,0.984,1,2026-05-24,,,xgb-v1
1891,GILENYA,REBOUND EFFECT,0.984,1,2026-05-24,,,xgb-v1
1892,PROLIA,PATELLA FRACTURE,0.984,1,2026-05-24,,,xgb-v1
1893,AZATHIOPRINE,DIARRHOEA HAEMORRHAGIC,0.984,1,2026-05-24,,,xgb-v1
1894,FLUOROURACIL,POSTERIOR REVERSIBLE ENCEPHALOPATHY SYNDROME,0.984,1,2026-05-24,,,xgb-v1
1895,TASIGNA,ANGINA PECTORIS,0.984,1,2026-05-24,,,xgb-v1
1896,OLAPARIB,ANAEMIA,0.984,1,2026-05-24,,,xgb-v1
1897,XOLAIR,WHEEZING,0.984,1,2026-05-24,,,xgb-v1
1898,DICLOFENAC,LARGE INTESTINAL ULCER,0.984,1,2026-05-24,,,xgb-v1
1899,TACROLIMUS,LIVER TRANSPLANT,0.984,1,2026-05-24,,,xgb-v1
1900,DOXORUBICIN,NEUTROPENIC SEPSIS,0.984,1,2026-05-24,,,xgb-v1
1901,METHADONE,BRAIN OEDEMA,0.984,1,2026-05-24,,,xgb-v1
1902,CLOZARIL,MEAN CELL HAEMOGLOBIN CONCENTRATION DECREASED,0.984,1,2026-05-24,,,xgb-v1
1903,VENLAFAXINE,INTENTIONAL OVERDOSE,0.984,1,2026-05-24,,,xgb-v1
1904,VALGANCICLOVIR,CYTOMEGALOVIRUS INFECTION,0.9839,1,2026-05-24,,,xgb-v1
1905,PROLIA,EXOSTOSIS OF JAW,0.9839,1,2026-05-24,,,xgb-v1
1906,CICLOSPORIN,PRODUCT USE IN UNAPPROVED INDICATION,0.9839,1,2026-05-24,,,xgb-v1
1907,KEYTRUDA,ENCEPHALITIS AUTOIMMUNE,0.9839,1,2026-05-24,,,xgb-v1
1908,DUODOPA,IMPULSE-CONTROL DISORDER,0.9839,1,2026-05-24,,,xgb-v1
1909,HUMIRA,INTESTINAL ANASTOMOSIS,0.9839,1,2026-05-24,,,xgb-v1
1910,RIVAROXABAN,MALLORY-WEISS SYNDROME,0.9839,1,2026-05-24,,,xgb-v1
1911,DABIGATRAN,ATRIAL FLUTTER,0.9839,1,2026-05-24,,,xgb-v1
1912,ADALIMUMAB,HIDRADENITIS,0.9839,1,2026-05-24,,,xgb-v1
1913,ENOXAPARIN,FOETAL EXPOSURE DURING PREGNANCY,0.9839,1,2026-05-24,,,xgb-v1
1914,ZYPREXA,AGGRESSION,0.9839,1,2026-05-24,,,xgb-v1
1915,BISOPROLOL,ATRIOVENTRICULAR BLOCK FIRST DEGREE,0.9839,1,2026-05-24,,,xgb-v1
1916,HYDROXYUREA,SPLENOMEGALY,0.9839,1,2026-05-24,,,xgb-v1
1917,QUETIAPINE,OCULOGYRIC CRISIS,0.9839,1,2026-05-24,,,xgb-v1
1918,MYCOPHENOLATE MOFETIL,IMMUNOSUPPRESSANT DRUG LEVEL INCREASED,0.9839,1,2026-05-24,,,xgb-v1
1919,ABATACEPT,RHEUMATOID ARTHRITIS,0.9839,1,2026-05-24,,,xgb-v1
1920,FUROSEMIDE,AORTIC STENOSIS,0.9839,1,2026-05-24,,,xgb-v1
1921,CYTARABINE,EPSTEIN-BARR VIRUS INFECTION,0.9838,1,2026-05-24,,,xgb-v1
1922,MYCOPHENOLATE MOFETIL,VARICELLA ZOSTER VIRUS INFECTION,0.9838,1,2026-05-24,,,xgb-v1
1923,MYCOPHENOLATE,POST TRANSPLANT LYMPHOPROLIFERATIVE DISORDER,0.9838,1,2026-05-24,,,xgb-v1
1924,PREDNISOLONE,TEMPORAL ARTERITIS,0.9838,1,2026-05-24,,,xgb-v1
1925,RITUXIMAB,LYMPHOPENIA,0.9838,1,2026-05-24,,,xgb-v1
1926,XGEVA,ATYPICAL FEMUR FRACTURE,0.9838,1,2026-05-24,,,xgb-v1
1927,TACROLIMUS,INFECTION REACTIVATION,0.9838,1,2026-05-24,,,xgb-v1
1928,VALACICLOVIR,PANCYTOPENIA,0.9838,1,2026-05-24,,,xgb-v1
1929,CLOPIDOGREL,SPINAL CORD COMPRESSION,0.9838,1,2026-05-24,,,xgb-v1
1930,HEPARIN,THROMBOSIS,0.9838,1,2026-05-24,,,xgb-v1
1931,INSULIN,DIABETIC COMPLICATION,0.9838,1,2026-05-24,,,xgb-v1
1932,PREGABALIN,DEPRESSED LEVEL OF CONSCIOUSNESS,0.9838,1,2026-05-24,,,xgb-v1
1933,TAPENTADOL,DRUG INTERACTION,0.9838,1,2026-05-24,,,xgb-v1
1934,ENTRESTO,BLOOD CREATINE INCREASED,0.9838,1,2026-05-24,,,xgb-v1
1935,CISPLATIN,THROMBOCYTOPENIA,0.9838,1,2026-05-24,,,xgb-v1
1936,PERINDOPRIL,HYPOVOLAEMIC SHOCK,0.9838,1,2026-05-24,,,xgb-v1
1937,INFLIXIMAB,LYMPHOPROLIFERATIVE DISORDER,0.9838,1,2026-05-24,,,xgb-v1
1938,CARBOPLATIN,GASTROINTESTINAL TOXICITY,0.9838,1,2026-05-24,,,xgb-v1
1939,POTASSIUM,BLOOD POTASSIUM DECREASED,0.9838,1,2026-05-24,,,xgb-v1
1940,TACROLIMUS,COVID-19,0.9838,1,2026-05-24,,,xgb-v1
1941,LANTUS,VISUAL IMPAIRMENT,0.9838,1,2026-05-24,,,xgb-v1
1942,OXALIPLATIN,NEUTROPENIA,0.9838,1,2026-05-24,,,xgb-v1
1943,APIXABAN,THROMBOSIS,0.9838,1,2026-05-24,,,xgb-v1
1944,VINCRISTINE,ENTEROCOCCAL INFECTION,0.9838,1,2026-05-24,,,xgb-v1
1945,TACROLIMUS,BACTERAEMIA,0.9837,1,2026-05-24,,,xgb-v1
1946,IBRANCE,ALOPECIA,0.9837,1,2026-05-24,,,xgb-v1
1947,VENLAFAXINE,ELECTROCARDIOGRAM QRS COMPLEX PROLONGED,0.9837,1,2026-05-24,,,xgb-v1
1948,XOLAIR,ANAPHYLACTIC SHOCK,0.9837,1,2026-05-24,,,xgb-v1
1949,DABIGATRAN,INTRACRANIAL HAEMATOMA,0.9837,1,2026-05-24,,,xgb-v1
1950,MONTELUKAST,ASTHMA,0.9837,1,2026-05-24,,,xgb-v1
1951,CYCLOPHOSPHAMIDE,CHRONIC LYMPHOCYTIC LEUKAEMIA,0.9837,1,2026-05-24,,,xgb-v1
1952,IPILIMUMAB,TRANSAMINASES INCREASED,0.9837,1,2026-05-24,,,xgb-v1
1953,EXELON,DEMENTIA,0.9837,1,2026-05-24,,,xgb-v1
1954,OXALIPLATIN,HYPOALBUMINAEMIA,0.9837,1,2026-05-24,,,xgb-v1
1955,NIRAPARIB,DISEASE PROGRESSION,0.9837,1,2026-05-24,,,xgb-v1
1956,IFOSFAMIDE,ENCEPHALOPATHY,0.9837,1,2026-05-24,,,xgb-v1
1957,TASIGNA,PLEURAL EFFUSION,0.9837,1,2026-05-24,,,xgb-v1
1958,ABATACEPT,GASTROENTERITIS,0.9837,1,2026-05-24,,,xgb-v1
1959,PANITUMUMAB,PARONYCHIA,0.9837,1,2026-05-24,,,xgb-v1
1960,CHLORAMBUCIL,NEUTROPENIA,0.9837,1,2026-05-24,,,xgb-v1
1961,CLOZARIL,MEAN CELL VOLUME INCREASED,0.9837,1,2026-05-24,,,xgb-v1
1962,DUODOPA,FIBROMA,0.9837,1,2026-05-24,,,xgb-v1
1963,CEFTRIAXONE,ALANINE AMINOTRANSFERASE INCREASED,0.9837,1,2026-05-24,,,xgb-v1
1964,SPIRIVA,DYSPNOEA EXERTIONAL,0.9837,1,2026-05-24,,,xgb-v1
1965,OLANZAPINE,TARDIVE DYSKINESIA,0.9837,1,2026-05-24,,,xgb-v1
1966,VINCRISTINE,LYMPHADENOPATHY,0.9837,1,2026-05-24,,,xgb-v1
1967,SERTRALINE,SALIVARY HYPERSECRETION,0.9837,1,2026-05-24,,,xgb-v1
1968,VALSARTAN,MITRAL VALVE INCOMPETENCE,0.9837,1,2026-05-24,,,xgb-v1
1969,ACYCLOVIR,ACUTE MYELOID LEUKAEMIA,0.9836,1,2026-05-24,,,xgb-v1
1970,TASIGNA,BLAST CRISIS IN MYELOGENOUS LEUKAEMIA,0.9836,1,2026-05-24,,,xgb-v1
1971,BISOPROLOL,SINUS NODE DYSFUNCTION,0.9836,1,2026-05-24,,,xgb-v1
1972,REVLIMID,PULMONARY THROMBOSIS,0.9836,1,2026-05-24,,,xgb-v1
1973,HYDROXYCHLOROQUINE,C-REACTIVE PROTEIN INCREASED,0.9836,1,2026-05-24,,,xgb-v1
1974,PROPRANOLOL,PRODUCT ADMINISTERED TO PATIENT OF INAPPROPRIATE AGE,0.9836,1,2026-05-24,,,xgb-v1
1975,VANCOMYCIN,OLIGURIA,0.9836,1,2026-05-24,,,xgb-v1
1976,CLOZARIL,MYOCARDITIS,0.9836,1,2026-05-24,,,xgb-v1
1977,CANDESARTAN,HAEMATOCHEZIA,0.9836,1,2026-05-24,,,xgb-v1
1978,FLUCONAZOLE,MENINGITIS CRYPTOCOCCAL,0.9836,1,2026-05-24,,,xgb-v1
1979,ETOPOSIDE,LEUKOPENIA,0.9836,1,2026-05-24,,,xgb-v1
1980,CYCLOPHOSPHAMIDE,ENTEROCOCCAL INFECTION,0.9836,1,2026-05-24,,,xgb-v1
1981,XELODA,INTENTIONAL PRODUCT USE ISSUE,0.9836,1,2026-05-24,,,xgb-v1
1982,CLEXANE,IRON DEFICIENCY,0.9836,1,2026-05-24,,,xgb-v1
1983,ENTRESTO,HYPOACUSIS,0.9836,1,2026-05-24,,,xgb-v1
1984,HUMIRA,LIGAMENT INJURY,0.9836,1,2026-05-24,,,xgb-v1
1985,FLUOROURACIL,STRESS CARDIOMYOPATHY,0.9836,1,2026-05-24,,,xgb-v1
1986,TACROLIMUS,RENAL TUBULAR NECROSIS,0.9835,1,2026-05-24,,,xgb-v1
1987,CLOZARIL,REFUSAL OF TREATMENT BY PATIENT,0.9835,1,2026-05-24,,,xgb-v1
1988,DURVALUMAB,RADIATION PNEUMONITIS,0.9835,1,2026-05-24,,,xgb-v1
1989,MOVICOL,MEDICATION ERROR,0.9835,1,2026-05-24,,,xgb-v1
1990,MIDAZOLAM,BRAIN OEDEMA,0.9835,1,2026-05-24,,,xgb-v1
1991,SEROQUEL,"HALLUCINATION, AUDITORY",0.9835,1,2026-05-24,,,xgb-v1
1992,AVASTIN,POSTERIOR REVERSIBLE ENCEPHALOPATHY SYNDROME,0.9835,1,2026-05-24,,,xgb-v1
1993,MYCOPHENOLATE,KLEBSIELLA INFECTION,0.9835,1,2026-05-24,,,xgb-v1
1994,VINCRISTINE SULFATE,SEPTIC SHOCK,0.9835,1,2026-05-24,,,xgb-v1
1995,SYMBICORT,NASAL DISORDER,0.9835,1,2026-05-24,,,xgb-v1
1996,AZATHIOPRINE,DISEASE RECURRENCE,0.9835,1,2026-05-24,,,xgb-v1
1997,HUMIRA,POSTOPERATIVE THROMBOSIS,0.9835,1,2026-05-24,,,xgb-v1
1998,CLOPIDOGREL,INTERMITTENT CLAUDICATION,0.9835,1,2026-05-24,,,xgb-v1
1999,FLUCONAZOLE,CANDIDA INFECTION,0.9835,1,2026-05-24,,,xgb-v1
2000,CEFUROXIME,RASH MACULO-PAPULAR,0.9835,1,2026-05-24,,,xgb-v1
