id,drug_name,reaction_term,case_count,drug_total,reaction_total,grand_total,prr,ror,prr_chi_square,signal_status,confidence,first_detected_date,last_updated,serious_ratio,death_ratio,countries_count
7670,HISTATROL,FALSE NEGATIVE INVESTIGATION RESULT,95,95,95,20864371,300683.4739,999999.9999,999999.9999,STRONG_SIGNAL,HIGH,2026-05-24,2026-05-24 21:18:25.195280,0.0,0.0,1
2919,BUPIVACAINE HYDROCHLORIDE WITH DEXTROSE,ANAESTHETIC COMPLICATION,131,131,131,20864371,38705.8501,400872.6619,999999.9999,STRONG_SIGNAL,HIGH,2026-05-24,2026-05-24 21:18:25.195280,0.0153,0.0,3
2916,AVEED,PULMONARY OIL MICROEMBOLISM,24,24,24,20864371,22236.6501,22895.4842,999999.9999,STRONG_SIGNAL,HIGH,2026-05-24,2026-05-24 21:18:25.195280,0.9167,0.0,7
6459,PARAGARD T 380A,REPRODUCTIVE COMPLICATION ASSOCIATED WITH DEVICE,24,24,24,20864371,21028.0854,21049.3231,999999.9999,STRONG_SIGNAL,HIGH,2026-05-24,2026-05-24 21:18:25.195280,1.0,0.0,1
5925,RADICUT BAG FOR I V INFUSION,AMYOTROPHIC LATERAL SCLEROSIS,37,37,37,20864371,18909.9238,34810.6098,999999.9999,STRONG_SIGNAL,HIGH,2026-05-24,2026-05-24 21:18:25.195280,1.0,0.9459,1
2726,VISUDYNE,POLYPOIDAL CHOROIDAL VASCULOPATHY,53,53,53,20864371,18429.7704,20717.1822,999999.9999,STRONG_SIGNAL,HIGH,2026-05-24,2026-05-24 21:18:25.195280,1.0,0.0,2
5260,ISTODAX,PERIPHERAL T-CELL LYMPHOMA UNSPECIFIED,57,57,57,20864371,17904.9701,21175.8877,999999.9999,STRONG_SIGNAL,HIGH,2026-05-24,2026-05-24 21:18:25.195280,1.0,0.7895,1
5405,AURYXIA,TRANSFERRIN SATURATION INCREASED,78,78,78,20864371,16282.578,17720.8148,999999.9999,STRONG_SIGNAL,HIGH,2026-05-24,2026-05-24 21:18:25.195280,0.0256,0.0,1
3792,OXTELLAR XR,SIMPLE PARTIAL SEIZURES,184,184,184,20864371,14352.4513,15288.5261,999999.9999,STRONG_SIGNAL,HIGH,2026-05-24,2026-05-24 21:18:25.195280,1.0,0.0,1
8629,G-LASTA,COLONY STIMULATING FACTOR THERAPY,36,36,36,20864371,10710.4127,11565.2661,999999.9999,STRONG_SIGNAL,HIGH,2026-05-24,2026-05-24 21:18:25.195280,1.0,0.0,1
8512,MINOCYCLINE,BONE HYPERPIGMENTATION,18,18,18,20864371,9545.2047,9580.2722,999999.9999,STRONG_SIGNAL,HIGH,2026-05-24,2026-05-24 21:18:25.195280,0.2222,0.0,5
5357,CYTOTEC,FOETAL EXPOSURE DURING DELIVERY,110,110,110,20864371,8506.5275,8940.2818,999999.9999,STRONG_SIGNAL,HIGH,2026-05-24,2026-05-24 21:18:25.195280,1.0,0.0364,1
1241,DABIGATRAN,PROCOAGULANT THERAPY,213,213,213,20864371,8319.283,8396.3611,999999.9999,STRONG_SIGNAL,HIGH,2026-05-24,2026-05-24 21:18:25.195280,0.9953,0.0047,33
650,XOFIGO,HORMONE-REFRACTORY PROSTATE CANCER,193,193,193,20864371,7460.9431,7989.4926,999999.9999,STRONG_SIGNAL,HIGH,2026-05-24,2026-05-24 21:18:25.195280,1.0,0.2746,15
3907,ORGALUTRAN,OVARIAN HYPERSTIMULATION SYNDROME,111,111,111,20864371,5452.7382,7373.827,999999.9999,STRONG_SIGNAL,HIGH,2026-05-24,2026-05-24 21:18:25.195280,1.0,0.009,7
462,XIIDRA,INSTILLATION SITE REACTION,497,497,497,20864371,5009.5143,5286.2801,999999.9999,STRONG_SIGNAL,HIGH,2026-05-24,2026-05-24 21:18:25.195280,0.0201,0.0,1
5148,XIAFLEX,GENITAL CONTUSION,43,43,43,20864371,4994.0264,5052.0692,999999.9999,STRONG_SIGNAL,HIGH,2026-05-24,2026-05-24 21:18:25.195280,0.0233,0.0,1
6524,CYTOTEC,FOETAL HEART RATE DECREASED,50,50,50,20864371,4555.701,4658.4232,999999.9999,STRONG_SIGNAL,HIGH,2026-05-24,2026-05-24 21:18:25.195280,1.0,0.02,1
9732,MORPHABOND ER,MEDICATION RESIDUE PRESENT,50,50,50,20864371,4276.2731,4991.2017,999999.9999,STRONG_SIGNAL,HIGH,2026-05-24,2026-05-24 21:18:25.195280,0.0,0.0,1
7494,ZICAM NOS,ANOSMIA,91,91,91,20864371,4095.6672,7977.0705,999999.9999,STRONG_SIGNAL,HIGH,2026-05-24,2026-05-24 21:18:25.195280,0.022,0.0,1
1354,XIIDRA,INSTILLATION SITE LACRIMATION,93,93,93,20864371,4087.0379,4127.4722,999999.9999,STRONG_SIGNAL,HIGH,2026-05-24,2026-05-24 21:18:25.195280,0.0215,0.0,1
66,OXBRYTA,SICKLE CELL ANAEMIA WITH CRISIS,1111,1111,1111,20864371,3931.3514,5219.8201,999999.9999,STRONG_SIGNAL,HIGH,2026-05-24,2026-05-24 21:18:25.195280,0.6463,0.0036,1
4164,SPINRAZA,POST LUMBAR PUNCTURE SYNDROME,116,116,116,20864371,3879.6331,3990.1789,999999.9999,STRONG_SIGNAL,HIGH,2026-05-24,2026-05-24 21:18:25.195280,0.2586,0.0086,10
1812,XIAFLEX,PENILE SWELLING,176,176,176,20864371,3529.3237,3703.4641,999999.9999,STRONG_SIGNAL,HIGH,2026-05-24,2026-05-24 21:18:25.195280,0.1193,0.0,1
3999,JBABY BABY POWDER UNSPECIFIED ZINC OXIDE,OVARIAN CANCER,62,62,62,20864371,3489.8571,5013.1609,999999.9999,STRONG_SIGNAL,HIGH,2026-05-24,2026-05-24 21:18:25.195280,1.0,0.6774,1
1080,JADELLE,PREGNANCY WITH IMPLANT CONTRACEPTIVE,97,97,97,20864371,3464.0925,4231.033,999999.9999,STRONG_SIGNAL,HIGH,2026-05-24,2026-05-24 21:18:25.195280,1.0,0.0,30
869,ELIGARD,INTERCEPTED PRODUCT PREPARATION ERROR,260,260,260,20864371,3440.5012,3666.6126,999999.9999,STRONG_SIGNAL,HIGH,2026-05-24,2026-05-24 21:18:25.195280,0.0038,0.0,22
7209,CATHFLO ACTIVASE,INTERCEPTED PRODUCT STORAGE ERROR,70,70,70,20864371,3361.3736,3836.578,999999.9999,STRONG_SIGNAL,HIGH,2026-05-24,2026-05-24 21:18:25.195280,0.0,0.0,1
3183,KCENTRA,PRODUCT PREPARATION ISSUE,167,167,167,20864371,3140.1546,4009.5391,999999.9999,STRONG_SIGNAL,HIGH,2026-05-24,2026-05-24 21:18:25.195280,0.006,0.0,2
3105,ALLI,STEATORRHOEA,161,161,161,20864371,3123.3704,3330.7555,999999.9999,STRONG_SIGNAL,HIGH,2026-05-24,2026-05-24 21:18:25.195280,0.0062,0.0,1
8539,EPINEPHRINE/LIDOCAINE HYDROCHLORIDE,VASOCONSTRICTION,6,6,6,20864371,3018.5488,3134.6083,999999.9999,STRONG_SIGNAL,MEDIUM,2026-05-24,2026-05-24 21:18:25.195280,1.0,0.0,1
7382,GONAL-F,OVARIAN HYPERSTIMULATION SYNDROME,101,101,101,20864371,2972.418,3470.1182,999999.9999,STRONG_SIGNAL,HIGH,2026-05-24,2026-05-24 21:18:25.195280,1.0,0.0,13
963,PLAN B ONE-STEP,PREGNANCY AFTER POST COITAL CONTRACEPTION,409,409,409,20864371,2881.6233,2991.5482,999999.9999,STRONG_SIGNAL,HIGH,2026-05-24,2026-05-24 21:18:25.195280,1.0,0.0,2
5079,XIIDRA,INSTILLATION SITE PRURITUS,94,94,94,20864371,2868.7393,2897.4258,999999.9999,STRONG_SIGNAL,HIGH,2026-05-24,2026-05-24 21:18:25.195280,0.0319,0.0,1
6800,BEOVU,RETINAL VASCULITIS,74,74,74,20864371,2801.383,2890.6286,999999.9999,STRONG_SIGNAL,HIGH,2026-05-24,2026-05-24 21:18:25.195280,0.9459,0.0,3
8670,ZYPREXA RELPREVV,POST-INJECTION DELIRIUM SEDATION SYNDROME,38,38,38,20864371,2800.7548,3063.4478,999999.9999,STRONG_SIGNAL,HIGH,2026-05-24,2026-05-24 21:18:25.195280,1.0,0.0263,3
1947,CHLORAPREP,FOREIGN BODY,33,33,33,20864371,2582.9245,2679.4177,999999.9999,STRONG_SIGNAL,HIGH,2026-05-24,2026-05-24 21:18:25.195280,0.9697,0.0,1
3431,DELFLEX WITH DEXTROSE 1 5 LOW MAGNESIUM LOW CALCIUM,PERITONITIS BACTERIAL,220,220,220,20864371,2448.4946,3001.3167,999999.9999,STRONG_SIGNAL,HIGH,2026-05-24,2026-05-24 21:18:25.195280,1.0,0.0,1
5467,LILETTA,UTERINE SPASM,120,120,120,20864371,2426.4961,2512.0767,999999.9999,STRONG_SIGNAL,HIGH,2026-05-24,2026-05-24 21:18:25.195280,0.15,0.0083,1
3638,DIANEAL LOW CALCIUM PERITONEAL DIALYSIS SOLUTION WITH DEXTROSE,PERITONEAL DIALYSIS COMPLICATION,210,210,210,20864371,2368.622,2448.6736,999999.9999,STRONG_SIGNAL,HIGH,2026-05-24,2026-05-24 21:18:25.195280,0.4905,0.0381,4
9360,NUVARING,ABNORMAL WITHDRAWAL BLEEDING,44,44,44,20864371,2281.159,2296.9785,999999.9999,STRONG_SIGNAL,HIGH,2026-05-24,2026-05-24 21:18:25.195280,0.0909,0.0,4
7743,MONISTAT 1 COMBINATION PACK TRIPLE ACTION,VULVOVAGINAL BURNING SENSATION,81,81,81,20864371,2277.7223,2843.4109,999999.9999,STRONG_SIGNAL,HIGH,2026-05-24,2026-05-24 21:18:25.195280,0.0,0.0,1
2451,NICORETTE,NICOTINE DEPENDENCE,284,284,284,20864371,2230.9276,2517.2293,999999.9999,STRONG_SIGNAL,HIGH,2026-05-24,2026-05-24 21:18:25.195280,0.1092,0.0,14
4105,PICATO,APPLICATION SITE SCAB,72,72,72,20864371,2191.8169,2262.8705,999999.9999,STRONG_SIGNAL,HIGH,2026-05-24,2026-05-24 21:18:25.195280,0.1111,0.0,6
2968,DELFLEX WITH DEXTROSE 4 25 LOW MAGNESIUM LOW CALCIUM,PERITONITIS BACTERIAL,58,58,58,20864371,2104.4587,2549.7164,999999.9999,STRONG_SIGNAL,HIGH,2026-05-24,2026-05-24 21:18:25.195280,1.0,0.0,1
4867,MONISTAT 1 COMBINATION PACK,VULVOVAGINAL BURNING SENSATION,112,112,112,20864371,2076.4075,2526.8836,999999.9999,STRONG_SIGNAL,HIGH,2026-05-24,2026-05-24 21:18:25.195280,0.0179,0.0,1
9769,HYDRALAZINE HYDROCHLORIDE,GLOMERULONEPHRITIS PROLIFERATIVE,4,4,4,20864371,2057.1791,2075.1762,999999.9999,STRONG_SIGNAL,LOW,2026-05-24,2026-05-24 21:18:25.195280,1.0,0.0,2
420,MONISTAT 3 3-DAY PRE-FILLED APPLICATORS,VULVOVAGINAL PAIN,36,36,36,20864371,2013.5188,2381.2888,999999.9999,STRONG_SIGNAL,HIGH,2026-05-24,2026-05-24 21:18:25.195280,0.0,0.0,1
789,GRALISE,DRUG TITRATION ERROR,312,312,312,20864371,1986.8671,2159.1192,999999.9999,STRONG_SIGNAL,HIGH,2026-05-24,2026-05-24 21:18:25.195280,0.2212,0.0032,1
3707,PICATO,APPLICATION SITE EXFOLIATION,123,123,123,20864371,1985.0387,2097.5499,999999.9999,STRONG_SIGNAL,HIGH,2026-05-24,2026-05-24 21:18:25.195280,0.0081,0.0,1
6454,MONISTAT 1 COMBINATION PACK,VULVOVAGINAL PAIN,92,92,92,20864371,1978.299,2317.6861,999999.9999,STRONG_SIGNAL,HIGH,2026-05-24,2026-05-24 21:18:25.195280,0.0109,0.0,1
2743,NEXPLANON,IMPLANT SITE BRUISING,120,120,120,20864371,1896.8216,1903.4047,999999.9999,STRONG_SIGNAL,HIGH,2026-05-24,2026-05-24 21:18:25.195280,0.1917,0.0,2
9585,TENOFOVIR,CSF HIV ESCAPE SYNDROME,71,71,71,20864371,1856.0337,1897.0257,999999.9999,STRONG_SIGNAL,HIGH,2026-05-24,2026-05-24 21:18:25.195280,1.0,0.0423,2
4326,PROPECIA,SEMEN ANALYSIS ABNORMAL,3,3,3,20864371,1817.3815,1819.4409,999999.9999,STRONG_SIGNAL,LOW,2026-05-24,2026-05-24 21:18:25.195280,1.0,0.0,2
8715,BUPRENORPHINE,ORAL ADMINISTRATION COMPLICATION,74,74,74,20864371,1784.9397,1819.0072,999999.9999,STRONG_SIGNAL,HIGH,2026-05-24,2026-05-24 21:18:25.195280,0.0541,0.0,1
2827,CLARAVIS,UNINTENDED PREGNANCY,198,198,198,20864371,1757.4423,1994.1854,999999.9999,STRONG_SIGNAL,HIGH,2026-05-24,2026-05-24 21:18:25.195280,1.0,0.0,1
7031,NEXPLANON,IMPLANT SITE FIBROSIS,92,92,92,20864371,1726.898,1731.4889,999999.9999,STRONG_SIGNAL,HIGH,2026-05-24,2026-05-24 21:18:25.195280,0.1957,0.0,1
9341,ELMIRON,MACULOPATHY,81,81,81,20864371,1702.1499,1795.2534,999999.9999,STRONG_SIGNAL,HIGH,2026-05-24,2026-05-24 21:18:25.195280,0.9753,0.0,3
8843,IMPLANON NXT,UNINTENDED PREGNANCY,85,85,85,20864371,1673.0179,1905.6227,999999.9999,STRONG_SIGNAL,HIGH,2026-05-24,2026-05-24 21:18:25.195280,1.0,0.0,20
9655,G-LASTA,CHEMOTHERAPY,32,32,32,20864371,1624.328,1738.4961,999999.9999,STRONG_SIGNAL,HIGH,2026-05-24,2026-05-24 21:18:25.195280,1.0,0.0313,1
2165,ETANERCEPT,FOETAL MALFORMATION,210,210,210,20864371,1585.5365,1621.3858,999999.9999,STRONG_SIGNAL,HIGH,2026-05-24,2026-05-24 21:18:25.195280,1.0,0.0,1
2669,LUCENTIS,POLYPOIDAL CHOROIDAL VASCULOPATHY,64,64,64,20864371,1584.8922,1598.7329,999999.9999,STRONG_SIGNAL,HIGH,2026-05-24,2026-05-24 21:18:25.195280,1.0,0.0,4
338,INVOKANA,TOE AMPUTATION,1723,1723,1723,20864371,1583.1479,1753.3553,999999.9999,STRONG_SIGNAL,HIGH,2026-05-24,2026-05-24 21:18:25.195280,0.9994,0.0075,4
7464,ELOCTATE,FACTOR VIII INHIBITION,21,21,21,20864371,1582.2727,1617.0806,999999.9999,STRONG_SIGNAL,HIGH,2026-05-24,2026-05-24 21:18:25.195280,1.0,0.0476,6
8468,SABRIL,DRUG WITHDRAWAL CONVULSIONS,78,78,78,20864371,1505.949,1564.7596,999999.9999,STRONG_SIGNAL,HIGH,2026-05-24,2026-05-24 21:18:25.195280,0.9872,0.0,1
6560,TEMODAR,TUMOUR NECROSIS,31,31,31,20864371,1493.1232,1536.1919,999999.9999,STRONG_SIGNAL,HIGH,2026-05-24,2026-05-24 21:18:25.195280,1.0,0.0,1
5493,LEVONORGESTREL - BP,ECTOPIC PREGNANCY,6,6,6,20864371,1492.3091,1554.8815,999999.9999,STRONG_SIGNAL,MEDIUM,2026-05-24,2026-05-24 21:18:25.195280,1.0,0.0,3
1063,TAKHZYRO,HEREDITARY ANGIOEDEMA,267,267,267,20864371,1489.9553,1973.0065,999999.9999,STRONG_SIGNAL,HIGH,2026-05-24,2026-05-24 21:18:25.195280,0.2772,0.0075,2
7396,OSIMERTINIB,ACQUIRED GENE MUTATION,97,97,97,20864371,1485.0234,1567.4219,999999.9999,STRONG_SIGNAL,HIGH,2026-05-24,2026-05-24 21:18:25.195280,1.0,0.134,13
9371,KALBITOR,HEREDITARY ANGIOEDEMA,68,68,68,20864371,1464.2338,1964.2333,999999.9999,STRONG_SIGNAL,HIGH,2026-05-24,2026-05-24 21:18:25.195280,0.5588,0.0441,2
7397,INVOKANA,GAS GANGRENE,95,95,95,20864371,1431.3168,1439.018,999999.9999,STRONG_SIGNAL,HIGH,2026-05-24,2026-05-24 21:18:25.195280,1.0,0.0,1
1143,CLOZARIL,DIFFERENTIAL WHITE BLOOD CELL COUNT ABNORMAL,225,225,225,20864371,1430.2113,1447.8811,999999.9999,STRONG_SIGNAL,HIGH,2026-05-24,2026-05-24 21:18:25.195280,0.9644,0.0267,2
6853,PICATO,APPLICATION SITE DRYNESS,77,77,77,20864371,1401.7278,1450.4213,999999.9999,STRONG_SIGNAL,HIGH,2026-05-24,2026-05-24 21:18:25.195280,0.0,0.0,2
7959,JADELLE,GENITAL HAEMORRHAGE,97,97,97,20864371,1395.8631,1704.7711,999999.9999,STRONG_SIGNAL,HIGH,2026-05-24,2026-05-24 21:18:25.195280,1.0,0.0,7
5706,SOMAVERT,INSULIN-LIKE GROWTH FACTOR INCREASED,98,98,98,20864371,1367.4104,1433.0195,999999.9999,STRONG_SIGNAL,HIGH,2026-05-24,2026-05-24 21:18:25.195280,0.2551,0.0,3
700,DACLIZUMAB,TRANSPLANT DYSFUNCTION,94,94,94,20864371,1367.4,1513.1907,999999.9999,STRONG_SIGNAL,HIGH,2026-05-24,2026-05-24 21:18:25.195280,1.0,0.0,2
6325,NEXPLANON,IMPLANT SITE CELLULITIS,34,34,34,20864371,1361.4964,1362.8316,999999.9999,STRONG_SIGNAL,HIGH,2026-05-24,2026-05-24 21:18:25.195280,0.4118,0.0,1
1699,RHOPHYLAC,SYRINGE ISSUE,109,109,109,20864371,1338.7433,1563.7649,999999.9999,STRONG_SIGNAL,HIGH,2026-05-24,2026-05-24 21:18:25.195280,0.0092,0.0,9
6653,GADOLINIUM UNSPECIFIED,GADOLINIUM DEPOSITION DISEASE,76,76,76,20864371,1333.5592,1424.5515,999999.9999,STRONG_SIGNAL,HIGH,2026-05-24,2026-05-24 21:18:25.195280,1.0,0.0,2
8888,ADALIMUMAB,PARADOXICAL PSORIASIS,8,8,8,20864371,1310.8156,1311.8043,999999.9999,STRONG_SIGNAL,MEDIUM,2026-05-24,2026-05-24 21:18:25.195280,1.0,0.0,5
1637,FIRAZYR,HEREDITARY ANGIOEDEMA,372,372,372,20864371,1286.0036,1617.2727,999999.9999,STRONG_SIGNAL,HIGH,2026-05-24,2026-05-24 21:18:25.195280,0.5,0.0081,11
7054,AREDIA,CARDIAC OUTPUT DECREASED,10,10,10,20864371,1257.11,1292.1969,999999.9999,STRONG_SIGNAL,HIGH,2026-05-24,2026-05-24 21:18:25.195280,1.0,0.0,1
651,PLAN B ONE-STEP,MENSTRUATION DELAYED,1040,1040,1040,20864371,1251.8153,1380.7781,999999.9999,STRONG_SIGNAL,HIGH,2026-05-24,2026-05-24 21:18:25.195280,0.025,0.0,1
5387,AMOXICILLIN /CLAVULANATE,DRUG-INDUCED LIVER INJURY,76,76,76,20864371,1250.593,3459.176,999999.9999,STRONG_SIGNAL,HIGH,2026-05-24,2026-05-24 21:18:25.195280,1.0,0.0,1
71,AZTREONAM LYSINE,CYSTIC FIBROSIS,1077,1077,1077,20864371,1240.5697,1502.389,999999.9999,STRONG_SIGNAL,HIGH,2026-05-24,2026-05-24 21:18:25.195280,0.9991,0.0232,2
4779,ZICAM COLD REMEDY RAPIDMELTS,ANOSMIA,15,15,15,20864371,1237.2811,1458.0456,999999.9999,STRONG_SIGNAL,HIGH,2026-05-24,2026-05-24 21:18:25.195280,0.1333,0.0,1
5371,NOCTIVA,NASAL DISCOMFORT,117,117,117,20864371,1236.6966,1403.8371,999999.9999,STRONG_SIGNAL,HIGH,2026-05-24,2026-05-24 21:18:25.195280,0.0085,0.0,1
4221,LILETTA,UTERINE PERFORATION,175,175,175,20864371,1232.8437,1297.2707,999999.9999,STRONG_SIGNAL,HIGH,2026-05-24,2026-05-24 21:18:25.195280,1.0,0.0,1
7162,GADOXETATE DISODIUM,GADOLINIUM DEPOSITION DISEASE,66,66,66,20864371,1147.5898,1215.0363,999999.9999,STRONG_SIGNAL,HIGH,2026-05-24,2026-05-24 21:18:25.195280,1.0,0.0,1
2986,MAGNEVIST,CONTRAST MEDIA DEPOSITION,89,89,89,20864371,1136.3932,1165.3806,999999.9999,STRONG_SIGNAL,HIGH,2026-05-24,2026-05-24 21:18:25.195280,0.9775,0.0,4
9024,SUBLOCADE,INJECTION SITE ULCER,39,39,39,20864371,1124.0472,1134.1835,999999.9999,STRONG_SIGNAL,HIGH,2026-05-24,2026-05-24 21:18:25.195280,0.1282,0.0,2
8044,SOFOSBUVIR,CRYOGLOBULINAEMIA,44,44,44,20864371,1123.8248,1137.4161,999999.9999,STRONG_SIGNAL,HIGH,2026-05-24,2026-05-24 21:18:25.195280,1.0,0.0,2
4110,OMNISCAN,GADOLINIUM DEPOSITION DISEASE,160,160,160,20864371,1110.2554,1167.1039,999999.9999,STRONG_SIGNAL,HIGH,2026-05-24,2026-05-24 21:18:25.195280,1.0,0.0,4
1459,HABITROL,NICOTINE DEPENDENCE,173,173,173,20864371,1096.9762,1169.1513,999999.9999,STRONG_SIGNAL,HIGH,2026-05-24,2026-05-24 21:18:25.195280,0.0,0.0,1
6347,SKYLA,ECTOPIC PREGNANCY WITH CONTRACEPTIVE DEVICE,68,68,68,20864371,1092.2827,1119.4549,999999.9999,STRONG_SIGNAL,HIGH,2026-05-24,2026-05-24 21:18:25.195280,1.0,0.0,1
6898,YESCARTA,CAR T-CELL-RELATED ENCEPHALOPATHY SYNDROME,57,57,57,20864371,1078.4764,1092.1854,999999.9999,STRONG_SIGNAL,HIGH,2026-05-24,2026-05-24 21:18:25.195280,0.9825,0.0526,2
333,SYNAGIS,RESPIRATORY SYNCYTIAL VIRUS INFECTION,544,544,544,20864371,1065.8389,1178.6036,999999.9999,STRONG_SIGNAL,HIGH,2026-05-24,2026-05-24 21:18:25.195280,0.8382,0.0331,23
6203,JAKAVI,PRIMARY MYELOFIBROSIS,68,68,68,20864371,1039.0744,1045.4235,999999.9999,STRONG_SIGNAL,HIGH,2026-05-24,2026-05-24 21:18:25.195280,1.0,0.75,14
861,PROVENTIL,POOR QUALITY DEVICE USED,687,687,687,20864371,1028.162,1143.1278,999999.9999,STRONG_SIGNAL,HIGH,2026-05-24,2026-05-24 21:18:25.195280,0.0466,0.0,1
8226,OMNISCAN,CONTRAST MEDIA DEPOSITION,76,76,76,20864371,1027.8131,1052.1542,999999.9999,STRONG_SIGNAL,HIGH,2026-05-24,2026-05-24 21:18:25.195280,1.0,0.0,5
7465,OVITRELLE,PELVIC FLUID COLLECTION,16,16,16,20864371,1023.6821,1043.6857,999999.9999,STRONG_SIGNAL,HIGH,2026-05-24,2026-05-24 21:18:25.195280,1.0,0.0,2
6824,PRAZAXA,CARDIAC TAMPONADE,117,117,117,20864371,1021.6461,1109.0021,999999.9999,STRONG_SIGNAL,HIGH,2026-05-24,2026-05-24 21:18:25.195280,1.0,0.0,1
3862,EYLEA,NON-INFECTIOUS ENDOPHTHALMITIS,170,170,170,20864371,1014.5887,1025.5076,999999.9999,STRONG_SIGNAL,HIGH,2026-05-24,2026-05-24 21:18:25.195280,0.9706,0.0,15
3178,SOMAVERT,BLOOD GROWTH HORMONE INCREASED,20,20,20,20864371,985.1782,994.4673,999999.9999,STRONG_SIGNAL,HIGH,2026-05-24,2026-05-24 21:18:25.195280,0.45,0.0,3
9874,BEVACIZUMAB,GLOMERULAR VASCULAR DISORDER,28,28,28,20864371,983.3678,984.7601,999999.9999,STRONG_SIGNAL,HIGH,2026-05-24,2026-05-24 21:18:25.195280,1.0,0.0,1
5621,ESTROGEL,MENOPAUSAL SYMPTOMS,39,39,39,20864371,977.6126,1003.4,999999.9999,STRONG_SIGNAL,HIGH,2026-05-24,2026-05-24 21:18:25.195280,0.9744,0.0,2
7190,CHILDRENS TYLENOL,PRODUCT ADMINISTERED TO PATIENT OF INAPPROPRIATE AGE,77,77,77,20864371,951.2076,1058.9631,999999.9999,STRONG_SIGNAL,HIGH,2026-05-24,2026-05-24 21:18:25.195280,0.013,0.0,2
8178,ALKA-SELTZER PLUS MAXIMUM STRENGTH DAY AND NIGHT COLD AND FLU POWERMAX GELS,CHOKING,19,19,19,20864371,936.6556,1278.5298,999999.9999,STRONG_SIGNAL,HIGH,2026-05-24,2026-05-24 21:18:25.195280,1.0,0.0,1
1020,VIREAD,SKELETAL INJURY,653,653,653,20864371,903.0093,965.7101,999999.9999,STRONG_SIGNAL,HIGH,2026-05-24,2026-05-24 21:18:25.195280,1.0,0.0092,1
210,YESCARTA,IMMUNE EFFECTOR CELL-ASSOCIATED NEUROTOXICITY SYNDROME,58,58,58,20864371,897.8703,909.4842,999999.9999,STRONG_SIGNAL,HIGH,2026-05-24,2026-05-24 21:18:25.195280,1.0,0.1379,9
600,MAKENA,PRETERM PREMATURE RUPTURE OF MEMBRANES,384,384,384,20864371,895.0754,912.1741,999999.9999,STRONG_SIGNAL,HIGH,2026-05-24,2026-05-24 21:18:25.195280,1.0,0.0026,1
3267,NILOTINIB,CYTOGENETIC ANALYSIS ABNORMAL,63,63,63,20864371,875.2449,898.5927,999999.9999,STRONG_SIGNAL,HIGH,2026-05-24,2026-05-24 21:18:25.195280,1.0,0.0635,12
4120,VILDAGLIPTIN,PEMPHIGOID,155,155,155,20864371,872.8597,1021.5267,999999.9999,STRONG_SIGNAL,HIGH,2026-05-24,2026-05-24 21:18:25.195280,1.0,0.0065,10
2588,INVOKANA,AMPUTATION,228,228,228,20864371,856.0463,867.1794,999999.9999,STRONG_SIGNAL,HIGH,2026-05-24,2026-05-24 21:18:25.195280,1.0,0.0175,4
2841,MIRENA,POST PROCEDURAL DISCOMFORT,246,246,246,20864371,839.4456,844.2392,999999.9999,STRONG_SIGNAL,HIGH,2026-05-24,2026-05-24 21:18:25.195280,0.1626,0.0,5
8946,MIRENA,UTERINE CERVIX STENOSIS,78,78,78,20864371,833.9858,835.4899,999999.9999,STRONG_SIGNAL,HIGH,2026-05-24,2026-05-24 21:18:25.195280,0.1923,0.0,3
556,LANTUS SOLOSTAR,DEVICE OPERATIONAL ISSUE,785,785,785,20864371,825.1322,859.4183,999999.9999,STRONG_SIGNAL,HIGH,2026-05-24,2026-05-24 21:18:25.195280,0.0943,0.0,2
7579,DARUNAVIR RITONAVIR,VIROLOGIC FAILURE,66,66,66,20864371,824.5602,949.802,999999.9999,STRONG_SIGNAL,HIGH,2026-05-24,2026-05-24 21:18:25.195280,1.0,0.0,14
8077,ELMIRON,CYSTITIS INTERSTITIAL,41,41,41,20864371,821.5385,843.6715,999999.9999,STRONG_SIGNAL,HIGH,2026-05-24,2026-05-24 21:18:25.195280,0.2927,0.0488,2
1051,NEULASTA,APPLICATION SITE HAEMORRHAGE,628,628,628,20864371,816.9761,829.7543,999999.9999,STRONG_SIGNAL,HIGH,2026-05-24,2026-05-24 21:18:25.195280,0.0207,0.0,3
1152,BENICAR HCT,SPRUE-LIKE ENTEROPATHY,490,490,490,20864371,810.7716,914.48,999999.9999,STRONG_SIGNAL,HIGH,2026-05-24,2026-05-24 21:18:25.195280,0.8939,0.0102,1
7192,SOLU MEDROL,ADMINISTRATION SITE OEDEMA,3,3,3,20864371,807.5176,808.5179,999999.9999,STRONG_SIGNAL,LOW,2026-05-24,2026-05-24 21:18:25.195280,1.0,0.0,1
8355,DOCETAXEL SUN,DEFORMITY,68,68,68,20864371,797.4034,873.4644,999999.9999,STRONG_SIGNAL,HIGH,2026-05-24,2026-05-24 21:18:25.195280,0.0147,0.0,1
5637,MAKENA,SHORTENED CERVIX,72,72,72,20864371,797.1765,799.9878,999999.9999,STRONG_SIGNAL,HIGH,2026-05-24,2026-05-24 21:18:25.195280,0.7917,0.0,1
1991,MULTIHANCE,GADOLINIUM DEPOSITION DISEASE,168,168,168,20864371,795.9313,824.4612,999999.9999,STRONG_SIGNAL,HIGH,2026-05-24,2026-05-24 21:18:25.195280,0.994,0.0,4
290,INVOKANA,LEG AMPUTATION,588,588,588,20864371,791.5345,818.637,999999.9999,STRONG_SIGNAL,HIGH,2026-05-24,2026-05-24 21:18:25.195280,1.0,0.0221,4
7648,GENOTROPIN MQ,INSULIN-LIKE GROWTH FACTOR INCREASED,62,62,62,20864371,784.9236,807.2186,999999.9999,STRONG_SIGNAL,HIGH,2026-05-24,2026-05-24 21:18:25.195280,0.0484,0.0,1
1906,PARSABIV,BLOOD PARATHYROID HORMONE INCREASED,79,79,79,20864371,781.3044,809.3371,999999.9999,STRONG_SIGNAL,HIGH,2026-05-24,2026-05-24 21:18:25.195280,0.1139,0.0127,4
6057,ASMANEX HFA,POOR QUALITY DEVICE USED,89,89,89,20864371,778.0439,862.8991,999999.9999,STRONG_SIGNAL,HIGH,2026-05-24,2026-05-24 21:18:25.195280,0.0112,0.0,1
4925,LUCENTIS,DIABETIC RETINAL OEDEMA,53,53,53,20864371,771.2563,776.8219,999999.9999,STRONG_SIGNAL,HIGH,2026-05-24,2026-05-24 21:18:25.195280,0.9811,0.0189,9
8760,DOCETAXEL PFIZER,DEFORMITY,43,43,43,20864371,767.3543,838.3742,999999.9999,STRONG_SIGNAL,HIGH,2026-05-24,2026-05-24 21:18:25.195280,0.0233,0.0,1
9812,MULTIHANCE,CONTRAST MEDIA DEPOSITION,82,82,82,20864371,760.2353,773.2954,999999.9999,STRONG_SIGNAL,HIGH,2026-05-24,2026-05-24 21:18:25.195280,1.0,0.0,2
5575,GOLD BOND ORIGINAL STRENGTH POWDER,OCCUPATIONAL EXPOSURE TO PRODUCT,69,69,69,20864371,759.4396,826.7049,999999.9999,STRONG_SIGNAL,HIGH,2026-05-24,2026-05-24 21:18:25.195280,1.0,0.3043,1
3471,RUCONEST,HEREDITARY ANGIOEDEMA,184,184,184,20864371,742.8509,848.912,999999.9999,STRONG_SIGNAL,HIGH,2026-05-24,2026-05-24 21:18:25.195280,0.3641,0.0,2
2259,BERINERT,HEREDITARY ANGIOEDEMA,194,194,194,20864371,740.17,845.0705,999999.9999,STRONG_SIGNAL,HIGH,2026-05-24,2026-05-24 21:18:25.195280,0.9691,0.0,10
4526,NEXPLANON,IMPLANT SITE SWELLING,117,117,117,20864371,739.7604,742.2613,999999.9999,STRONG_SIGNAL,HIGH,2026-05-24,2026-05-24 21:18:25.195280,0.1709,0.0,4
8742,HIDROXICLOROQUINA 2143A,HEPATITIS,66,66,66,20864371,738.956,1155.2389,999999.9999,STRONG_SIGNAL,HIGH,2026-05-24,2026-05-24 21:18:25.195280,1.0,0.0152,1
2167,SKYLA,PREGNANCY WITH CONTRACEPTIVE DEVICE,165,165,165,20864371,730.2743,775.9577,999999.9999,STRONG_SIGNAL,HIGH,2026-05-24,2026-05-24 21:18:25.195280,1.0,0.0061,1
7267,DACLATASVIR,GENOTYPE DRUG RESISTANCE TEST POSITIVE,45,45,45,20864371,729.3483,750.3584,999999.9999,STRONG_SIGNAL,HIGH,2026-05-24,2026-05-24 21:18:25.195280,1.0,0.0222,14
6663,AGGRASTAT,HAEMORRHAGE INTRACRANIAL,123,123,123,20864371,715.7379,880.0608,999999.9999,STRONG_SIGNAL,HIGH,2026-05-24,2026-05-24 21:18:25.195280,1.0,0.0081,4
585,PLAN B ONE-STEP,DYSMENORRHOEA,1103,1103,1103,20864371,715.5229,794.146,999999.9999,STRONG_SIGNAL,HIGH,2026-05-24,2026-05-24 21:18:25.195280,0.0172,0.0,1
1216,LISINOPRIL LISINOPRIL,ANGIOEDEMA,337,337,337,20864371,714.1938,1291.9493,999999.9999,STRONG_SIGNAL,HIGH,2026-05-24,2026-05-24 21:18:25.195280,0.7982,0.0,1
9174,ENTYVIO,THERAPEUTIC REACTION TIME DECREASED,41,41,41,20864371,695.2278,702.0503,999999.9999,STRONG_SIGNAL,HIGH,2026-05-24,2026-05-24 21:18:25.195280,0.3659,0.0,4
1018,FOSAMAX,LOW TURNOVER OSTEOPATHY,90,90,90,20864371,694.8984,700.6336,999999.9999,STRONG_SIGNAL,HIGH,2026-05-24,2026-05-24 21:18:25.195280,1.0,0.0111,1
4887,PLAN B ONE STEP,MENSTRUATION DELAYED,111,111,111,20864371,685.9605,746.9313,999999.9999,STRONG_SIGNAL,HIGH,2026-05-24,2026-05-24 21:18:25.195280,0.009,0.0,1
1191,QBREXZA,MYDRIASIS,171,171,171,20864371,671.9093,763.0336,999999.9999,STRONG_SIGNAL,HIGH,2026-05-24,2026-05-24 21:18:25.195280,0.0936,0.0,1
3304,TENOFOVIR,RENAL TUBULAR DYSFUNCTION,27,27,27,20864371,667.3665,672.8906,999999.9999,STRONG_SIGNAL,HIGH,2026-05-24,2026-05-24 21:18:25.195280,1.0,0.0,8
2479,AZTREONAM LYSINE,CYSTIC FIBROSIS RESPIRATORY INFECTION SUPPRESSION,173,173,173,20864371,660.1951,679.1923,999999.9999,STRONG_SIGNAL,HIGH,2026-05-24,2026-05-24 21:18:25.195280,1.0,0.0,1
250,MIRENA,GENITAL HAEMORRHAGE,1610,1610,1610,20864371,647.155,672.124,999999.9999,STRONG_SIGNAL,HIGH,2026-05-24,2026-05-24 21:18:25.195280,1.0,0.0,35
7669,CHLORDIAZEPOXIDE,CEREBRAL VENOUS THROMBOSIS,14,14,14,20864371,639.2341,652.6103,999999.9999,STRONG_SIGNAL,HIGH,2026-05-24,2026-05-24 21:18:25.195280,1.0,0.0,1
6122,MAKENA,INDUCED LABOUR,73,73,73,20864371,630.1598,632.4123,999999.9999,STRONG_SIGNAL,HIGH,2026-05-24,2026-05-24 21:18:25.195280,1.0,0.0137,1
2041,NOVOTHYROX,BLOOD THYROID STIMULATING HORMONE NORMAL,293,293,293,20864371,615.8129,620.8712,999999.9999,STRONG_SIGNAL,HIGH,2026-05-24,2026-05-24 21:18:25.195280,1.0,0.0,1
3897,SUMATRIPTAN SUMATRIPTAN SUCCINATE SOLUTION FOR,PRODUCT COMPLAINT,114,114,114,20864371,613.3985,751.0976,999999.9999,STRONG_SIGNAL,HIGH,2026-05-24,2026-05-24 21:18:25.195280,0.0,0.0,1
3541,VIAGRA,MALIGNANT MELANOMA IN SITU,185,185,185,20864371,602.3009,616.0123,999999.9999,STRONG_SIGNAL,HIGH,2026-05-24,2026-05-24 21:18:25.195280,1.0,0.0162,1
1255,NPLATE,PLATELET COUNT ABNORMAL,161,161,161,20864371,602.1809,633.2432,999999.9999,STRONG_SIGNAL,HIGH,2026-05-24,2026-05-24 21:18:25.195280,0.3292,0.0,12
4079,RITALINA,AUTISM SPECTRUM DISORDER,12,12,12,20864371,599.2007,613.8805,999999.9999,STRONG_SIGNAL,HIGH,2026-05-24,2026-05-24 21:18:25.195280,1.0,0.0,1
3082,PARAGARD T 380A,PREGNANCY ON CONTRACEPTIVE,155,155,155,20864371,598.266,602.1836,999999.9999,STRONG_SIGNAL,HIGH,2026-05-24,2026-05-24 21:18:25.195280,0.9935,0.0,1
463,VOLTAREN ARTHRITIS PAIN,PRODUCT ADMINISTERED AT INAPPROPRIATE SITE,722,722,722,20864371,592.9374,701.9905,999999.9999,STRONG_SIGNAL,HIGH,2026-05-24,2026-05-24 21:18:25.195280,0.0083,0.0,1
8089,KRYSTEXXA,BLOOD URIC ACID INCREASED,63,63,63,20864371,570.2172,601.482,999999.9999,STRONG_SIGNAL,HIGH,2026-05-24,2026-05-24 21:18:25.195280,0.2063,0.0,1
3996,ASPIRIN ASPIRIN,GASTRIC HAEMORRHAGE,40,40,40,20864371,568.6435,629.354,999999.9999,STRONG_SIGNAL,HIGH,2026-05-24,2026-05-24 21:18:25.195280,0.975,0.0,1
5403,NICODERM CQ,NICOTINE DEPENDENCE,152,152,152,20864371,567.8016,586.8749,999999.9999,STRONG_SIGNAL,HIGH,2026-05-24,2026-05-24 21:18:25.195280,0.0263,0.0,1
2328,ALBUTEROL SULFATE,DEVICE DELIVERY SYSTEM ISSUE,171,171,171,20864371,557.6347,572.0938,999999.9999,STRONG_SIGNAL,HIGH,2026-05-24,2026-05-24 21:18:25.195280,0.0117,0.0,1
4009,TAKE ACTION,DYSMENORRHOEA,163,163,163,20864371,556.4696,619.6528,999999.9999,STRONG_SIGNAL,HIGH,2026-05-24,2026-05-24 21:18:25.195280,0.0123,0.0,2
3126,HEMLIBRA,HAEMARTHROSIS,70,70,70,20864371,548.2382,578.8346,999999.9999,STRONG_SIGNAL,HIGH,2026-05-24,2026-05-24 21:18:25.195280,0.9857,0.0,17
5773,VASCEPA,PRODUCT COATING ISSUE,18,18,18,20864371,530.3609,533.4881,999999.9999,STRONG_SIGNAL,HIGH,2026-05-24,2026-05-24 21:18:25.195280,0.0556,0.0,1
8832,OXYCODONE HYDROCHLORIDE SIMILAR TO NDA 22 272,IMPRISONMENT,40,40,40,20864371,517.7496,527.404,999999.9999,STRONG_SIGNAL,HIGH,2026-05-24,2026-05-24 21:18:25.195280,1.0,0.025,1
870,LAMIVUDINE,VIRAL MUTATION IDENTIFIED,629,629,629,20864371,510.1987,538.5275,999999.9999,STRONG_SIGNAL,HIGH,2026-05-24,2026-05-24 21:18:25.195280,1.0,0.0,30
9021,XIAFLEX,PENIS DISORDER,38,38,38,20864371,509.2299,514.4439,999999.9999,STRONG_SIGNAL,HIGH,2026-05-24,2026-05-24 21:18:25.195280,0.2632,0.0,1
3885,STRIBILD,TOOTH INJURY,167,167,167,20864371,509.1661,528.5591,999999.9999,STRONG_SIGNAL,HIGH,2026-05-24,2026-05-24 21:18:25.195280,1.0,0.012,1
7065,VIRAMUNE,CONGENITAL CENTRAL NERVOUS SYSTEM ANOMALY,12,12,12,20864371,507.8928,512.5504,999999.9999,STRONG_SIGNAL,HIGH,2026-05-24,2026-05-24 21:18:25.195280,1.0,0.5833,2
1265,ZANTAC,TESTIS CANCER,541,541,541,20864371,507.6645,512.3685,999999.9999,STRONG_SIGNAL,HIGH,2026-05-24,2026-05-24 21:18:25.195280,1.0,0.0277,2
5759,PARAGARD T 380A,INTENTIONAL DEVICE USE ISSUE,95,95,95,20864371,507.5376,509.5688,999999.9999,STRONG_SIGNAL,HIGH,2026-05-24,2026-05-24 21:18:25.195280,0.6526,0.0,1
2107,CEQUA,EYE IRRITATION,282,282,282,20864371,502.0552,806.5759,999999.9999,STRONG_SIGNAL,HIGH,2026-05-24,2026-05-24 21:18:25.195280,0.0071,0.0,1
989,RANITIDINE HCI,COLORECTAL CANCER,531,531,531,20864371,500.5581,612.6737,999999.9999,STRONG_SIGNAL,HIGH,2026-05-24,2026-05-24 21:18:25.195280,1.0,0.0377,1
7758,PRENATAL VITAMINS,PRETERM PREMATURE RUPTURE OF MEMBRANES,68,68,68,20864371,498.4983,507.6144,999999.9999,STRONG_SIGNAL,HIGH,2026-05-24,2026-05-24 21:18:25.195280,1.0,0.0147,1
6505,REMODULIN,INFUSION SITE DISCHARGE,48,48,48,20864371,498.0493,499.8964,999999.9999,STRONG_SIGNAL,HIGH,2026-05-24,2026-05-24 21:18:25.195280,0.2917,0.0208,1
2528,JAYDESS,PREGNANCY WITH CONTRACEPTIVE DEVICE,54,54,54,20864371,497.7294,519.9526,999999.9999,STRONG_SIGNAL,HIGH,2026-05-24,2026-05-24 21:18:25.195280,1.0,0.0,17
383,LILETTA,DEVICE EXPULSION,1145,1145,1145,20864371,496.5434,735.3469,999999.9999,STRONG_SIGNAL,HIGH,2026-05-24,2026-05-24 21:18:25.195280,0.021,0.0,1
8890,CLOZAPINE TEVA,AGRANULOCYTOSIS,93,93,93,20864371,495.0832,615.3704,999999.9999,STRONG_SIGNAL,HIGH,2026-05-24,2026-05-24 21:18:25.195280,1.0,0.0323,1
6301,INVOKANA,OSTEOMYELITIS CHRONIC,88,88,88,20864371,494.8153,497.2773,999999.9999,STRONG_SIGNAL,HIGH,2026-05-24,2026-05-24 21:18:25.195280,1.0,0.0227,1
802,DULERA,POOR QUALITY DEVICE USED,314,314,314,20864371,490.3419,519.7943,999999.9999,STRONG_SIGNAL,HIGH,2026-05-24,2026-05-24 21:18:25.195280,0.0318,0.0,1
2767,ANDROGEL,BLOOD TESTOSTERONE DECREASED,113,113,113,20864371,482.0931,494.783,999999.9999,STRONG_SIGNAL,HIGH,2026-05-24,2026-05-24 21:18:25.195280,0.1327,0.0,2
3327,RAPAMUNE,TRANSPLANT DYSFUNCTION,105,105,105,20864371,481.3268,498.0713,999999.9999,STRONG_SIGNAL,HIGH,2026-05-24,2026-05-24 21:18:25.195280,1.0,0.0,2
2463,GENOTROPIN,INSULIN-LIKE GROWTH FACTOR INCREASED,98,98,98,20864371,473.8052,481.4336,999999.9999,STRONG_SIGNAL,HIGH,2026-05-24,2026-05-24 21:18:25.195280,0.0612,0.0,2
6780,EYLEA,VITRECTOMY,80,80,80,20864371,473.1327,475.5125,999999.9999,STRONG_SIGNAL,HIGH,2026-05-24,2026-05-24 21:18:25.195280,1.0,0.0125,8
3142,YERVOY,HYPOPHYSITIS,131,131,131,20864371,465.6653,474.4923,999999.9999,STRONG_SIGNAL,HIGH,2026-05-24,2026-05-24 21:18:25.195280,0.229,0.0153,9
1398,VASCEPA,PRODUCT ODOUR ABNORMAL,190,190,190,20864371,462.1861,492.6645,999999.9999,STRONG_SIGNAL,HIGH,2026-05-24,2026-05-24 21:18:25.195280,0.0842,0.0,1
6756,VISUDYNE,VISUAL ACUITY REDUCED,52,52,52,20864371,461.1824,517.0924,999999.9999,STRONG_SIGNAL,HIGH,2026-05-24,2026-05-24 21:18:25.195280,1.0,0.0,4
2254,XULANE,PRODUCT ADHESION ISSUE,260,260,260,20864371,457.9851,557.663,999999.9999,STRONG_SIGNAL,HIGH,2026-05-24,2026-05-24 21:18:25.195280,0.0115,0.0,1
3090,PARAGARD T 380A,DYSFUNCTIONAL UTERINE BLEEDING,170,170,170,20864371,454.1126,457.3744,999999.9999,STRONG_SIGNAL,HIGH,2026-05-24,2026-05-24 21:18:25.195280,0.2471,0.0,1
7185,LILETTA,UTERINE HAEMORRHAGE,85,85,85,20864371,453.6928,464.8916,999999.9999,STRONG_SIGNAL,HIGH,2026-05-24,2026-05-24 21:18:25.195280,0.2353,0.0,1
7297,ONGENTYS,BRADYKINESIA,29,29,29,20864371,452.5638,471.7934,999999.9999,STRONG_SIGNAL,HIGH,2026-05-24,2026-05-24 21:18:25.195280,1.0,0.0,4
9482,NO SUSPECT ALLERGAN PRODUCT,NO ADVERSE EVENT,45,45,45,20864371,450.8724,1641.711,999999.9999,STRONG_SIGNAL,HIGH,2026-05-24,2026-05-24 21:18:25.195280,0.0222,0.0,18
4411,SKYLA,GENITAL HAEMORRHAGE,160,160,160,20864371,450.516,477.7697,999999.9999,STRONG_SIGNAL,HIGH,2026-05-24,2026-05-24 21:18:25.195280,1.0,0.0,1
104,PLAN B ONE-STEP,VAGINAL HAEMORRHAGE,2416,2416,2416,20864371,449.772,574.2391,999999.9999,STRONG_SIGNAL,HIGH,2026-05-24,2026-05-24 21:18:25.195280,0.0219,0.0,2
7007,HEMANGEOL,DRUG ADMINISTERED TO PATIENT OF INAPPROPRIATE AGE,36,36,36,20864371,448.5769,475.5214,999999.9999,STRONG_SIGNAL,HIGH,2026-05-24,2026-05-24 21:18:25.195280,0.0556,0.0,1
1247,NEXPLANON,PREGNANCY WITH IMPLANT CONTRACEPTIVE,506,506,506,20864371,444.9986,451.5731,999999.9999,STRONG_SIGNAL,HIGH,2026-05-24,2026-05-24 21:18:25.195280,0.996,0.0,11
886,RESTASIS,PRODUCT CONTAINER ISSUE,718,718,718,20864371,442.9039,466.133,999999.9999,STRONG_SIGNAL,HIGH,2026-05-24,2026-05-24 21:18:25.195280,0.0084,0.0,2
8484,EMTRICITABINE/TENOFOVIR DISOPROXIL FUMARATE,FOETAL DEATH,86,86,86,20864371,441.0,455.7066,999999.9999,STRONG_SIGNAL,HIGH,2026-05-24,2026-05-24 21:18:25.195280,1.0,0.0116,7
4829,RESTASIS,PRODUCT DROPPER ISSUE,169,169,169,20864371,439.2282,444.4407,999999.9999,STRONG_SIGNAL,HIGH,2026-05-24,2026-05-24 21:18:25.195280,0.0296,0.0,1
2599,CYSTARAN,EYE IRRITATION,64,64,64,20864371,438.9489,659.6475,999999.9999,STRONG_SIGNAL,HIGH,2026-05-24,2026-05-24 21:18:25.195280,0.0,0.0,1
8724,INVOKANA,DRY GANGRENE,90,90,90,20864371,438.8663,441.0992,999999.9999,STRONG_SIGNAL,HIGH,2026-05-24,2026-05-24 21:18:25.195280,1.0,0.0222,1
532,SYMDEKO,INFECTIVE PULMONARY EXACERBATION OF CYSTIC FIBROSIS,680,680,680,20864371,435.3405,503.2062,999999.9999,STRONG_SIGNAL,HIGH,2026-05-24,2026-05-24 21:18:25.195280,0.7971,0.0,4
5786,PEMBROLIZUMAB,IMMUNE-MEDIATED ADVERSE REACTION,69,69,69,20864371,431.4731,435.7451,999999.9999,STRONG_SIGNAL,HIGH,2026-05-24,2026-05-24 21:18:25.195280,1.0,0.029,20
4182,PARAGARD T 380A,DEVICE PLACEMENT ISSUE,192,192,192,20864371,419.5129,422.9186,999999.9999,STRONG_SIGNAL,HIGH,2026-05-24,2026-05-24 21:18:25.195280,0.2917,0.0,1
1444,EFAVIRENZ,VIRAL MUTATION IDENTIFIED,264,264,264,20864371,415.8471,437.7817,999999.9999,STRONG_SIGNAL,HIGH,2026-05-24,2026-05-24 21:18:25.195280,1.0,0.0,22
2900,KYMRIAH,CYTOKINE RELEASE SYNDROME,253,253,253,20864371,413.0616,450.8065,999999.9999,STRONG_SIGNAL,HIGH,2026-05-24,2026-05-24 21:18:25.195280,0.996,0.249,11
1167,RUCONEST,DRUG INEFFECTIVE FOR UNAPPROVED INDICATION,397,397,397,20864371,412.5566,564.6869,999999.9999,STRONG_SIGNAL,HIGH,2026-05-24,2026-05-24 21:18:25.195280,0.0378,0.0,1
3789,NOVORAPID,PRODUCT LEAKAGE,168,168,168,20864371,401.4185,408.2941,999999.9999,STRONG_SIGNAL,HIGH,2026-05-24,2026-05-24 21:18:25.195280,1.0,0.0,18
4577,KOMBIGLYZE XR,CARDIOVASCULAR DISORDER,58,58,58,20864371,401.3844,439.0829,999999.9999,STRONG_SIGNAL,HIGH,2026-05-24,2026-05-24 21:18:25.195280,1.0,0.0345,1
4061,KYMRIAH,ACUTE LYMPHOCYTIC LEUKAEMIA RECURRENT,48,48,48,20864371,396.3259,402.7214,999999.9999,STRONG_SIGNAL,HIGH,2026-05-24,2026-05-24 21:18:25.195280,1.0,0.2083,6
5903,OGASTORO,AUTOIMMUNE HAEMOLYTIC ANAEMIA,8,8,8,20864371,395.6316,408.9525,999999.9999,STRONG_SIGNAL,MEDIUM,2026-05-24,2026-05-24 21:18:25.195280,1.0,0.0,1
243,ZANTAC,OESOPHAGEAL CARCINOMA,2294,2294,2294,20864371,395.4913,411.5035,999999.9999,STRONG_SIGNAL,HIGH,2026-05-24,2026-05-24 21:18:25.195280,1.0,0.1569,2
3774,NEVIRAPINE,VIRAL MUTATION IDENTIFIED,184,184,184,20864371,395.1991,415.6136,999999.9999,STRONG_SIGNAL,HIGH,2026-05-24,2026-05-24 21:18:25.195280,1.0,0.0,17
6709,PIRARUBICIN HYDROCHLORIDE,MYELOSUPPRESSION,12,12,12,20864371,395.1847,420.7535,999999.9999,STRONG_SIGNAL,HIGH,2026-05-24,2026-05-24 21:18:25.195280,1.0,0.0,1
2345,AZTREONAM LYSINE,LUNG TRANSPLANT,196,196,196,20864371,394.2528,407.142,999999.9999,STRONG_SIGNAL,HIGH,2026-05-24,2026-05-24 21:18:25.195280,1.0,0.0153,3
362,ESTRADIOL TRANSDERMAL SYSTEM,PRODUCT ADHESION ISSUE,537,537,537,20864371,394.1233,462.8879,999999.9999,STRONG_SIGNAL,HIGH,2026-05-24,2026-05-24 21:18:25.195280,0.013,0.0,1
3947,JAKAVI,MYELOFIBROSIS,178,178,178,20864371,393.6316,399.9805,999999.9999,STRONG_SIGNAL,HIGH,2026-05-24,2026-05-24 21:18:25.195280,1.0,0.5674,37
1463,DASATINIB,CYTOGENETIC ANALYSIS ABNORMAL,49,49,49,20864371,393.6107,398.3643,999999.9999,STRONG_SIGNAL,HIGH,2026-05-24,2026-05-24 21:18:25.195280,1.0,0.0612,11
5698,JADENU,BLOOD IRON INCREASED,25,25,25,20864371,391.3108,395.0209,999999.9999,STRONG_SIGNAL,HIGH,2026-05-24,2026-05-24 21:18:25.195280,0.48,0.0,4
343,VOLTAREN,PRODUCT ADMINISTERED AT INAPPROPRIATE SITE,1604,1604,1604,20864371,386.7969,422.7225,999999.9999,STRONG_SIGNAL,HIGH,2026-05-24,2026-05-24 21:18:25.195280,0.0094,0.0012,1
1423,MIRENA,UTERINE PERFORATION,452,452,452,20864371,385.599,389.6586,999999.9999,STRONG_SIGNAL,HIGH,2026-05-24,2026-05-24 21:18:25.195280,0.9889,0.0,17
4799,PRENATAL VITAMINS,UTERINE CONTRACTIONS DURING PREGNANCY,30,30,30,20864371,385.1257,388.1996,999999.9999,STRONG_SIGNAL,HIGH,2026-05-24,2026-05-24 21:18:25.195280,0.5333,0.0,1
9092,DOCETAXEL SANDOZ,HAIR COLOUR CHANGES,74,74,74,20864371,384.942,469.0003,999999.9999,STRONG_SIGNAL,HIGH,2026-05-24,2026-05-24 21:18:25.195280,0.0135,0.0,1
507,RANITIDINE HCI,OESOPHAGEAL CARCINOMA,220,220,220,20864371,383.9635,415.436,999999.9999,STRONG_SIGNAL,HIGH,2026-05-24,2026-05-24 21:18:25.195280,1.0,0.1182,1
2224,ALTEPLASE,HAEMORRHAGIC TRANSFORMATION STROKE,24,24,24,20864371,382.243,387.0385,999999.9999,STRONG_SIGNAL,HIGH,2026-05-24,2026-05-24 21:18:25.195280,1.0,0.4583,10
5161,ICAPS AREDS,PRODUCT USE COMPLAINT,20,20,20,20864371,380.2223,414.3865,999999.9999,STRONG_SIGNAL,HIGH,2026-05-24,2026-05-24 21:18:25.195280,0.3,0.0,1
754,YESCARTA,NEUROTOXICITY,532,532,532,20864371,376.4791,426.3554,999999.9999,STRONG_SIGNAL,HIGH,2026-05-24,2026-05-24 21:18:25.195280,0.9624,0.1015,8
5622,INJECTAFER,HYPOPHOSPHATAEMIA,134,134,134,20864371,375.7642,392.5204,999999.9999,STRONG_SIGNAL,HIGH,2026-05-24,2026-05-24 21:18:25.195280,0.7761,0.0,1
4078,ESTRADIOL TRANSDERMAL SYSTEM,APPLICATION SITE RASH,144,144,144,20864371,374.9713,390.5219,999999.9999,STRONG_SIGNAL,HIGH,2026-05-24,2026-05-24 21:18:25.195280,0.0208,0.0,1
76,SENSIPAR,LABORATORY TEST ABNORMAL,2531,2531,2531,20864371,372.5116,437.8916,999999.9999,STRONG_SIGNAL,HIGH,2026-05-24,2026-05-24 21:18:25.195280,0.0016,0.0,1
3356,TACROLIMUS CAP,LUNG TRANSPLANT,86,86,86,20864371,369.5107,381.5701,999999.9999,STRONG_SIGNAL,HIGH,2026-05-24,2026-05-24 21:18:25.195280,0.0116,0.0,1
7274,DOLUTEGRAVIR,BLOOD HIV RNA INCREASED,85,85,85,20864371,369.3783,376.4657,999999.9999,STRONG_SIGNAL,HIGH,2026-05-24,2026-05-24 21:18:25.195280,0.9882,0.0235,10
5525,AMETYCINE,SEPTIC SHOCK,3,3,3,20864371,368.9934,552.9901,999999.9999,STRONG_SIGNAL,LOW,2026-05-24,2026-05-24 21:18:25.195280,1.0,0.0,1
7363,ADCETRIS,HODGKIN^S DISEASE,71,71,71,20864371,365.9368,375.4139,999999.9999,STRONG_SIGNAL,HIGH,2026-05-24,2026-05-24 21:18:25.195280,0.9718,0.3099,19
8650,CLOZARIL,ANTIPSYCHOTIC DRUG LEVEL DECREASED,62,62,62,20864371,361.5994,362.8169,999999.9999,STRONG_SIGNAL,HIGH,2026-05-24,2026-05-24 21:18:25.195280,1.0,0.0161,4
1939,RANITIDINE HCI,RENAL CANCER,366,366,366,20864371,361.3365,413.4436,999999.9999,STRONG_SIGNAL,HIGH,2026-05-24,2026-05-24 21:18:25.195280,1.0,0.0328,1
466,LERGIGAN PROMETHAZINE,INTENTIONAL SELF-INJURY,861,861,861,20864371,360.9457,478.6491,999999.9999,STRONG_SIGNAL,HIGH,2026-05-24,2026-05-24 21:18:25.195280,1.0,0.0,1
9605,OCREVUS,RELAPSING MULTIPLE SCLEROSIS,38,38,38,20864371,360.413,361.0169,999999.9999,STRONG_SIGNAL,HIGH,2026-05-24,2026-05-24 21:18:25.195280,0.9737,0.0,9
5829,VALPROIC ACID,HYPERAMMONAEMIC ENCEPHALOPATHY,94,94,94,20864371,357.5753,361.3502,999999.9999,STRONG_SIGNAL,HIGH,2026-05-24,2026-05-24 21:18:25.195280,1.0,0.0851,17
255,LERGIGAN PROMETHAZINE HYDROCHLORIDE,INTENTIONAL SELF-INJURY,1193,1193,1193,20864371,357.4459,468.9989,999999.9999,STRONG_SIGNAL,HIGH,2026-05-24,2026-05-24 21:18:25.195280,1.0,0.0,1
1085,0 9 SODIUM CHLORIDE,AGRANULOCYTOSIS,237,237,237,20864371,350.9195,406.17,999999.9999,STRONG_SIGNAL,HIGH,2026-05-24,2026-05-24 21:18:25.195280,1.0,0.0,1
1572,TENOFOVIR DISOPROXIL FUMARATE,VIROLOGIC FAILURE,265,265,265,20864371,348.1423,367.3475,999999.9999,STRONG_SIGNAL,HIGH,2026-05-24,2026-05-24 21:18:25.195280,1.0,0.0189,21
344,PROPAVAN,INTENTIONAL SELF-INJURY,903,903,903,20864371,347.812,455.3941,999999.9999,STRONG_SIGNAL,HIGH,2026-05-24,2026-05-24 21:18:25.195280,0.9989,0.0,1
945,SOFOSBUVIR,HEPATOCELLULAR CARCINOMA,224,224,224,20864371,345.9892,368.3561,999999.9999,STRONG_SIGNAL,HIGH,2026-05-24,2026-05-24 21:18:25.195280,1.0,0.0938,19
89,ZANTAC,RENAL CANCER,3784,3784,3784,20864371,345.3729,369.0541,999999.9999,STRONG_SIGNAL,HIGH,2026-05-24,2026-05-24 21:18:25.195280,1.0,0.046,4
6408,RANITIDINE HCI,GASTROINTESTINAL CARCINOMA,71,71,71,20864371,344.9901,353.6325,999999.9999,STRONG_SIGNAL,HIGH,2026-05-24,2026-05-24 21:18:25.195280,1.0,0.1549,1
8663,CLIMARA PRO,PRODUCT PHYSICAL ISSUE,81,81,81,20864371,344.9613,377.7388,999999.9999,STRONG_SIGNAL,HIGH,2026-05-24,2026-05-24 21:18:25.195280,0.0864,0.0,1
1593,HEPARIN,HEPARIN-INDUCED THROMBOCYTOPENIA,202,202,202,20864371,342.8497,347.9558,999999.9999,STRONG_SIGNAL,HIGH,2026-05-24,2026-05-24 21:18:25.195280,0.9851,0.104,19
6616,EMPAGLIFLOZIN,EUGLYCAEMIC DIABETIC KETOACIDOSIS,45,45,45,20864371,339.1196,348.6471,999999.9999,STRONG_SIGNAL,HIGH,2026-05-24,2026-05-24 21:18:25.195280,1.0,0.0222,9
9363,STAVUDINE,VIRAL MUTATION IDENTIFIED,56,56,56,20864371,338.1467,353.7373,999999.9999,STRONG_SIGNAL,HIGH,2026-05-24,2026-05-24 21:18:25.195280,1.0,0.0,11
4778,CLIMARA,PRODUCT ADHESION ISSUE,96,96,96,20864371,333.8495,384.9752,999999.9999,STRONG_SIGNAL,HIGH,2026-05-24,2026-05-24 21:18:25.195280,0.0313,0.0,1
4990,MINOXIDIL,APPLICATION SITE PRURITUS,139,139,139,20864371,333.6882,355.7615,999999.9999,STRONG_SIGNAL,HIGH,2026-05-24,2026-05-24 21:18:25.195280,0.0,0.0,1
1987,ESTRADIOL TRANSDERMAL SYSTEM,APPLICATION SITE IRRITATION,96,96,96,20864371,333.0579,342.1372,999999.9999,STRONG_SIGNAL,HIGH,2026-05-24,2026-05-24 21:18:25.195280,0.0208,0.0,1
2452,RANMARK,OSTEONECROSIS OF JAW,189,189,189,20864371,332.5231,382.2121,999999.9999,STRONG_SIGNAL,HIGH,2026-05-24,2026-05-24 21:18:25.195280,1.0,0.1746,1
7370,PRENATAL VITAMINS /02014401/,COMPLICATION OF DEVICE INSERTION,68,68,68,20864371,331.3683,365.0995,999999.9999,STRONG_SIGNAL,HIGH,2026-05-24,2026-05-24 21:18:25.195280,0.3235,0.0,1
7114,DIANEAL PD 2 WITH DEXTROSE,DIABETIC FOOT,8,8,8,20864371,329.865,338.061,999999.9999,STRONG_SIGNAL,MEDIUM,2026-05-24,2026-05-24 21:18:25.195280,1.0,0.875,2
1449,VIREAD,BONE LOSS,432,432,432,20864371,329.4241,344.1801,999999.9999,STRONG_SIGNAL,HIGH,2026-05-24,2026-05-24 21:18:25.195280,0.9977,0.0,1
4525,GLIVEC,CYTOGENETIC ANALYSIS ABNORMAL,88,88,88,20864371,328.8311,331.9358,999999.9999,STRONG_SIGNAL,HIGH,2026-05-24,2026-05-24 21:18:25.195280,1.0,0.3182,19
506,PARAGARD T 380A,EMBEDDED DEVICE,658,658,658,20864371,327.3822,336.6679,999999.9999,STRONG_SIGNAL,HIGH,2026-05-24,2026-05-24 21:18:25.195280,0.8404,0.0,3
3166,IMVEXXY,VULVOVAGINAL BURNING SENSATION,151,151,151,20864371,326.5023,335.6859,999999.9999,STRONG_SIGNAL,HIGH,2026-05-24,2026-05-24 21:18:25.195280,0.0,0.0,1
1803,NATPARA PARATHYROID HORMONE,BLOOD CALCIUM DECREASED,278,278,278,20864371,325.7625,347.3203,999999.9999,STRONG_SIGNAL,HIGH,2026-05-24,2026-05-24 21:18:25.195280,0.5468,0.0,3
6422,EYLEA,VITRITIS,122,122,122,20864371,321.487,323.9571,999999.9999,STRONG_SIGNAL,HIGH,2026-05-24,2026-05-24 21:18:25.195280,0.9836,0.0082,10
3658,DURVALUMAB,RADIATION PNEUMONITIS,27,27,27,20864371,316.7694,322.0387,999999.9999,STRONG_SIGNAL,HIGH,2026-05-24,2026-05-24 21:18:25.195280,1.0,0.0741,10
4331,KEYTRUDA,IMMUNE-MEDIATED ADVERSE REACTION,119,119,119,20864371,315.6246,317.6623,999999.9999,STRONG_SIGNAL,HIGH,2026-05-24,2026-05-24 21:18:25.195280,0.9916,0.0672,17
4664,RANITIDINE HCI,UTERINE CANCER,84,84,84,20864371,314.7186,324.0867,999999.9999,STRONG_SIGNAL,HIGH,2026-05-24,2026-05-24 21:18:25.195280,1.0,0.0476,1
8993,ESMERON,ANAPHYLACTIC SHOCK,66,66,66,20864371,313.9517,360.6821,999999.9999,STRONG_SIGNAL,HIGH,2026-05-24,2026-05-24 21:18:25.195280,1.0,0.1515,12
7662,DEFITELIO,ACUTE GRAFT VERSUS HOST DISEASE,42,42,42,20864371,313.7212,319.8245,999999.9999,STRONG_SIGNAL,HIGH,2026-05-24,2026-05-24 21:18:25.195280,1.0,0.381,3
4425,ZIDOVUDINE,VIRAL MUTATION IDENTIFIED,164,164,164,20864371,313.7012,326.522,999999.9999,STRONG_SIGNAL,HIGH,2026-05-24,2026-05-24 21:18:25.195280,1.0,0.0,21
5758,BEOVU,EYE INFLAMMATION,97,97,97,20864371,312.5755,325.7216,999999.9999,STRONG_SIGNAL,HIGH,2026-05-24,2026-05-24 21:18:25.195280,0.6804,0.0103,3
300,NEXPLANON,COMPLICATION ASSOCIATED WITH DEVICE,1807,1807,1807,20864371,307.5639,324.4164,999999.9999,STRONG_SIGNAL,HIGH,2026-05-24,2026-05-24 21:18:25.195280,0.3365,0.0006,13
2815,EFAVIRENZ,VIROLOGIC FAILURE,244,244,244,20864371,306.1864,321.0408,999999.9999,STRONG_SIGNAL,HIGH,2026-05-24,2026-05-24 21:18:25.195280,1.0,0.0,25
1770,IPILIMUMAB,HYPOPHYSITIS,127,127,127,20864371,305.9997,309.8013,999999.9999,STRONG_SIGNAL,HIGH,2026-05-24,2026-05-24 21:18:25.195280,0.9843,0.0472,14
1586,RISPERDAL,HYPERPROLACTINAEMIA,364,364,364,20864371,305.5475,311.5422,999999.9999,STRONG_SIGNAL,HIGH,2026-05-24,2026-05-24 21:18:25.195280,0.1456,0.0082,13
9278,ZYBAN,WHITE BLOOD CELL COUNT ABNORMAL,24,24,24,20864371,305.5051,317.4076,999999.9999,STRONG_SIGNAL,HIGH,2026-05-24,2026-05-24 21:18:25.195280,1.0,0.0,1
6544,PROPOFOL MANUFACTURER UNKNOWN,ANAPHYLACTIC SHOCK,88,88,88,20864371,305.4316,349.3496,999999.9999,STRONG_SIGNAL,HIGH,2026-05-24,2026-05-24 21:18:25.195280,1.0,0.0568,8
8269,DEMEROL,CONTRAST MEDIA ALLERGY,43,43,43,20864371,303.8785,307.7662,999999.9999,STRONG_SIGNAL,HIGH,2026-05-24,2026-05-24 21:18:25.195280,1.0,0.0,1
1245,PULMOZYME,CYSTIC FIBROSIS,434,434,434,20864371,302.9302,319.467,999999.9999,STRONG_SIGNAL,HIGH,2026-05-24,2026-05-24 21:18:25.195280,0.9493,0.0161,7
9686,LUCENTIS,DETACHMENT OF RETINAL PIGMENT EPITHELIUM,15,15,15,20864371,302.4738,303.0872,999999.9999,STRONG_SIGNAL,HIGH,2026-05-24,2026-05-24 21:18:25.195280,1.0,0.0,6
61,PARAGARD T 380A,DEVICE EXPULSION,3793,3793,3793,20864371,301.7354,358.7898,999999.9999,STRONG_SIGNAL,HIGH,2026-05-24,2026-05-24 21:18:25.195280,0.1126,0.0,3
9663,YESCARTA,CARDIORENAL SYNDROME,23,23,23,20864371,301.2748,302.8048,999999.9999,STRONG_SIGNAL,HIGH,2026-05-24,2026-05-24 21:18:25.195280,0.7826,0.0435,1
3135,KYLEENA,GENITAL HAEMORRHAGE,222,222,222,20864371,300.7593,312.3649,999999.9999,STRONG_SIGNAL,HIGH,2026-05-24,2026-05-24 21:18:25.195280,1.0,0.0,11
818,RANITIDINE HCI,BLADDER CANCER,309,309,309,20864371,299.9229,335.6134,999999.9999,STRONG_SIGNAL,HIGH,2026-05-24,2026-05-24 21:18:25.195280,1.0,0.0583,1
2473,FORXIGA,KETOACIDOSIS,151,151,151,20864371,299.7324,310.6971,999999.9999,STRONG_SIGNAL,HIGH,2026-05-24,2026-05-24 21:18:25.195280,1.0,0.0066,27
7285,IMATINIB,GASTROINTESTINAL STROMAL TUMOUR,88,88,88,20864371,298.146,300.7386,999999.9999,STRONG_SIGNAL,HIGH,2026-05-24,2026-05-24 21:18:25.195280,1.0,0.1705,22
5140,ZOLEDRONATE,OSTEONECROSIS OF JAW,136,136,136,20864371,297.9437,337.4974,999999.9999,STRONG_SIGNAL,HIGH,2026-05-24,2026-05-24 21:18:25.195280,1.0,0.0294,27
3729,UNSPECIFIED INHALER,VAGINAL HAEMORRHAGE,56,56,56,20864371,297.5318,361.4002,999999.9999,STRONG_SIGNAL,HIGH,2026-05-24,2026-05-24 21:18:25.195280,0.0,0.0,1
5309,MIRENA,OFF LABEL USE OF DEVICE,126,126,126,20864371,295.7285,296.5892,999999.9999,STRONG_SIGNAL,HIGH,2026-05-24,2026-05-24 21:18:25.195280,0.6429,0.0,23
1487,NICODERM CQ,APPLICATION SITE ERYTHEMA,283,283,283,20864371,291.3271,310.06,999999.9999,STRONG_SIGNAL,HIGH,2026-05-24,2026-05-24 21:18:25.195280,0.0177,0.0,1
2417,MAKENA,STILLBIRTH,328,328,328,20864371,290.7794,295.4999,999999.9999,STRONG_SIGNAL,HIGH,2026-05-24,2026-05-24 21:18:25.195280,0.997,0.9878,1
9422,0 9 SODIUM CHLORIDE,MYELOSUPPRESSION,76,76,76,20864371,289.4321,302.6216,999999.9999,STRONG_SIGNAL,HIGH,2026-05-24,2026-05-24 21:18:25.195280,1.0,0.0,1
5982,DEPAKINE,SPEECH DISORDER DEVELOPMENTAL,8,8,8,20864371,288.0138,289.3433,999999.9999,STRONG_SIGNAL,MEDIUM,2026-05-24,2026-05-24 21:18:25.195280,1.0,0.0,1
911,AFTERA,VAGINAL HAEMORRHAGE,73,73,73,20864371,286.7502,345.5101,999999.9999,STRONG_SIGNAL,HIGH,2026-05-24,2026-05-24 21:18:25.195280,0.0,0.0,1
9863,DACLATASVIR,HEPATOCELLULAR CARCINOMA,84,84,84,20864371,286.5083,302.276,999999.9999,STRONG_SIGNAL,HIGH,2026-05-24,2026-05-24 21:18:25.195280,1.0,0.1786,13
3668,NEXPLANON,MEDICAL DEVICE SITE DISCOMFORT,81,81,81,20864371,286.1969,286.8646,999999.9999,STRONG_SIGNAL,HIGH,2026-05-24,2026-05-24 21:18:25.195280,0.1975,0.0,1
25,MIRENA,DEVICE EXPULSION,5522,5522,5522,20864371,286.1482,327.857,999999.9999,STRONG_SIGNAL,HIGH,2026-05-24,2026-05-24 21:18:25.195280,0.1284,0.0,33
5459,OXYMORPHONE,DRUG DIVERSION,24,24,24,20864371,285.7161,291.6996,999999.9999,STRONG_SIGNAL,HIGH,2026-05-24,2026-05-24 21:18:25.195280,1.0,0.0,1
4856,INDINAVIR,VIRAL MUTATION IDENTIFIED,15,15,15,20864371,285.5138,296.7151,999999.9999,STRONG_SIGNAL,HIGH,2026-05-24,2026-05-24 21:18:25.195280,1.0,0.0,5
7878,HIZENTRA,INFUSION SITE PRURITUS,96,96,96,20864371,284.614,287.0502,999999.9999,STRONG_SIGNAL,HIGH,2026-05-24,2026-05-24 21:18:25.195280,0.2396,0.0,7
1941,OXERVATE,EYE PAIN,386,386,386,20864371,284.522,357.8729,999999.9999,STRONG_SIGNAL,HIGH,2026-05-24,2026-05-24 21:18:25.195280,0.0544,0.0026,1
6628,DOCEFREZ,HAIR COLOUR CHANGES,58,58,58,20864371,283.9838,327.2901,999999.9999,STRONG_SIGNAL,HIGH,2026-05-24,2026-05-24 21:18:25.195280,0.0517,0.0,1
7762,BROMSITE,ULCERATIVE KERATITIS,4,4,4,20864371,282.7483,285.7778,999999.9999,STRONG_SIGNAL,LOW,2026-05-24,2026-05-24 21:18:25.195280,0.0,0.0,1
9282,CONTRAVE,DRUG TITRATION ERROR,41,41,41,20864371,282.4093,286.6985,999999.9999,STRONG_SIGNAL,HIGH,2026-05-24,2026-05-24 21:18:25.195280,0.6585,0.0,4
6402,IMODIUM MULTI-SYMPTOM RELIEF,PRODUCT PACKAGING ISSUE,31,31,31,20864371,281.2517,289.7691,999999.9999,STRONG_SIGNAL,HIGH,2026-05-24,2026-05-24 21:18:25.195280,0.0,0.0,1
3114,NICODERM CQ,APPLICATION SITE SWELLING,59,59,59,20864371,275.1508,278.6594,999999.9999,STRONG_SIGNAL,HIGH,2026-05-24,2026-05-24 21:18:25.195280,0.0,0.0,1
6395,JBABY BABY POWDER UNSPECIFIED ZINC OXIDE,NEOPLASM MALIGNANT,41,41,41,20864371,273.1428,341.5959,999999.9999,STRONG_SIGNAL,HIGH,2026-05-24,2026-05-24 21:18:25.195280,1.0,0.439,1
6476,ABILIFY,TRICHOTILLOMANIA,61,61,61,20864371,272.9544,273.4185,999999.9999,STRONG_SIGNAL,HIGH,2026-05-24,2026-05-24 21:18:25.195280,0.9672,0.0,1
352,DUPIXENT,DERMATITIS ATOPIC,1445,1445,1445,20864371,271.9466,281.4405,999999.9999,STRONG_SIGNAL,HIGH,2026-05-24,2026-05-24 21:18:25.195280,0.0478,0.0014,6
1219,NEXPLANON,IMPLANT SITE INFECTION,114,114,114,20864371,271.7272,272.6201,999999.9999,STRONG_SIGNAL,HIGH,2026-05-24,2026-05-24 21:18:25.195280,0.2895,0.0,4
4517,PRENATAL VITAMINS /02014401/,DEVICE EXPULSION,140,140,140,20864371,271.3193,335.0309,999999.9999,STRONG_SIGNAL,HIGH,2026-05-24,2026-05-24 21:18:25.195280,0.0929,0.0,1
3457,HIZENTRA,INFUSION SITE ERYTHEMA,221,221,221,20864371,270.5811,275.9722,999999.9999,STRONG_SIGNAL,HIGH,2026-05-24,2026-05-24 21:18:25.195280,0.2172,0.0,10
1025,IRESSA,DRUG RESISTANCE,664,664,664,20864371,268.9987,315.534,999999.9999,STRONG_SIGNAL,HIGH,2026-05-24,2026-05-24 21:18:25.195280,0.9864,0.0497,11
3845,GRANULOCYTE COLONY STIMULATING FACTOR,ACUTE GRAFT VERSUS HOST DISEASE,23,23,23,20864371,267.9653,272.4702,999999.9999,STRONG_SIGNAL,HIGH,2026-05-24,2026-05-24 21:18:25.195280,1.0,0.1304,6
6225,TAPAZOLE,URINE LEUKOCYTE ESTERASE POSITIVE,7,7,7,20864371,267.6601,270.1358,999999.9999,STRONG_SIGNAL,MEDIUM,2026-05-24,2026-05-24 21:18:25.195280,1.0,0.0,1
8149,VIAGRA,PENILE PAIN,67,67,67,20864371,265.6101,267.7641,999999.9999,STRONG_SIGNAL,HIGH,2026-05-24,2026-05-24 21:18:25.195280,0.7612,0.0,5
8829,KOGENATE FS,TRAUMATIC HAEMORRHAGE,8,8,8,20864371,265.4792,267.8836,999999.9999,STRONG_SIGNAL,MEDIUM,2026-05-24,2026-05-24 21:18:25.195280,1.0,0.0,1
8525,NORVIR,CONGENITAL CENTRAL NERVOUS SYSTEM ANOMALY,17,17,17,20864371,265.1212,266.3656,999999.9999,STRONG_SIGNAL,HIGH,2026-05-24,2026-05-24 21:18:25.195280,1.0,0.7059,1
5031,RANITIDINE HCI,GASTRIC CANCER,164,164,164,20864371,264.3774,280.182,999999.9999,STRONG_SIGNAL,HIGH,2026-05-24,2026-05-24 21:18:25.195280,1.0,0.1524,1
494,ZANTAC,GASTROINTESTINAL CARCINOMA,663,663,663,20864371,263.5387,266.5321,999999.9999,STRONG_SIGNAL,HIGH,2026-05-24,2026-05-24 21:18:25.195280,1.0,0.1056,2
1746,EXJADE,SERUM FERRITIN INCREASED,101,101,101,20864371,263.2225,269.5631,999999.9999,STRONG_SIGNAL,HIGH,2026-05-24,2026-05-24 21:18:25.195280,0.9604,0.099,23
8984,DUODOPA,STOMA SITE HYPERGRANULATION,76,76,76,20864371,262.3354,263.0778,999999.9999,STRONG_SIGNAL,HIGH,2026-05-24,2026-05-24 21:18:25.195280,0.9868,0.0658,21
5279,PRAZAXA,EMBOLIC STROKE,24,24,24,20864371,261.5544,265.8375,999999.9999,STRONG_SIGNAL,HIGH,2026-05-24,2026-05-24 21:18:25.195280,1.0,0.0,1
1922,DYSPORT,PRODUCT PREPARATION ERROR,243,243,243,20864371,260.7426,272.3217,999999.9999,STRONG_SIGNAL,HIGH,2026-05-24,2026-05-24 21:18:25.195280,0.0535,0.0,1
106,BYDUREON BCISE,DEVICE LEAKAGE,1385,1385,1385,20864371,259.4699,278.8969,999999.9999,STRONG_SIGNAL,HIGH,2026-05-24,2026-05-24 21:18:25.195280,0.0505,0.0,1
149,OXASCAND,INTENTIONAL SELF-INJURY,235,235,235,20864371,259.243,317.7648,999999.9999,STRONG_SIGNAL,HIGH,2026-05-24,2026-05-24 21:18:25.195280,0.9957,0.0,1
6406,NICODERM CQ,APPLICATION SITE RASH,129,129,129,20864371,257.7521,265.0474,999999.9999,STRONG_SIGNAL,HIGH,2026-05-24,2026-05-24 21:18:25.195280,0.0155,0.0,2
4195,NEXPLANON,MENOMETRORRHAGIA,116,116,116,20864371,257.1091,257.9687,999999.9999,STRONG_SIGNAL,HIGH,2026-05-24,2026-05-24 21:18:25.195280,0.1293,0.0,3
2883,VOLTAREN ARTHRITIS PAIN,DRUG EFFECTIVE FOR UNAPPROVED INDICATION,267,267,267,20864371,256.9754,272.6007,999999.9999,STRONG_SIGNAL,HIGH,2026-05-24,2026-05-24 21:18:25.195280,0.015,0.0,1
9614,OXYCODONE HCL CAPSULES,POISONING DELIBERATE,13,13,13,20864371,256.6173,271.3863,999999.9999,STRONG_SIGNAL,HIGH,2026-05-24,2026-05-24 21:18:25.195280,1.0,1.0,1
4088,IMPLANON,COMPLICATION ASSOCIATED WITH DEVICE,197,197,197,20864371,255.8226,272.9615,999999.9999,STRONG_SIGNAL,HIGH,2026-05-24,2026-05-24 21:18:25.195280,0.5635,0.0,19
2124,IMODIUM A-D,PRODUCT PACKAGING ISSUE,59,59,59,20864371,254.9644,261.8504,999999.9999,STRONG_SIGNAL,HIGH,2026-05-24,2026-05-24 21:18:25.195280,0.0508,0.0,1
117,ZANTAC,BLADDER CANCER,3233,3233,3233,20864371,254.4467,269.1898,999999.9999,STRONG_SIGNAL,HIGH,2026-05-24,2026-05-24 21:18:25.195280,0.9997,0.056,3
5547,LAMIVUDINE TENOFOVIR MYLAN,FOETAL EXPOSURE DURING PREGNANCY,17,17,17,20864371,253.393,391.8021,999999.9999,STRONG_SIGNAL,HIGH,2026-05-24,2026-05-24 21:18:25.195280,1.0,0.0,1
7498,NICODERM CQ,PRODUCT SELECTION ERROR,18,18,18,20864371,252.8888,253.8637,999999.9999,STRONG_SIGNAL,HIGH,2026-05-24,2026-05-24 21:18:25.195280,0.1111,0.0,1
510,BYDUREON BCISE,INJECTION SITE EXTRAVASATION,809,809,809,20864371,252.7958,263.5153,999999.9999,STRONG_SIGNAL,HIGH,2026-05-24,2026-05-24 21:18:25.195280,0.0297,0.0,1
8602,DORZOLAMIDE TIMOLOL SANDOZ,TREATMENT FAILURE,40,40,40,20864371,251.6494,967.7907,999999.9999,STRONG_SIGNAL,HIGH,2026-05-24,2026-05-24 21:18:25.195280,0.0,0.0,1
3715,DOCETAXEL SUN,ANHEDONIA,80,80,80,20864371,251.4223,280.042,999999.9999,STRONG_SIGNAL,HIGH,2026-05-24,2026-05-24 21:18:25.195280,0.0125,0.0,1
9430,TREOSULFAN,CYTOMEGALOVIRUS CHORIORETINITIS,11,11,11,20864371,249.0881,251.7767,999999.9999,STRONG_SIGNAL,HIGH,2026-05-24,2026-05-24 21:18:25.195280,1.0,0.0,4
9119,METHYLDOPA,SMALL FOR DATES BABY,43,43,43,20864371,248.5993,254.2177,999999.9999,STRONG_SIGNAL,HIGH,2026-05-24,2026-05-24 21:18:25.195280,1.0,0.0,3
8854,METHYLPHENIDATE HYDROCHLORIDE EXTENDED-RELEASE TABLETS,THERAPEUTIC PRODUCT EFFECT INCREASED,4,4,4,20864371,247.9353,249.5599,999999.9999,STRONG_SIGNAL,LOW,2026-05-24,2026-05-24 21:18:25.195280,0.0,0.0,1
6431,TUDORZA PRESSAIR,INTENTIONAL DEVICE MISUSE,110,110,110,20864371,247.5011,255.0268,999999.9999,STRONG_SIGNAL,HIGH,2026-05-24,2026-05-24 21:18:25.195280,0.1818,0.0,1
481,NUCALA,EXPOSURE VIA SKIN CONTACT,127,127,127,20864371,246.9243,248.9239,999999.9999,STRONG_SIGNAL,HIGH,2026-05-24,2026-05-24 21:18:25.195280,0.0079,0.0,1
3697,NIVOLUMAB,IMMUNE-MEDIATED ENTEROCOLITIS,156,156,156,20864371,246.8507,248.242,999999.9999,STRONG_SIGNAL,HIGH,2026-05-24,2026-05-24 21:18:25.195280,1.0,0.0321,17
8870,ICY HOT MEDICATED NO MESS APPLICATOR,THERMAL BURN,4,4,4,20864371,246.6058,252.8633,999999.9999,STRONG_SIGNAL,LOW,2026-05-24,2026-05-24 21:18:25.195280,0.25,0.0,1
5565,LANOLEPT,SEPTIC SHOCK,4,4,4,20864371,246.0085,316.011,999999.9999,STRONG_SIGNAL,LOW,2026-05-24,2026-05-24 21:18:25.195280,1.0,1.0,1
1114,STRIBILD,BONE DENSITY DECREASED,429,429,429,20864371,244.4848,269.875,999999.9999,STRONG_SIGNAL,HIGH,2026-05-24,2026-05-24 21:18:25.195280,0.7762,0.0047,2
9025,SPINRAZA,CEREBROSPINAL FLUID LEAKAGE,25,25,25,20864371,243.3263,244.7822,999999.9999,STRONG_SIGNAL,HIGH,2026-05-24,2026-05-24 21:18:25.195280,0.52,0.0,4
5702,DUODOPA,STOMA SITE EXTRAVASATION,55,55,55,20864371,242.7034,243.1999,999999.9999,STRONG_SIGNAL,HIGH,2026-05-24,2026-05-24 21:18:25.195280,1.0,0.1091,16
8648,HIZENTRA,INFUSION SITE BRUISING,54,54,54,20864371,241.8874,243.047,999999.9999,STRONG_SIGNAL,HIGH,2026-05-24,2026-05-24 21:18:25.195280,0.1296,0.0,3
582,VIAGRA,MALIGNANT MELANOMA,535,535,535,20864371,241.7586,258.3509,999999.9999,STRONG_SIGNAL,HIGH,2026-05-24,2026-05-24 21:18:25.195280,1.0,0.0542,1
3805,ESTRADIOL TRANSDERMAL SYSTEM,APPLICATION SITE ERYTHEMA,185,185,185,20864371,241.0841,254.0635,999999.9999,STRONG_SIGNAL,HIGH,2026-05-24,2026-05-24 21:18:25.195280,0.0054,0.0,1
7646,ALAWAY,EYE IRRITATION,78,78,78,20864371,240.6302,294.4952,999999.9999,STRONG_SIGNAL,HIGH,2026-05-24,2026-05-24 21:18:25.195280,0.0,0.0,1
5154,IPREN,INTENTIONAL SELF-INJURY,87,87,87,20864371,240.3211,290.3714,999999.9999,STRONG_SIGNAL,HIGH,2026-05-24,2026-05-24 21:18:25.195280,1.0,0.0,1
4535,COPAXONE,INJECTION SITE ATROPHY,61,61,61,20864371,240.0126,240.5479,999999.9999,STRONG_SIGNAL,HIGH,2026-05-24,2026-05-24 21:18:25.195280,0.4754,0.0,12
5246,NUVARING,UNINTENDED PREGNANCY,110,110,110,20864371,239.8415,244.0277,999999.9999,STRONG_SIGNAL,HIGH,2026-05-24,2026-05-24 21:18:25.195280,1.0,0.0,19
1926,AFRIN ORIGINAL,DRUG DEPENDENCE,342,342,342,20864371,239.598,444.6244,999999.9999,STRONG_SIGNAL,HIGH,2026-05-24,2026-05-24 21:18:25.195280,1.0,0.0029,1
3527,PARAGARD T 380A,COITAL BLEEDING,62,62,62,20864371,239.3064,239.9292,999999.9999,STRONG_SIGNAL,HIGH,2026-05-24,2026-05-24 21:18:25.195280,0.2742,0.0,1
584,MIRENA,PREGNANCY WITH CONTRACEPTIVE DEVICE,614,614,614,20864371,239.2093,242.6378,999999.9999,STRONG_SIGNAL,HIGH,2026-05-24,2026-05-24 21:18:25.195280,0.9935,0.0033,27
357,TRUVADA,BONE DENSITY DECREASED,1358,1358,1358,20864371,238.7636,259.8989,999999.9999,STRONG_SIGNAL,HIGH,2026-05-24,2026-05-24 21:18:25.195280,0.8108,0.0029,3
6242,DELFLEX WITH DEXTROSE 2 5 LOW MAGNESIUM LOW CALCIUM,FLUID OVERLOAD,109,109,109,20864371,238.1894,255.5292,999999.9999,STRONG_SIGNAL,HIGH,2026-05-24,2026-05-24 21:18:25.195280,0.7339,0.0275,1
228,PATADAY,TREATMENT FAILURE,2373,2373,2373,20864371,234.8274,699.1557,999999.9999,STRONG_SIGNAL,HIGH,2026-05-24,2026-05-24 21:18:25.195280,0.0,0.0,1
2006,HYDROMORPHONE TABLETS,LEARNING DISABILITY,49,49,49,20864371,234.4895,238.7601,999999.9999,STRONG_SIGNAL,HIGH,2026-05-24,2026-05-24 21:18:25.195280,1.0,0.1633,1
3131,CLARITIN,ACCIDENTAL EXPOSURE TO PRODUCT BY CHILD,207,207,207,20864371,233.8732,236.6651,999999.9999,STRONG_SIGNAL,HIGH,2026-05-24,2026-05-24 21:18:25.195280,0.0048,0.0,1
4260,KALEORID LP,LEFT VENTRICULAR DYSFUNCTION,9,9,9,20864371,233.811,242.7653,999999.9999,STRONG_SIGNAL,MEDIUM,2026-05-24,2026-05-24 21:18:25.195280,1.0,0.0,1
7643,KRYSTEXXA,GOUT,83,83,83,20864371,233.5361,250.6617,999999.9999,STRONG_SIGNAL,HIGH,2026-05-24,2026-05-24 21:18:25.195280,0.2892,0.0,1
723,PULMOZYME,INFECTIVE PULMONARY EXACERBATION OF CYSTIC FIBROSIS,607,607,607,20864371,231.3177,249.3545,999999.9999,STRONG_SIGNAL,HIGH,2026-05-24,2026-05-24 21:18:25.195280,0.8056,0.0115,11
8793,OXYCODONE HCL CR TABLETS SIMILAR TO NDA 22-272,LEARNING DISABILITY,85,85,85,20864371,230.4338,234.4623,999999.9999,STRONG_SIGNAL,HIGH,2026-05-24,2026-05-24 21:18:25.195280,1.0,0.0118,1
3695,DOCETAXEL PFIZER,INJURY,66,66,66,20864371,229.9167,264.1763,999999.9999,STRONG_SIGNAL,HIGH,2026-05-24,2026-05-24 21:18:25.195280,0.0152,0.0,1
2732,BONDRONAT IBANDRONATE SODIUM,OSTEONECROSIS OF JAW,7,7,7,20864371,229.8698,253.0885,999999.9999,STRONG_SIGNAL,MEDIUM,2026-05-24,2026-05-24 21:18:25.195280,1.0,0.0,3
6042,NICODERM CQ,APPLICATION SITE IRRITATION,86,86,86,20864371,229.1129,233.3935,999999.9999,STRONG_SIGNAL,HIGH,2026-05-24,2026-05-24 21:18:25.195280,0.0349,0.0,2
2162,DORZOLAMIDE AND TIMOLOL,TREATMENT FAILURE,270,270,270,20864371,229.0286,695.4507,999999.9999,STRONG_SIGNAL,HIGH,2026-05-24,2026-05-24 21:18:25.195280,0.0074,0.0,1
4732,VIREAD,TOOTH INJURY,166,166,166,20864371,228.6412,232.4656,999999.9999,STRONG_SIGNAL,HIGH,2026-05-24,2026-05-24 21:18:25.195280,1.0,0.012,1
3744,AMOXICILLIN CLAVULANATE,DRUG-INDUCED LIVER INJURY,57,57,57,20864371,225.5359,254.8232,999999.9999,STRONG_SIGNAL,HIGH,2026-05-24,2026-05-24 21:18:25.195280,1.0,0.0351,4
4698,METHYLENE BLUE,SEROTONIN SYNDROME,39,39,39,20864371,224.4628,241.5177,999999.9999,STRONG_SIGNAL,HIGH,2026-05-24,2026-05-24 21:18:25.195280,1.0,0.0,6
6989,DELORAZEPAM,SOPOR,103,103,103,20864371,224.4278,248.962,999999.9999,STRONG_SIGNAL,HIGH,2026-05-24,2026-05-24 21:18:25.195280,1.0,0.0,1
70,SENSIPAR,DRUG DOSE OMISSION,5631,5631,5631,20864371,223.8939,335.1433,999999.9999,STRONG_SIGNAL,HIGH,2026-05-24,2026-05-24 21:18:25.195280,0.0011,0.0,1
3328,HIZENTRA,INFUSION SITE SWELLING,163,163,163,20864371,223.3693,226.6321,999999.9999,STRONG_SIGNAL,HIGH,2026-05-24,2026-05-24 21:18:25.195280,0.227,0.0,8
360,PATANOL,TREATMENT FAILURE,1299,1299,1299,20864371,223.3509,625.6263,999999.9999,STRONG_SIGNAL,HIGH,2026-05-24,2026-05-24 21:18:25.195280,0.0,0.0,1
5765,BUPRENORPHINE/NALOXONE,PRODUCT PHYSICAL CONSISTENCY ISSUE,21,21,21,20864371,223.2183,226.5828,999999.9999,STRONG_SIGNAL,HIGH,2026-05-24,2026-05-24 21:18:25.195280,0.1429,0.0,1
7718,PULMICORT FLEXHALER,DEVICE FAILURE,81,81,81,20864371,222.716,229.4121,999999.9999,STRONG_SIGNAL,HIGH,2026-05-24,2026-05-24 21:18:25.195280,0.0864,0.0123,1
5058,XULANE,APPLICATION SITE RASH,36,36,36,20864371,222.0964,227.7175,999999.9999,STRONG_SIGNAL,HIGH,2026-05-24,2026-05-24 21:18:25.195280,0.0556,0.0,1
4521,OTHER THERAPEUTIC PRODUCTS,ALCOHOLISM,66,66,66,20864371,221.785,226.8341,999999.9999,STRONG_SIGNAL,HIGH,2026-05-24,2026-05-24 21:18:25.195280,0.2273,0.0,1
680,ABILIFY,COMPULSIVE HOARDING,104,104,104,20864371,221.6023,222.2449,999999.9999,STRONG_SIGNAL,HIGH,2026-05-24,2026-05-24 21:18:25.195280,0.9712,0.0,1
3490,SULBUTIAMINE,SEPTIC SHOCK,9,9,9,20864371,221.4662,276.5827,999999.9999,STRONG_SIGNAL,MEDIUM,2026-05-24,2026-05-24 21:18:25.195280,1.0,0.0,1
5930,LEVETIRACETAM,PSYCHOGENIC SEIZURE,50,50,50,20864371,221.3888,222.1119,999999.9999,STRONG_SIGNAL,HIGH,2026-05-24,2026-05-24 21:18:25.195280,0.94,0.0,3
3576,PRENATAL VITAMINS,PREMATURE SEPARATION OF PLACENTA,16,16,16,20864371,221.3588,222.2958,999999.9999,STRONG_SIGNAL,HIGH,2026-05-24,2026-05-24 21:18:25.195280,1.0,0.0,1
8852,OPANA,DRUG DIVERSION,89,89,89,20864371,220.9801,224.3833,999999.9999,STRONG_SIGNAL,HIGH,2026-05-24,2026-05-24 21:18:25.195280,1.0,0.2022,1
704,MESTINON,MYASTHENIA GRAVIS,44,44,44,20864371,219.1989,223.8347,999999.9999,STRONG_SIGNAL,HIGH,2026-05-24,2026-05-24 21:18:25.195280,1.0,0.0909,9
5244,OLMESARTAN MEDOXOMIL,SPRUE-LIKE ENTEROPATHY,130,130,130,20864371,218.5456,226.2896,999999.9999,STRONG_SIGNAL,HIGH,2026-05-24,2026-05-24 21:18:25.195280,0.7538,0.0077,10
6601,FORXIGA,EUGLYCAEMIC DIABETIC KETOACIDOSIS,74,74,74,20864371,218.4272,222.2663,999999.9999,STRONG_SIGNAL,HIGH,2026-05-24,2026-05-24 21:18:25.195280,0.9865,0.027,24
472,ENOXAPARIN SODIUM - WINTHROP,NEEDLE ISSUE,30,30,30,20864371,218.1428,234.0701,999999.9999,STRONG_SIGNAL,HIGH,2026-05-24,2026-05-24 21:18:25.195280,0.0,0.0,1
857,STRIBILD,BONE LOSS,143,143,143,20864371,218.0687,225.1234,999999.9999,STRONG_SIGNAL,HIGH,2026-05-24,2026-05-24 21:18:25.195280,0.979,0.0,1
1809,GILOTRIF,PARONYCHIA,72,72,72,20864371,217.4917,220.8103,999999.9999,STRONG_SIGNAL,HIGH,2026-05-24,2026-05-24 21:18:25.195280,0.9722,0.1389,23
5269,ATROPINE,BRASH SYNDROME,3,3,3,20864371,216.4185,216.678,999999.9999,STRONG_SIGNAL,LOW,2026-05-24,2026-05-24 21:18:25.195280,1.0,0.0,2
6309,BUPRENORPHINE TRANSDERMAL,INADEQUATE ANALGESIA,29,29,29,20864371,216.2809,218.4109,999999.9999,STRONG_SIGNAL,HIGH,2026-05-24,2026-05-24 21:18:25.195280,0.2069,0.0,1
1957,RANITIDINE HCI,HEPATIC CANCER,119,119,119,20864371,216.1772,225.3946,999999.9999,STRONG_SIGNAL,HIGH,2026-05-24,2026-05-24 21:18:25.195280,1.0,0.1849,1
7227,IMODIUM MULTI-SYMPTOM RELIEF,PRODUCT LABEL ISSUE,23,23,23,20864371,215.8729,220.6804,999999.9999,STRONG_SIGNAL,HIGH,2026-05-24,2026-05-24 21:18:25.195280,0.0435,0.0,1
966,DOCETAXEL ACTAVIS,ANHEDONIA,60,60,60,20864371,215.4742,236.1964,999999.9999,STRONG_SIGNAL,HIGH,2026-05-24,2026-05-24 21:18:25.195280,0.0167,0.0,1
457,LERGIGAN PROMETHAZINE,INTENTIONAL OVERDOSE,922,922,922,20864371,215.0812,291.8241,999999.9999,STRONG_SIGNAL,HIGH,2026-05-24,2026-05-24 21:18:25.195280,1.0,0.0,1
8311,COMBIPATCH,APPLICATION SITE PRURITUS,75,75,75,20864371,214.6004,223.6564,999999.9999,STRONG_SIGNAL,HIGH,2026-05-24,2026-05-24 21:18:25.195280,0.0267,0.0,2
5313,RANITIDINE HCI,PROSTATIC DISORDER,58,58,58,20864371,212.8754,217.204,999999.9999,STRONG_SIGNAL,HIGH,2026-05-24,2026-05-24 21:18:25.195280,0.2069,0.0,1
6686,POLYETHYLENE GLYCOL 3350,INCORRECT PRODUCT ADMINISTRATION DURATION,122,122,122,20864371,212.5278,232.8798,999999.9999,STRONG_SIGNAL,HIGH,2026-05-24,2026-05-24 21:18:25.195280,0.0082,0.0,1
1301,PARAGARD T 380A,DEVICE DEPLOYMENT ISSUE,565,565,565,20864371,210.923,216.0307,999999.9999,STRONG_SIGNAL,HIGH,2026-05-24,2026-05-24 21:18:25.195280,0.1062,0.0,1
6380,VELETRI,CATHETER SITE ERYTHEMA,106,106,106,20864371,210.0605,211.6009,999999.9999,STRONG_SIGNAL,HIGH,2026-05-24,2026-05-24 21:18:25.195280,0.9245,0.0755,2
7621,PANITUMUMAB,DERMATITIS ACNEIFORM,63,63,63,20864371,209.0259,213.1433,999999.9999,STRONG_SIGNAL,HIGH,2026-05-24,2026-05-24 21:18:25.195280,0.9524,0.0794,9
366,KYLEENA,DEVICE EXPULSION,833,833,833,20864371,208.7617,242.5438,999999.9999,STRONG_SIGNAL,HIGH,2026-05-24,2026-05-24 21:18:25.195280,0.1044,0.0,12
5380,DOCETAXEL HOSPIRA,ANHEDONIA,96,96,96,20864371,208.462,227.7049,999999.9999,STRONG_SIGNAL,HIGH,2026-05-24,2026-05-24 21:18:25.195280,0.0104,0.0,1
3140,BUPRENORPHINE,PRODUCT SOLUBILITY ABNORMAL,63,63,63,20864371,207.8668,211.2206,999999.9999,STRONG_SIGNAL,HIGH,2026-05-24,2026-05-24 21:18:25.195280,0.0317,0.0,2
9254,GADOXETATE DISODIUM,MASS,66,66,66,20864371,207.6807,219.8383,999999.9999,STRONG_SIGNAL,HIGH,2026-05-24,2026-05-24 21:18:25.195280,1.0,0.0,1
322,PROPAVAN,INTENTIONAL OVERDOSE,968,968,968,20864371,207.2353,277.3813,999999.9999,STRONG_SIGNAL,HIGH,2026-05-24,2026-05-24 21:18:25.195280,0.999,0.0,1
247,LERGIGAN PROMETHAZINE HYDROCHLORIDE,INTENTIONAL OVERDOSE,1254,1254,1254,20864371,206.884,275.7132,999999.9999,STRONG_SIGNAL,HIGH,2026-05-24,2026-05-24 21:18:25.195280,1.0,0.0,1
491,DUODOPA,STOMA SITE INFECTION,151,151,151,20864371,206.8329,207.9979,999999.9999,STRONG_SIGNAL,HIGH,2026-05-24,2026-05-24 21:18:25.195280,0.9669,0.0662,21
2989,PROQUAD,NO ADVERSE EVENT,142,142,142,20864371,206.693,308.8203,999999.9999,STRONG_SIGNAL,HIGH,2026-05-24,2026-05-24 21:18:25.195280,0.0,0.0,1
716,ATRIPLA,TOOTH LOSS,443,443,443,20864371,206.2518,218.119,999999.9999,STRONG_SIGNAL,HIGH,2026-05-24,2026-05-24 21:18:25.195280,0.7404,0.0023,1
3938,KCENTRA,DEVICE ISSUE,189,189,189,20864371,206.0874,272.8026,999999.9999,STRONG_SIGNAL,HIGH,2026-05-24,2026-05-24 21:18:25.195280,0.0053,0.0,2
2839,UNK,DRUG REACTION WITH EOSINOPHILIA AND SYSTEMIC SYMPTOMS,10,10,10,20864371,205.2451,228.4548,999999.9999,STRONG_SIGNAL,HIGH,2026-05-24,2026-05-24 21:18:25.195280,1.0,0.0,3
580,VIREAD,BONE DENSITY DECREASED,762,762,762,20864371,204.7729,221.4961,999999.9999,STRONG_SIGNAL,HIGH,2026-05-24,2026-05-24 21:18:25.195280,0.9121,0.0026,2
2062,PRENATAL VITAMINS,PREMATURE DELIVERY,286,286,286,20864371,204.2907,220.9358,999999.9999,STRONG_SIGNAL,HIGH,2026-05-24,2026-05-24 21:18:25.195280,1.0,0.0035,1
2402,JARDIANCE,EUGLYCAEMIC DIABETIC KETOACIDOSIS,277,277,277,20864371,203.7525,206.6756,999999.9999,STRONG_SIGNAL,HIGH,2026-05-24,2026-05-24 21:18:25.195280,1.0,0.0036,34
6889,SOLIRIS,RETICULOCYTE COUNT INCREASED,67,67,67,20864371,203.0161,203.4264,999999.9999,STRONG_SIGNAL,HIGH,2026-05-24,2026-05-24 21:18:25.195280,0.7761,0.0,13
4050,DIMENHYDRINATE,APLASTIC ANAEMIA,22,22,22,20864371,202.8535,206.6588,999999.9999,STRONG_SIGNAL,HIGH,2026-05-24,2026-05-24 21:18:25.195280,1.0,0.0,1
2355,COMBIPATCH,PRODUCT ADHESION ISSUE,148,148,148,20864371,202.4952,220.0785,999999.9999,STRONG_SIGNAL,HIGH,2026-05-24,2026-05-24 21:18:25.195280,0.0338,0.0,1
7237,GANCICLOVIR,CYTOMEGALOVIRUS VIRAEMIA,81,81,81,20864371,200.6608,204.8172,999999.9999,STRONG_SIGNAL,HIGH,2026-05-24,2026-05-24 21:18:25.195280,1.0,0.5309,8
5247,ZANTAC,NASAL CAVITY CANCER,136,136,136,20864371,200.4696,200.9319,999999.9999,STRONG_SIGNAL,HIGH,2026-05-24,2026-05-24 21:18:25.195280,1.0,0.1985,1
2862,FLUDARABINE,ACUTE GRAFT VERSUS HOST DISEASE IN SKIN,75,75,75,20864371,200.0591,201.6607,999999.9999,STRONG_SIGNAL,HIGH,2026-05-24,2026-05-24 21:18:25.195280,1.0,0.16,20
2660,VIREAD,MULTIPLE FRACTURES,230,230,230,20864371,199.5843,204.2369,999999.9999,STRONG_SIGNAL,HIGH,2026-05-24,2026-05-24 21:18:25.195280,1.0,0.0,1
4835,AMIODARONE HCL,PULMONARY TOXICITY,85,85,85,20864371,199.3329,203.5088,999999.9999,STRONG_SIGNAL,HIGH,2026-05-24,2026-05-24 21:18:25.195280,1.0,0.2824,14
772,VARIVAX,PRODUCT STORAGE ERROR,155,155,155,20864371,199.0908,243.9142,999999.9999,STRONG_SIGNAL,HIGH,2026-05-24,2026-05-24 21:18:25.195280,0.0,0.0,1
1091,CAPECITABINE TAB,PALMAR-PLANTAR ERYTHRODYSAESTHESIA SYNDROME,408,408,408,20864371,198.7713,212.2579,999999.9999,STRONG_SIGNAL,HIGH,2026-05-24,2026-05-24 21:18:25.195280,0.0417,0.0,1
6377,TAFINLAR,METASTATIC MALIGNANT MELANOMA,93,93,93,20864371,198.3474,200.2271,999999.9999,STRONG_SIGNAL,HIGH,2026-05-24,2026-05-24 21:18:25.195280,1.0,0.3978,17
4901,PROTHIPENDYL,IMMOBILE,4,4,4,20864371,197.3891,200.5954,999999.9999,STRONG_SIGNAL,LOW,2026-05-24,2026-05-24 21:18:25.195280,1.0,1.0,1
1870,JARDIANCE,KETOACIDOSIS,407,407,407,20864371,197.1437,201.327,999999.9999,STRONG_SIGNAL,HIGH,2026-05-24,2026-05-24 21:18:25.195280,0.8943,0.0074,36
9451,RAPAMUNE,OVARIAN CYST,88,88,88,20864371,196.8451,202.5349,999999.9999,STRONG_SIGNAL,HIGH,2026-05-24,2026-05-24 21:18:25.195280,1.0,0.0,2
1157,PARAPLATIN,HAIR DISORDER,312,312,312,20864371,196.6676,213.1093,999999.9999,STRONG_SIGNAL,HIGH,2026-05-24,2026-05-24 21:18:25.195280,0.0256,0.0096,1
4329,REPAGLINIDE,HAEMOGLOBINURIA,7,7,7,20864371,196.5915,197.07,999999.9999,STRONG_SIGNAL,MEDIUM,2026-05-24,2026-05-24 21:18:25.195280,1.0,0.0,1
1287,RIBAVIRIN,HEPATOCELLULAR CARCINOMA,317,317,317,20864371,195.7292,202.4956,999999.9999,STRONG_SIGNAL,HIGH,2026-05-24,2026-05-24 21:18:25.195280,0.9968,0.1514,31
4621,FLONASE ALLERGY RELIEF,ANOSMIA,74,74,74,20864371,195.2276,199.873,999999.9999,STRONG_SIGNAL,HIGH,2026-05-24,2026-05-24 21:18:25.195280,0.0676,0.0,2
5644,RAPAMUNE,TRANSPLANT REJECTION,99,99,99,20864371,194.934,201.2957,999999.9999,STRONG_SIGNAL,HIGH,2026-05-24,2026-05-24 21:18:25.195280,1.0,0.0303,3
8237,ARANESP,HAEMODIALYSIS,79,79,79,20864371,194.5164,196.2574,999999.9999,STRONG_SIGNAL,HIGH,2026-05-24,2026-05-24 21:18:25.195280,1.0,0.0633,7
2168,DUODOPA,STOMA SITE INFLAMMATION,93,93,93,20864371,194.1627,194.8346,999999.9999,STRONG_SIGNAL,HIGH,2026-05-24,2026-05-24 21:18:25.195280,1.0,0.1075,14
8771,COLLAGENASE SANTYL,APPLICATION SITE PAIN,31,31,31,20864371,194.0781,204.8046,999999.9999,STRONG_SIGNAL,HIGH,2026-05-24,2026-05-24 21:18:25.195280,0.0968,0.0,1
5043,BENICAR HCT,DIVERTICULUM,106,106,106,20864371,193.6199,198.4697,999999.9999,STRONG_SIGNAL,HIGH,2026-05-24,2026-05-24 21:18:25.195280,0.934,0.0094,1
5390,NEVIRAPINE,VIROLOGIC FAILURE,114,114,114,20864371,193.3078,199.3589,999999.9999,STRONG_SIGNAL,HIGH,2026-05-24,2026-05-24 21:18:25.195280,1.0,0.0088,14
1208,RANITIDINE HCI,PROSTATE CANCER,227,227,227,20864371,192.7188,209.0185,999999.9999,STRONG_SIGNAL,HIGH,2026-05-24,2026-05-24 21:18:25.195280,1.0,0.0132,1
4564,ZIOPTAN,OCULAR HYPERAEMIA,49,49,49,20864371,192.0607,216.6328,999999.9999,STRONG_SIGNAL,HIGH,2026-05-24,2026-05-24 21:18:25.195280,0.0204,0.0,2
9695,TENOFOVIR,FANCONI SYNDROME,17,17,17,20864371,191.4713,192.4624,999999.9999,STRONG_SIGNAL,HIGH,2026-05-24,2026-05-24 21:18:25.195280,1.0,0.0,7
9644,PANITUMUMAB,SKIN TOXICITY,51,51,51,20864371,191.2267,194.2632,999999.9999,STRONG_SIGNAL,HIGH,2026-05-24,2026-05-24 21:18:25.195280,0.9608,0.0784,14
1324,CLONAZEPAM ACTAVIS,PRODUCT SUBSTITUTION ISSUE,294,294,294,20864371,190.7897,237.5611,999999.9999,STRONG_SIGNAL,HIGH,2026-05-24,2026-05-24 21:18:25.195280,0.0646,0.0,1
2759,KALYDECO,INFECTIVE PULMONARY EXACERBATION OF CYSTIC FIBROSIS,167,167,167,20864371,190.7255,203.6737,999999.9999,STRONG_SIGNAL,HIGH,2026-05-24,2026-05-24 21:18:25.195280,0.7904,0.012,10
8626,AMIODARONE HYDROCHLORIDE,PULMONARY TOXICITY,94,94,94,20864371,188.9857,192.7184,999999.9999,STRONG_SIGNAL,HIGH,2026-05-24,2026-05-24 21:18:25.195280,1.0,0.2021,2
2639,EYLEA,BLINDNESS TRANSIENT,256,256,256,20864371,188.9325,191.9978,999999.9999,STRONG_SIGNAL,HIGH,2026-05-24,2026-05-24 21:18:25.195280,1.0,0.0039,16
8067,PROGRAF,TRANSPLANT DYSFUNCTION,101,101,101,20864371,187.3791,189.8631,999999.9999,STRONG_SIGNAL,HIGH,2026-05-24,2026-05-24 21:18:25.195280,1.0,0.0099,3
837,ZANTAC,PROSTATIC DISORDER,699,699,699,20864371,187.1954,189.4351,999999.9999,STRONG_SIGNAL,HIGH,2026-05-24,2026-05-24 21:18:25.195280,0.2117,0.0086,1
4852,TASIGNA,CYTOGENETIC ANALYSIS ABNORMAL,77,77,77,20864371,186.2539,187.2623,999999.9999,STRONG_SIGNAL,HIGH,2026-05-24,2026-05-24 21:18:25.195280,0.9091,0.0649,16
3812,EPIPEN,DEVICE FAILURE,99,99,99,20864371,186.2306,190.8543,999999.9999,STRONG_SIGNAL,HIGH,2026-05-24,2026-05-24 21:18:25.195280,0.7374,0.0404,14
9348,INJECTAFER,EXTRAVASATION,25,25,25,20864371,185.9041,187.3924,999999.9999,STRONG_SIGNAL,HIGH,2026-05-24,2026-05-24 21:18:25.195280,0.16,0.0,1
3723,COMPLERA,TOOTH LOSS,173,173,173,20864371,185.2293,195.2267,999999.9999,STRONG_SIGNAL,HIGH,2026-05-24,2026-05-24 21:18:25.195280,0.763,0.0058,1
7741,DIFICID,CLOSTRIDIUM DIFFICILE INFECTION,33,33,33,20864371,185.0964,201.9719,999999.9999,STRONG_SIGNAL,HIGH,2026-05-24,2026-05-24 21:18:25.195280,0.9697,0.0,1
2653,M-M-R II,NO ADVERSE EVENT,243,243,243,20864371,184.7223,261.8285,999999.9999,STRONG_SIGNAL,HIGH,2026-05-24,2026-05-24 21:18:25.195280,0.0,0.0,1
4144,BUPRENORPHINE TRANSDERMAL,LEARNING DISABILITY,42,42,42,20864371,184.4277,187.0679,999999.9999,STRONG_SIGNAL,HIGH,2026-05-24,2026-05-24 21:18:25.195280,1.0,0.0476,1
302,PARAGARD T 380A,DYSPAREUNIA,170,170,170,20864371,183.6608,184.9757,999999.9999,STRONG_SIGNAL,HIGH,2026-05-24,2026-05-24 21:18:25.195280,0.2824,0.0,1
6179,ALIMEMAZINE,INTENTIONAL SELF-INJURY,92,92,92,20864371,183.4578,211.2035,999999.9999,STRONG_SIGNAL,HIGH,2026-05-24,2026-05-24 21:18:25.195280,1.0,0.0,1
811,CYTOXAN,PSYCHOLOGICAL TRAUMA,794,794,794,20864371,183.2198,207.4832,999999.9999,STRONG_SIGNAL,HIGH,2026-05-24,2026-05-24 21:18:25.195280,0.9912,0.0,1
2444,VECTIBIX,SKIN TOXICITY,61,61,61,20864371,182.8947,185.6534,999999.9999,STRONG_SIGNAL,HIGH,2026-05-24,2026-05-24 21:18:25.195280,0.918,0.0492,16
1891,ARIKAYCE,APHONIA,160,160,160,20864371,182.8563,189.3483,999999.9999,STRONG_SIGNAL,HIGH,2026-05-24,2026-05-24 21:18:25.195280,0.225,0.0188,1
864,NEXPLANON,DEVICE DIFFICULT TO USE,817,817,817,20864371,182.7027,187.0868,999999.9999,STRONG_SIGNAL,HIGH,2026-05-24,2026-05-24 21:18:25.195280,0.082,0.0,5
2317,EFAVIRENZ,PATHOGEN RESISTANCE,236,236,236,20864371,182.5733,191.1077,999999.9999,STRONG_SIGNAL,HIGH,2026-05-24,2026-05-24 21:18:25.195280,1.0,0.0,19
5661,GADOLINIUM IN UNSPECIFIED DRUG,MASS,68,68,68,20864371,182.0256,191.288,999999.9999,STRONG_SIGNAL,HIGH,2026-05-24,2026-05-24 21:18:25.195280,1.0,0.0,2
6028,BIKTARVY,BONE LOSS,131,131,131,20864371,181.5485,186.4272,999999.9999,STRONG_SIGNAL,HIGH,2026-05-24,2026-05-24 21:18:25.195280,0.9771,0.0,1
7492,SANCUSO,PRODUCT ADHESION ISSUE,92,92,92,20864371,181.3998,195.4768,999999.9999,STRONG_SIGNAL,HIGH,2026-05-24,2026-05-24 21:18:25.195280,0.0217,0.0109,2
7787,DESCOVY,BONE LOSS,98,98,98,20864371,180.0702,184.922,999999.9999,STRONG_SIGNAL,HIGH,2026-05-24,2026-05-24 21:18:25.195280,0.9898,0.0,1
4200,EPIDIOLEX,ANTICONVULSANT DRUG LEVEL INCREASED,22,22,22,20864371,179.7077,180.1353,999999.9999,STRONG_SIGNAL,HIGH,2026-05-24,2026-05-24 21:18:25.195280,0.4091,0.0,2
5546,COMBIPATCH,APPLICATION SITE ERYTHEMA,72,72,72,20864371,178.9912,186.2233,999999.9999,STRONG_SIGNAL,HIGH,2026-05-24,2026-05-24 21:18:25.195280,0.0278,0.0,1
983,SPIRIVA,INCORRECT ROUTE OF DRUG ADMINISTRATION,466,466,466,20864371,178.4507,180.8669,999999.9999,STRONG_SIGNAL,HIGH,2026-05-24,2026-05-24 21:18:25.195280,0.0343,0.0,3
8476,NP THYROID,RECALLED PRODUCT ADMINISTERED,55,55,55,20864371,178.1663,182.1911,999999.9999,STRONG_SIGNAL,HIGH,2026-05-24,2026-05-24 21:18:25.195280,0.7273,0.0364,2
3874,COMPLERA,BONE LOSS,88,88,88,20864371,178.1465,182.9094,999999.9999,STRONG_SIGNAL,HIGH,2026-05-24,2026-05-24 21:18:25.195280,0.9886,0.0,1
5642,TRESIBA FLEXTOUCH U200,DRUG PRESCRIBING ERROR,38,38,38,20864371,177.9905,184.6102,999999.9999,STRONG_SIGNAL,HIGH,2026-05-24,2026-05-24 21:18:25.195280,0.0263,0.0,1
3577,EPINASTINE HYDROCHLORIDE,TREATMENT FAILURE,176,176,176,20864371,177.8154,371.1043,999999.9999,STRONG_SIGNAL,HIGH,2026-05-24,2026-05-24 21:18:25.195280,0.0,0.0,1
7327,WARFARIN,VASCULAR CALCIFICATION,78,78,78,20864371,177.648,177.8565,999999.9999,STRONG_SIGNAL,HIGH,2026-05-24,2026-05-24 21:18:25.195280,0.9872,0.0,1
6982,FLECAINIDE,ELECTROCARDIOGRAM QRS COMPLEX PROLONGED,60,60,60,20864371,176.454,178.6754,999999.9999,STRONG_SIGNAL,HIGH,2026-05-24,2026-05-24 21:18:25.195280,1.0,0.1167,10
496,STERILE DILUENT WATER,NO ADVERSE EVENT,627,627,627,20864371,176.2991,244.1044,999999.9999,STRONG_SIGNAL,HIGH,2026-05-24,2026-05-24 21:18:25.195280,0.0,0.0,1
339,PRILOSEC OTC,REBOUND EFFECT,1206,1206,1206,20864371,175.9972,185.7562,999999.9999,STRONG_SIGNAL,HIGH,2026-05-24,2026-05-24 21:18:25.195280,0.6294,0.01,1
199,BRIMONIDINE,TREATMENT FAILURE,1900,1900,1900,20864371,175.9242,352.4276,999999.9999,STRONG_SIGNAL,HIGH,2026-05-24,2026-05-24 21:18:25.195280,0.0037,0.0,1
1000,PARAPLATIN,HAIR COLOUR CHANGES,321,321,321,20864371,175.342,190.451,999999.9999,STRONG_SIGNAL,HIGH,2026-05-24,2026-05-24 21:18:25.195280,0.0436,0.0093,1
7603,MYOVIEW,NO ADVERSE EVENT,85,85,85,20864371,175.0481,243.2236,999999.9999,STRONG_SIGNAL,HIGH,2026-05-24,2026-05-24 21:18:25.195280,0.0118,0.0,2
7461,DELFLEX WITH DEXTROSE 1 5 LOW MAGNESIUM LOW CALCIUM,FLUID OVERLOAD,60,60,60,20864371,174.2688,183.4364,999999.9999,STRONG_SIGNAL,HIGH,2026-05-24,2026-05-24 21:18:25.195280,0.7333,0.0333,1
5831,GLATIRAMEERACETAAT MYLAN,MULTIPLE SCLEROSIS,50,50,50,20864371,173.9407,192.4173,999999.9999,STRONG_SIGNAL,HIGH,2026-05-24,2026-05-24 21:18:25.195280,1.0,0.0,1
670,ZEJULA,INTENTIONAL UNDERDOSE,444,444,444,20864371,173.7496,177.269,999999.9999,STRONG_SIGNAL,HIGH,2026-05-24,2026-05-24 21:18:25.195280,0.5833,0.0495,3
2293,DAPAGLIFLOZIN,DIABETIC KETOACIDOSIS,50,50,50,20864371,172.9893,187.2742,999999.9999,STRONG_SIGNAL,HIGH,2026-05-24,2026-05-24 21:18:25.195280,1.0,0.0,10
350,CLOZARIL,SCHIZOPHRENIA,582,582,582,20864371,172.882,178.4887,999999.9999,STRONG_SIGNAL,HIGH,2026-05-24,2026-05-24 21:18:25.195280,1.0,0.0206,6
3841,RUBRACA,CARBOHYDRATE ANTIGEN 125 INCREASED,180,180,180,20864371,172.6582,175.3974,999999.9999,STRONG_SIGNAL,HIGH,2026-05-24,2026-05-24 21:18:25.195280,0.4389,0.0167,2
3216,SALBUTAMOL SULFATE,SLEEP DISORDER DUE TO A GENERAL MEDICAL CONDITION,181,181,181,20864371,172.22,176.0564,999999.9999,STRONG_SIGNAL,HIGH,2026-05-24,2026-05-24 21:18:25.195280,1.0,0.0,1
441,DOCETAXEL,MADAROSIS,1146,1146,1146,20864371,172.0486,183.5888,999999.9999,STRONG_SIGNAL,HIGH,2026-05-24,2026-05-24 21:18:25.195280,0.041,0.0026,2
2216,SANVAL,SUICIDE ATTEMPT,70,70,70,20864371,171.9331,203.2559,999999.9999,STRONG_SIGNAL,HIGH,2026-05-24,2026-05-24 21:18:25.195280,1.0,0.0,2
4934,CLOZAPINE ACCORD,NEUTROPENIA,158,158,158,20864371,171.7259,284.1204,999999.9999,STRONG_SIGNAL,HIGH,2026-05-24,2026-05-24 21:18:25.195280,1.0,0.0127,3
4528,LANSOPRAZOLE ACTAVIS,NEPHROPATHY,8,8,8,20864371,171.4011,181.3515,999999.9999,STRONG_SIGNAL,MEDIUM,2026-05-24,2026-05-24 21:18:25.195280,1.0,0.0,1
8212,PROLIA,DENTAL PROSTHESIS PLACEMENT,16,16,16,20864371,171.0422,171.0827,999999.9999,STRONG_SIGNAL,HIGH,2026-05-24,2026-05-24 21:18:25.195280,0.125,0.0,2
7184,AZOR,LARGE INTESTINE POLYP,22,22,22,20864371,170.314,174.924,999999.9999,STRONG_SIGNAL,HIGH,2026-05-24,2026-05-24 21:18:25.195280,0.8636,0.0,1
2943,NOVOTHYROX,PERSONAL RELATIONSHIP ISSUE,138,138,138,20864371,169.9607,170.6125,999999.9999,STRONG_SIGNAL,HIGH,2026-05-24,2026-05-24 21:18:25.195280,1.0,0.0,1
1612,TRAVATAN Z,PRODUCT DROPPER ISSUE,20,20,20,20864371,168.7032,169.6675,999999.9999,STRONG_SIGNAL,HIGH,2026-05-24,2026-05-24 21:18:25.195280,0.0,0.0,1
480,PARAPLATIN,HAIR TEXTURE ABNORMAL,323,323,323,20864371,168.6151,183.2395,999999.9999,STRONG_SIGNAL,HIGH,2026-05-24,2026-05-24 21:18:25.195280,0.0433,0.0093,1
6119,TOPICORT,ANTI-CYCLIC CITRULLINATED PEPTIDE ANTIBODY POSITIVE,28,28,28,20864371,167.7683,171.4106,999999.9999,STRONG_SIGNAL,HIGH,2026-05-24,2026-05-24 21:18:25.195280,1.0,0.0,1
449,TRAVOPROST,TREATMENT FAILURE,715,715,715,20864371,167.4079,325.6281,999999.9999,STRONG_SIGNAL,HIGH,2026-05-24,2026-05-24 21:18:25.195280,0.0028,0.0,2
3129,BENICAR HCT,HIATUS HERNIA,137,137,137,20864371,166.7877,172.2227,999999.9999,STRONG_SIGNAL,HIGH,2026-05-24,2026-05-24 21:18:25.195280,0.9489,0.0073,1
4353,OXYCODONE HCL TABLETS RHODES 91-490,DEVELOPMENTAL DELAY,80,80,80,20864371,166.5329,169.4607,999999.9999,STRONG_SIGNAL,HIGH,2026-05-24,2026-05-24 21:18:25.195280,1.0,0.05,1
1744,PROLIA,DENTAL IMPLANTATION,139,139,139,20864371,166.3781,166.7215,999999.9999,STRONG_SIGNAL,HIGH,2026-05-24,2026-05-24 21:18:25.195280,0.3525,0.0,14
724,VOLTAREN,DRUG EFFECTIVE FOR UNAPPROVED INDICATION,645,645,645,20864371,166.3742,172.2401,999999.9999,STRONG_SIGNAL,HIGH,2026-05-24,2026-05-24 21:18:25.195280,0.0093,0.0,1
4806,AURYXIA,FAECES DISCOLOURED,56,56,56,20864371,166.2472,176.4724,999999.9999,STRONG_SIGNAL,HIGH,2026-05-24,2026-05-24 21:18:25.195280,0.0357,0.0,1
9696,TACROLIMUS,POST TRANSPLANT DISTAL LIMB SYNDROME,18,18,18,20864371,165.9114,165.9864,999999.9999,STRONG_SIGNAL,HIGH,2026-05-24,2026-05-24 21:18:25.195280,1.0,0.0,7
4209,METHYLPHENIDATE ER,PRODUCT SUBSTITUTION ISSUE,122,122,122,20864371,165.6778,200.1386,999999.9999,STRONG_SIGNAL,HIGH,2026-05-24,2026-05-24 21:18:25.195280,0.377,0.0,1
8176,HUMAN IMMUNOGLOBULIN,DRUG INEFFECTIVE FOR UNAPPROVED INDICATION,47,47,47,20864371,165.6105,186.1869,999999.9999,STRONG_SIGNAL,HIGH,2026-05-24,2026-05-24 21:18:25.195280,1.0,0.9149,15
9138,IPILIMUMAB,IMMUNE-MEDIATED HEPATITIS,52,52,52,20864371,165.5422,166.3758,999999.9999,STRONG_SIGNAL,HIGH,2026-05-24,2026-05-24 21:18:25.195280,1.0,0.0962,11
364,TRUVADA,TOOTH LOSS,696,696,696,20864371,165.3885,172.5667,999999.9999,STRONG_SIGNAL,HIGH,2026-05-24,2026-05-24 21:18:25.195280,0.7256,0.0043,1
3246,MIRENA,ECTOPIC PREGNANCY WITH CONTRACEPTIVE DEVICE,136,136,136,20864371,165.2419,165.7597,999999.9999,STRONG_SIGNAL,HIGH,2026-05-24,2026-05-24 21:18:25.195280,1.0,0.0,22
4605,XOFIGO,PROSTATIC SPECIFIC ANTIGEN INCREASED,100,100,100,20864371,164.4443,170.2463,999999.9999,STRONG_SIGNAL,HIGH,2026-05-24,2026-05-24 21:18:25.195280,0.91,0.17,15
7136,OXYCODONE TAB,THERAPY CESSATION,11,11,11,20864371,163.9422,211.1096,999999.9999,STRONG_SIGNAL,HIGH,2026-05-24,2026-05-24 21:18:25.195280,1.0,0.0,1
7245,ANDRODERM,PRODUCT ADHESION ISSUE,72,72,72,20864371,163.7913,175.2041,999999.9999,STRONG_SIGNAL,HIGH,2026-05-24,2026-05-24 21:18:25.195280,0.0,0.0,1
2434,BENZYLPENICILLIN POTASSIUM,DRUG HYPERSENSITIVITY,209,209,209,20864371,163.0431,462.751,999999.9999,STRONG_SIGNAL,HIGH,2026-05-24,2026-05-24 21:18:25.195280,0.0431,0.0,1
1067,GENVOYA,BONE LOSS,130,130,130,20864371,162.7128,166.6196,999999.9999,STRONG_SIGNAL,HIGH,2026-05-24,2026-05-24 21:18:25.195280,0.9615,0.0,2
8952,LIXIANA TABLETS,CEREBRAL INFARCTION,48,48,48,20864371,162.6057,173.6086,999999.9999,STRONG_SIGNAL,HIGH,2026-05-24,2026-05-24 21:18:25.195280,0.9792,0.125,1
1937,KCENTRA,NO ADVERSE EVENT,200,200,200,20864371,162.0937,218.6178,999999.9999,STRONG_SIGNAL,HIGH,2026-05-24,2026-05-24 21:18:25.195280,0.005,0.005,2
5988,LAMIVUDINE,CONGENITAL UMBILICAL HERNIA,31,31,31,20864371,161.6781,162.0966,999999.9999,STRONG_SIGNAL,HIGH,2026-05-24,2026-05-24 21:18:25.195280,1.0,0.0,1
5859,AXICABTAGENE CILOLEUCEL,NEUROTOXICITY,58,58,58,20864371,161.6261,170.7957,999999.9999,STRONG_SIGNAL,HIGH,2026-05-24,2026-05-24 21:18:25.195280,0.8448,0.2586,5
1927,MEKINIST,METASTATIC MALIGNANT MELANOMA,83,83,83,20864371,161.3186,162.5709,999999.9999,STRONG_SIGNAL,HIGH,2026-05-24,2026-05-24 21:18:25.195280,1.0,0.3373,18
24,MIRENA,DEVICE DISLOCATION,2646,2646,2646,20864371,161.1126,171.5403,999999.9999,STRONG_SIGNAL,HIGH,2026-05-24,2026-05-24 21:18:25.195280,0.9932,0.0008,30
9058,FLUDARABINE,ACUTE GRAFT VERSUS HOST DISEASE,89,89,89,20864371,161.1091,162.64,999999.9999,STRONG_SIGNAL,HIGH,2026-05-24,2026-05-24 21:18:25.195280,1.0,0.3034,19
4797,LUCENTIS,SUTURE RUPTURE,13,13,13,20864371,160.9656,161.2476,999999.9999,STRONG_SIGNAL,HIGH,2026-05-24,2026-05-24 21:18:25.195280,1.0,0.0,1
5005,LUPRON DEPOT,ENDOMETRIOSIS,73,73,73,20864371,160.6549,162.2723,999999.9999,STRONG_SIGNAL,HIGH,2026-05-24,2026-05-24 21:18:25.195280,0.7123,0.0,2
227,TAXOTERE,PSYCHOLOGICAL TRAUMA,2526,2526,2526,20864371,159.5769,175.1045,999999.9999,STRONG_SIGNAL,HIGH,2026-05-24,2026-05-24 21:18:25.195280,0.9941,0.0012,2
2367,ABILIFY,THEFT,85,85,85,20864371,158.9872,159.3631,999999.9999,STRONG_SIGNAL,HIGH,2026-05-24,2026-05-24 21:18:25.195280,0.9294,0.0,1
1502,KYLEENA,DEVICE DISLOCATION,458,458,458,20864371,158.9648,172.1237,999999.9999,STRONG_SIGNAL,HIGH,2026-05-24,2026-05-24 21:18:25.195280,0.9978,0.0,11
8528,STEGLATRO,FUNGAL INFECTION,54,54,54,20864371,158.8545,172.4064,999999.9999,STRONG_SIGNAL,HIGH,2026-05-24,2026-05-24 21:18:25.195280,0.0185,0.0,1
3752,TRITTICO,SOPOR,164,164,164,20864371,158.8008,170.5963,999999.9999,STRONG_SIGNAL,HIGH,2026-05-24,2026-05-24 21:18:25.195280,1.0,0.0,1
8552,VALCYTE,CYTOMEGALOVIRUS INFECTION,94,94,94,20864371,158.6354,167.6541,999999.9999,STRONG_SIGNAL,HIGH,2026-05-24,2026-05-24 21:18:25.195280,0.9894,0.0213,10
8042,NORMABEL,SUICIDE ATTEMPT,94,94,94,20864371,157.8412,183.7973,999999.9999,STRONG_SIGNAL,HIGH,2026-05-24,2026-05-24 21:18:25.195280,1.0,0.0,1
1696,SKYLA,DEVICE EXPULSION,307,307,307,20864371,157.8027,177.1199,999999.9999,STRONG_SIGNAL,HIGH,2026-05-24,2026-05-24 21:18:25.195280,0.1075,0.0,1
286,NEXPLANON,MENSTRUATION IRREGULAR,658,658,658,20864371,157.5267,160.5541,999999.9999,STRONG_SIGNAL,HIGH,2026-05-24,2026-05-24 21:18:25.195280,0.1292,0.0,4
7919,LEXISCAN,INJECTION SITE EXTRAVASATION,54,54,54,20864371,157.3458,162.3622,999999.9999,STRONG_SIGNAL,HIGH,2026-05-24,2026-05-24 21:18:25.195280,0.0741,0.0,1
5100,FLUTICASONE FUR UMECLIDINIUM VILANTEROL,ASTHMA,92,92,92,20864371,157.306,217.9817,999999.9999,STRONG_SIGNAL,HIGH,2026-05-24,2026-05-24 21:18:25.195280,1.0,0.0,3
8409,SOFOSBUVIR,HEPATITIS B REACTIVATION,55,55,55,20864371,157.0299,159.3979,999999.9999,STRONG_SIGNAL,HIGH,2026-05-24,2026-05-24 21:18:25.195280,1.0,0.0182,12
4064,BASILIXIMAB,COMPLICATIONS OF TRANSPLANTED KIDNEY,18,18,18,20864371,156.8852,157.6663,999999.9999,STRONG_SIGNAL,HIGH,2026-05-24,2026-05-24 21:18:25.195280,1.0,0.0556,9
3644,OMNISCAN,MASS,136,136,136,20864371,156.8581,163.5957,999999.9999,STRONG_SIGNAL,HIGH,2026-05-24,2026-05-24 21:18:25.195280,1.0,0.0,2
3159,OVITRELLE,ASCITES,65,65,65,20864371,156.2163,169.336,999999.9999,STRONG_SIGNAL,HIGH,2026-05-24,2026-05-24 21:18:25.195280,1.0,0.0,3
5219,MENS ROGAINE EXTRA STRENGTH,PRODUCT FORMULATION ISSUE,115,115,115,20864371,156.0285,158.5303,999999.9999,STRONG_SIGNAL,HIGH,2026-05-24,2026-05-24 21:18:25.195280,0.0,0.0,1
7558,INVEGA SUSTENNA,REFUSAL OF TREATMENT BY PATIENT,94,94,94,20864371,155.8413,157.4193,999999.9999,STRONG_SIGNAL,HIGH,2026-05-24,2026-05-24 21:18:25.195280,0.1277,0.0,2
9670,LERGIGAN FORTE PROMETHAZINE HYDROCHLORIDE,DEPRESSED LEVEL OF CONSCIOUSNESS,6,6,6,20864371,155.4209,174.7235,999999.9999,STRONG_SIGNAL,MEDIUM,2026-05-24,2026-05-24 21:18:25.195280,1.0,0.0,1
6481,PARSABIV,BLOOD CALCIUM DECREASED,71,71,71,20864371,155.0735,160.0301,999999.9999,STRONG_SIGNAL,HIGH,2026-05-24,2026-05-24 21:18:25.195280,0.2254,0.0423,4
3859,XULANE,APPLICATION SITE PRURITUS,43,43,43,20864371,155.0028,159.7027,999999.9999,STRONG_SIGNAL,HIGH,2026-05-24,2026-05-24 21:18:25.195280,0.0233,0.0,2
4202,ABILIFY,BANKRUPTCY,162,162,162,20864371,154.7395,155.4383,999999.9999,STRONG_SIGNAL,HIGH,2026-05-24,2026-05-24 21:18:25.195280,0.9383,0.0,1
8727,MUCINEX MAXIMUM STRENGTH,ACCIDENTAL OVERDOSE,88,88,88,20864371,153.9645,167.9426,999999.9999,STRONG_SIGNAL,HIGH,2026-05-24,2026-05-24 21:18:25.195280,0.0455,0.0,1
9295,KENALOG-40,PRODUCT STORAGE ERROR,78,78,78,20864371,153.2449,178.565,999999.9999,STRONG_SIGNAL,HIGH,2026-05-24,2026-05-24 21:18:25.195280,0.0,0.0,1
5972,RANITIDINE HYDROCHLORIDE,THROAT CANCER,38,38,38,20864371,152.9848,154.0704,999999.9999,STRONG_SIGNAL,HIGH,2026-05-24,2026-05-24 21:18:25.195280,1.0,0.3158,1
8294,OZURDEX,COMPLICATION OF DEVICE INSERTION,49,49,49,20864371,152.8365,159.6372,999999.9999,STRONG_SIGNAL,HIGH,2026-05-24,2026-05-24 21:18:25.195280,0.3469,0.0,13
7409,LUCENTIS,ENDOPHTHALMITIS,97,97,97,20864371,152.7271,154.7457,999999.9999,STRONG_SIGNAL,HIGH,2026-05-24,2026-05-24 21:18:25.195280,1.0,0.0103,25
5619,ANTITHYMOCYTE IMMUNOGLOBULIN,TRANSPLANT DYSFUNCTION,28,28,28,20864371,152.5069,154.2286,999999.9999,STRONG_SIGNAL,HIGH,2026-05-24,2026-05-24 21:18:25.195280,1.0,0.0,3
881,MIRENA,DEVICE USE ISSUE,805,805,805,20864371,152.07,154.9335,999999.9999,STRONG_SIGNAL,HIGH,2026-05-24,2026-05-24 21:18:25.195280,0.4273,0.0012,33
2553,BIKTARVY,BONE DENSITY DECREASED,297,297,297,20864371,151.9445,161.5196,999999.9999,STRONG_SIGNAL,HIGH,2026-05-24,2026-05-24 21:18:25.195280,0.862,0.0,1
6918,UNIPHYL,FORCED EXPIRATORY VOLUME DECREASED,15,15,15,20864371,151.8726,153.9738,999999.9999,STRONG_SIGNAL,HIGH,2026-05-24,2026-05-24 21:18:25.195280,1.0,0.0,1
794,NEOSAR,HAIR COLOUR CHANGES,536,536,536,20864371,151.3555,162.2036,999999.9999,STRONG_SIGNAL,HIGH,2026-05-24,2026-05-24 21:18:25.195280,0.0466,0.0019,2
4978,DIMOR,INTENTIONAL OVERDOSE,76,76,76,20864371,151.0632,186.5922,999999.9999,STRONG_SIGNAL,HIGH,2026-05-24,2026-05-24 21:18:25.195280,1.0,0.0,1
8132,BUTORPHANOL TARTARATE,PRODUCT DOSE OMISSION,4,4,4,20864371,150.9272,350.8301,999999.9999,STRONG_SIGNAL,LOW,2026-05-24,2026-05-24 21:18:25.195280,0.0,0.0,1
9864,JUXTAPID,LOW DENSITY LIPOPROTEIN INCREASED,20,20,20,20864371,150.3119,153.0317,999999.9999,STRONG_SIGNAL,HIGH,2026-05-24,2026-05-24 21:18:25.195280,0.1,0.0,2
2071,FLOVENT DISKUS,WRONG TECHNIQUE IN DEVICE USAGE PROCESS,238,238,238,20864371,150.1131,164.4579,999999.9999,STRONG_SIGNAL,HIGH,2026-05-24,2026-05-24 21:18:25.195280,0.021,0.0042,1
1715,NEOSAR,IMPAIRED QUALITY OF LIFE,436,436,436,20864371,149.786,158.4021,999999.9999,STRONG_SIGNAL,HIGH,2026-05-24,2026-05-24 21:18:25.195280,0.9977,0.0023,1
8087,FLURAZEPAM MONOHYDROCHLORIDE,DRUG ABUSE,14,14,14,20864371,149.6647,193.0253,999999.9999,STRONG_SIGNAL,HIGH,2026-05-24,2026-05-24 21:18:25.195280,1.0,0.0,1
4932,MENS ROGAINE EXTRA STRENGTH,APPLICATION SITE IRRITATION,87,87,87,20864371,149.5207,151.3268,999999.9999,STRONG_SIGNAL,HIGH,2026-05-24,2026-05-24 21:18:25.195280,0.0,0.0,1
6790,NEXPLANON,DEVICE PLACEMENT ISSUE,118,118,118,20864371,149.2166,149.7227,999999.9999,STRONG_SIGNAL,HIGH,2026-05-24,2026-05-24 21:18:25.195280,0.2203,0.0,3
4519,ETOPOSIDE,OVARIAN FAILURE,58,58,58,20864371,149.0757,149.4984,999999.9999,STRONG_SIGNAL,HIGH,2026-05-24,2026-05-24 21:18:25.195280,1.0,0.0,5
7471,ILUVIEN,DEVICE DISLOCATION,29,29,29,20864371,149.0162,161.0399,999999.9999,STRONG_SIGNAL,HIGH,2026-05-24,2026-05-24 21:18:25.195280,0.5172,0.0,5
4893,CLONAZEPAM ACCORD,PRODUCT SUBSTITUTION ISSUE,158,158,158,20864371,148.4008,175.3873,999999.9999,STRONG_SIGNAL,HIGH,2026-05-24,2026-05-24 21:18:25.195280,0.1519,0.0,2
7449,OCREVUS,B-LYMPHOCYTE COUNT DECREASED,39,39,39,20864371,148.2647,148.5187,999999.9999,STRONG_SIGNAL,HIGH,2026-05-24,2026-05-24 21:18:25.195280,0.5641,0.0256,8
1499,DORZOLAMIDE HCL,TREATMENT FAILURE,363,363,363,20864371,148.1101,260.7704,999999.9999,STRONG_SIGNAL,HIGH,2026-05-24,2026-05-24 21:18:25.195280,0.0028,0.0,1
6471,INVEGA SUSTENNA,GALACTORRHOEA,102,102,102,20864371,148.0486,149.6761,999999.9999,STRONG_SIGNAL,HIGH,2026-05-24,2026-05-24 21:18:25.195280,0.0882,0.0,2
4723,PRALIA,OSTEONECROSIS OF JAW,86,86,86,20864371,147.3917,156.4883,999999.9999,STRONG_SIGNAL,HIGH,2026-05-24,2026-05-24 21:18:25.195280,1.0,0.0116,1
3828,MAGNEVIST,MASS,139,139,139,20864371,147.2569,153.1736,999999.9999,STRONG_SIGNAL,HIGH,2026-05-24,2026-05-24 21:18:25.195280,1.0,0.0,2
7000,BONVIVA,DEAFNESS,91,91,91,20864371,146.9049,155.6342,999999.9999,STRONG_SIGNAL,HIGH,2026-05-24,2026-05-24 21:18:25.195280,1.0,0.0,6
8534,RALTEGRAVIR,NEPHROCALCINOSIS,5,5,5,20864371,146.6495,147.0468,999999.9999,STRONG_SIGNAL,MEDIUM,2026-05-24,2026-05-24 21:18:25.195280,1.0,0.0,1
63,PREDNISOLONE ACETATE,TREATMENT FAILURE,1095,1095,1095,20864371,145.4483,250.4058,999999.9999,STRONG_SIGNAL,HIGH,2026-05-24,2026-05-24 21:18:25.195280,0.0046,0.0,1
9011,ALENDRONATE,ATYPICAL FEMUR FRACTURE,71,71,71,20864371,144.8714,146.2913,999999.9999,STRONG_SIGNAL,HIGH,2026-05-24,2026-05-24 21:18:25.195280,1.0,0.0282,14
3217,BENICAR,DIVERTICULUM,181,181,181,20864371,144.7595,147.3717,999999.9999,STRONG_SIGNAL,HIGH,2026-05-24,2026-05-24 21:18:25.195280,0.8619,0.011,1
699,NEOSAR,HAIR TEXTURE ABNORMAL,537,537,537,20864371,144.7538,155.1463,999999.9999,STRONG_SIGNAL,HIGH,2026-05-24,2026-05-24 21:18:25.195280,0.0466,0.0019,2
5277,FULVESTRANT,BREAST CANCER METASTATIC,155,155,155,20864371,144.6555,147.4819,999999.9999,STRONG_SIGNAL,HIGH,2026-05-24,2026-05-24 21:18:25.195280,0.9935,0.1871,26
7499,IPREN,INTENTIONAL OVERDOSE,92,92,92,20864371,144.4163,176.5192,999999.9999,STRONG_SIGNAL,HIGH,2026-05-24,2026-05-24 21:18:25.195280,1.0,0.0,1
6124,FENTORA,DRUG WITHDRAWAL SYNDROME NEONATAL,136,136,136,20864371,144.3901,148.9926,999999.9999,STRONG_SIGNAL,HIGH,2026-05-24,2026-05-24 21:18:25.195280,1.0,0.0,1
8778,IDHIFA,ACUTE MYELOID LEUKAEMIA,65,65,65,20864371,144.2817,150.21,999999.9999,STRONG_SIGNAL,HIGH,2026-05-24,2026-05-24 21:18:25.195280,0.5692,0.4308,5
2568,GENVOYA,SKELETAL INJURY,79,79,79,20864371,144.1017,146.1829,999999.9999,STRONG_SIGNAL,HIGH,2026-05-24,2026-05-24 21:18:25.195280,1.0,0.0,1
1084,XTANDI,PROSTATIC SPECIFIC ANTIGEN INCREASED,507,507,507,20864371,143.6569,147.6406,999999.9999,STRONG_SIGNAL,HIGH,2026-05-24,2026-05-24 21:18:25.195280,0.4675,0.0552,24
8505,OXYCODONE HCL CR TABLETS SIMILAR TO NDA 22-272,DEVELOPMENTAL DELAY,74,74,74,20864371,143.5444,145.7184,999999.9999,STRONG_SIGNAL,HIGH,2026-05-24,2026-05-24 21:18:25.195280,1.0,0.0135,1
4767,CARBOPLATIN,CHOROIDAL INFARCTION,29,29,29,20864371,143.2006,143.3063,999999.9999,STRONG_SIGNAL,HIGH,2026-05-24,2026-05-24 21:18:25.195280,1.0,0.0,1
5900,REMDESIVIR EUA REMDESIVIR EUA,ASPARTATE AMINOTRANSFERASE INCREASED,42,42,42,20864371,141.8363,159.9253,999999.9999,STRONG_SIGNAL,HIGH,2026-05-24,2026-05-24 21:18:25.195280,0.1905,0.0238,1
2552,DICLOFENAC SODIUM,PRODUCT ADMINISTERED AT INAPPROPRIATE SITE,281,281,281,20864371,141.7573,147.6519,999999.9999,STRONG_SIGNAL,HIGH,2026-05-24,2026-05-24 21:18:25.195280,0.0142,0.0,3
2898,TRUVADA,TOOTH INJURY,170,170,170,20864371,141.751,143.2042,999999.9999,STRONG_SIGNAL,HIGH,2026-05-24,2026-05-24 21:18:25.195280,0.9941,0.0118,1
8904,DOXORUBICIN HCL,SECOND PRIMARY MALIGNANCY,69,69,69,20864371,141.3409,145.3908,999999.9999,STRONG_SIGNAL,HIGH,2026-05-24,2026-05-24 21:18:25.195280,1.0,0.2899,13
156,PARAGARD T 380A,DEVICE DISLOCATION,1464,1464,1464,20864371,141.2058,150.4012,999999.9999,STRONG_SIGNAL,HIGH,2026-05-24,2026-05-24 21:18:25.195280,0.4262,0.0,3
3134,REPATHA,LOW DENSITY LIPOPROTEIN DECREASED,208,208,208,20864371,141.1674,141.4882,999999.9999,STRONG_SIGNAL,HIGH,2026-05-24,2026-05-24 21:18:25.195280,0.1346,0.0,4
4991,ACTIQ,DRUG WITHDRAWAL SYNDROME NEONATAL,134,134,134,20864371,141.074,145.4657,999999.9999,STRONG_SIGNAL,HIGH,2026-05-24,2026-05-24 21:18:25.195280,1.0,0.0,1
7862,OMBITASVIR PARITAPREVIR RITONAVIR,HYPERBILIRUBINAEMIA,4,4,4,20864371,140.7616,145.27,999999.9999,STRONG_SIGNAL,LOW,2026-05-24,2026-05-24 21:18:25.195280,1.0,0.0,3
2576,TRUVADA,MULTIPLE FRACTURES,264,264,264,20864371,140.3125,142.559,999999.9999,STRONG_SIGNAL,HIGH,2026-05-24,2026-05-24 21:18:25.195280,1.0,0.0,2
1496,IXAZOMIB,PLASMA CELL MYELOMA,447,447,447,20864371,139.7552,155.0772,999999.9999,STRONG_SIGNAL,HIGH,2026-05-24,2026-05-24 21:18:25.195280,0.9978,0.2841,25
7275,BORTEZOMIB,PLASMA CELL MYELOMA RECURRENT,71,71,71,20864371,139.7086,141.0785,999999.9999,STRONG_SIGNAL,HIGH,2026-05-24,2026-05-24 21:18:25.195280,1.0,0.1268,13
2500,FORXIGA,DIABETIC KETOACIDOSIS,258,258,258,20864371,139.5728,148.4951,999999.9999,STRONG_SIGNAL,HIGH,2026-05-24,2026-05-24 21:18:25.195280,1.0,0.031,47
9450,SIMBRINZA,INTRAOCULAR PRESSURE INCREASED,63,63,63,20864371,138.6814,142.288,999999.9999,STRONG_SIGNAL,HIGH,2026-05-24,2026-05-24 21:18:25.195280,0.5714,0.0,11
274,DULAGLUTIDE,ACCIDENTAL UNDERDOSE,854,854,854,20864371,138.5662,141.0554,999999.9999,STRONG_SIGNAL,HIGH,2026-05-24,2026-05-24 21:18:25.195280,0.0234,0.0,2
1889,ZYTIGA,PROSTATIC SPECIFIC ANTIGEN INCREASED,414,414,414,20864371,138.0358,141.7972,999999.9999,STRONG_SIGNAL,HIGH,2026-05-24,2026-05-24 21:18:25.195280,0.4034,0.0459,24
5086,STESOLID,INTENTIONAL OVERDOSE,154,154,154,20864371,137.8723,166.7467,999999.9999,STRONG_SIGNAL,HIGH,2026-05-24,2026-05-24 21:18:25.195280,1.0,0.0,1
853,LUCENTIS,VISUAL ACUITY REDUCED,230,230,230,20864371,137.4784,141.8637,999999.9999,STRONG_SIGNAL,HIGH,2026-05-24,2026-05-24 21:18:25.195280,0.9652,0.0,16
4777,HYDROXYUREA,SICKLE CELL ANAEMIA WITH CRISIS,48,48,48,20864371,136.9153,139.0656,999999.9999,STRONG_SIGNAL,HIGH,2026-05-24,2026-05-24 21:18:25.195280,0.875,0.0417,4
253,JARDIANCE,DIABETIC KETOACIDOSIS,1052,1052,1052,20864371,136.4292,144.1563,999999.9999,STRONG_SIGNAL,HIGH,2026-05-24,2026-05-24 21:18:25.195280,0.9981,0.0219,55
5921,DIANEAL LOW CALCIUM PERITONEAL DIALYSIS SOLUTION WITH DEXTROSE,PERITONITIS BACTERIAL,72,72,72,20864371,136.1377,137.6702,999999.9999,STRONG_SIGNAL,HIGH,2026-05-24,2026-05-24 21:18:25.195280,1.0,0.0278,3
8881,GADOXETATE DISODIUM,MOVEMENT DISORDER,66,66,66,20864371,135.6743,143.5963,999999.9999,STRONG_SIGNAL,HIGH,2026-05-24,2026-05-24 21:18:25.195280,1.0,0.0,1
7537,TRIAMCINOLONE HEXACETONIDE,ADRENAL INSUFFICIENCY,20,20,20,20864371,135.3676,139.8691,999999.9999,STRONG_SIGNAL,HIGH,2026-05-24,2026-05-24 21:18:25.195280,1.0,0.0,1
3262,SKYLA,DEVICE DISLOCATION,188,188,188,20864371,135.2515,144.9181,999999.9999,STRONG_SIGNAL,HIGH,2026-05-24,2026-05-24 21:18:25.195280,0.9947,0.0,1
5584,COMBIGAN,PRODUCT CONTAINER ISSUE,57,57,57,20864371,134.786,137.4412,999999.9999,STRONG_SIGNAL,HIGH,2026-05-24,2026-05-24 21:18:25.195280,0.0175,0.0,1
1004,ARNUITY ELLIPTA,WRONG TECHNIQUE IN DEVICE USAGE PROCESS,184,184,184,20864371,134.719,146.2056,999999.9999,STRONG_SIGNAL,HIGH,2026-05-24,2026-05-24 21:18:25.195280,0.0109,0.0,1
1910,BYDUREON,INJECTION SITE EXTRAVASATION,401,401,401,20864371,134.3793,137.7057,999999.9999,STRONG_SIGNAL,HIGH,2026-05-24,2026-05-24 21:18:25.195280,0.0574,0.0,1
2306,HARVONI,HEPATITIS C,206,206,206,20864371,134.2045,138.1155,999999.9999,STRONG_SIGNAL,HIGH,2026-05-24,2026-05-24 21:18:25.195280,0.9854,0.0097,22
3156,LERGIGAN PROMETHAZINE,AKATHISIA,93,93,93,20864371,134.0548,137.6932,999999.9999,STRONG_SIGNAL,HIGH,2026-05-24,2026-05-24 21:18:25.195280,1.0,0.0,1
9177,NOURIANZ,FREEZING PHENOMENON,26,26,26,20864371,133.8204,135.3457,999999.9999,STRONG_SIGNAL,HIGH,2026-05-24,2026-05-24 21:18:25.195280,0.1154,0.0,1
1205,STRIBILD,MULTIPLE FRACTURES,74,74,74,20864371,133.3522,135.5438,999999.9999,STRONG_SIGNAL,HIGH,2026-05-24,2026-05-24 21:18:25.195280,1.0,0.0,1
5256,COUMADINE,INTERNATIONAL NORMALISED RATIO INCREASED,133,133,133,20864371,133.3312,141.1119,999999.9999,STRONG_SIGNAL,HIGH,2026-05-24,2026-05-24 21:18:25.195280,0.9925,0.1504,4
3621,MUCINEX DM MAXIMUM STRENGTH,ACCIDENTAL OVERDOSE,160,160,160,20864371,133.0074,143.2306,999999.9999,STRONG_SIGNAL,HIGH,2026-05-24,2026-05-24 21:18:25.195280,0.0875,0.0,1
3759,TRAVATAN Z,INTRAOCULAR PRESSURE INCREASED,85,85,85,20864371,132.7687,136.0504,999999.9999,STRONG_SIGNAL,HIGH,2026-05-24,2026-05-24 21:18:25.195280,0.2824,0.0,3
2491,PHTHALYLSULFATHIAZOLE,GLOSSODYNIA,140,140,140,20864371,132.5477,138.6846,999999.9999,STRONG_SIGNAL,HIGH,2026-05-24,2026-05-24 21:18:25.195280,1.0,0.0,1
7199,DOCETAXEL SUN,DISCOMFORT,82,82,82,20864371,131.9389,147.3214,999999.9999,STRONG_SIGNAL,HIGH,2026-05-24,2026-05-24 21:18:25.195280,0.0122,0.0,1
696,DAYTRANA,NO ADVERSE EVENT,672,672,672,20864371,130.5475,164.2118,999999.9999,STRONG_SIGNAL,HIGH,2026-05-24,2026-05-24 21:18:25.195280,0.0015,0.0,1
6474,OMNIPAQUE,SNEEZING,125,125,125,20864371,130.3694,135.4966,999999.9999,STRONG_SIGNAL,HIGH,2026-05-24,2026-05-24 21:18:25.195280,0.688,0.0,11
5798,BRIGATINIB,NEOPLASM PROGRESSION,112,112,112,20864371,130.1779,144.076,999999.9999,STRONG_SIGNAL,HIGH,2026-05-24,2026-05-24 21:18:25.195280,0.9821,0.1607,19
9085,PROPECIA,ERECTILE DYSFUNCTION,87,87,87,20864371,129.7392,134.1109,999999.9999,STRONG_SIGNAL,HIGH,2026-05-24,2026-05-24 21:18:25.195280,0.8161,0.023,11
7636,VEDOLIZUMAB,COLECTOMY,41,41,41,20864371,129.6369,130.5816,999999.9999,STRONG_SIGNAL,HIGH,2026-05-24,2026-05-24 21:18:25.195280,1.0,0.0244,10
7188,SERESTA,HOUSEBOUND,14,14,14,20864371,129.5347,129.862,999999.9999,STRONG_SIGNAL,HIGH,2026-05-24,2026-05-24 21:18:25.195280,1.0,0.0,1
7556,SUBLOCADE,INJECTION SITE EXTRAVASATION,110,110,110,20864371,129.4355,132.7597,999999.9999,STRONG_SIGNAL,HIGH,2026-05-24,2026-05-24 21:18:25.195280,0.0273,0.0,2
8657,EVEROLIMUS,POLYOMAVIRUS-ASSOCIATED NEPHROPATHY,40,40,40,20864371,129.4034,130.0994,999999.9999,STRONG_SIGNAL,HIGH,2026-05-24,2026-05-24 21:18:25.195280,1.0,0.025,8
9674,ANORO ELLIPTA,PRODUCT LABEL CONFUSION,84,84,84,20864371,129.2674,130.2069,999999.9999,STRONG_SIGNAL,HIGH,2026-05-24,2026-05-24 21:18:25.195280,0.0238,0.0,1
6152,TENOFOVIR DISOPROXIL FUMARATE EMTRICITABINE,FOETAL EXPOSURE DURING PREGNANCY,26,26,26,20864371,129.22,157.4719,999999.9999,STRONG_SIGNAL,HIGH,2026-05-24,2026-05-24 21:18:25.195280,1.0,0.0385,4
2609,COMTAN,ON AND OFF PHENOMENON,12,12,12,20864371,129.1459,130.8507,999999.9999,STRONG_SIGNAL,HIGH,2026-05-24,2026-05-24 21:18:25.195280,1.0,0.0,6
5856,GABAPENTIN ENACARBIL,COMPLETED SUICIDE,77,77,77,20864371,128.8058,147.2347,999999.9999,STRONG_SIGNAL,HIGH,2026-05-24,2026-05-24 21:18:25.195280,1.0,1.0,2
4863,STESOLID,MYDRIASIS,21,21,21,20864371,128.3008,131.3985,999999.9999,STRONG_SIGNAL,HIGH,2026-05-24,2026-05-24 21:18:25.195280,1.0,0.0,1
1688,DUODOPA,HYPERKINESIA,166,166,166,20864371,128.1551,128.9467,999999.9999,STRONG_SIGNAL,HIGH,2026-05-24,2026-05-24 21:18:25.195280,0.988,0.1265,13
2163,CHANTIX,ABNORMAL DREAMS,312,312,312,20864371,128.09,132.0735,999999.9999,STRONG_SIGNAL,HIGH,2026-05-24,2026-05-24 21:18:25.195280,0.1314,0.0096,2
7308,SYSTANE COMPLETE,PRODUCT QUALITY ISSUE,87,87,87,20864371,128.0123,152.5135,999999.9999,STRONG_SIGNAL,HIGH,2026-05-24,2026-05-24 21:18:25.195280,0.0115,0.0,1
501,ELIGARD,DEVICE LEAKAGE,176,176,176,20864371,127.6233,133.1409,999999.9999,STRONG_SIGNAL,HIGH,2026-05-24,2026-05-24 21:18:25.195280,0.0057,0.0057,20
2570,BENICAR,HIATUS HERNIA,240,240,240,20864371,127.6167,130.6856,999999.9999,STRONG_SIGNAL,HIGH,2026-05-24,2026-05-24 21:18:25.195280,0.8667,0.025,1
13,TIMOLOL,TREATMENT FAILURE,2451,2451,2451,20864371,127.564,199.0241,999999.9999,STRONG_SIGNAL,HIGH,2026-05-24,2026-05-24 21:18:25.195280,0.0033,0.0,1
6233,TENOFOVIR DISOPROXIL FUMARATE,IMMUNE RECONSTITUTION INFLAMMATORY SYNDROME,79,79,79,20864371,127.1417,129.1443,999999.9999,STRONG_SIGNAL,HIGH,2026-05-24,2026-05-24 21:18:25.195280,1.0,0.1266,20
6626,SENSIPAR,LIVING IN RESIDENTIAL INSTITUTION,29,29,29,20864371,126.7597,126.9757,999999.9999,STRONG_SIGNAL,HIGH,2026-05-24,2026-05-24 21:18:25.195280,0.0,0.0,1
9637,TOBI PODHALER,INFECTIVE PULMONARY EXACERBATION OF CYSTIC FIBROSIS,55,55,55,20864371,126.7573,132.4267,999999.9999,STRONG_SIGNAL,HIGH,2026-05-24,2026-05-24 21:18:25.195280,0.8364,0.0545,4
5847,PLAN B ONE-STEP,MATERNAL EXPOSURE BEFORE PREGNANCY,98,98,98,20864371,126.6641,127.7807,999999.9999,STRONG_SIGNAL,HIGH,2026-05-24,2026-05-24 21:18:25.195280,1.0,0.0,2
6040,BETHKIS,CYSTIC FIBROSIS,42,42,42,20864371,126.5787,129.6758,999999.9999,STRONG_SIGNAL,HIGH,2026-05-24,2026-05-24 21:18:25.195280,0.9524,0.0476,1
6244,SARILUMAB,ANTI-CYCLIC CITRULLINATED PEPTIDE ANTIBODY POSITIVE,34,34,34,20864371,126.4609,128.5107,999999.9999,STRONG_SIGNAL,HIGH,2026-05-24,2026-05-24 21:18:25.195280,1.0,0.0,1
353,PROVENTIL,PRODUCT QUALITY ISSUE,1048,1048,1048,20864371,126.117,148.8144,999999.9999,STRONG_SIGNAL,HIGH,2026-05-24,2026-05-24 21:18:25.195280,0.0429,0.0,1
3901,JARDIANCE,KETOSIS,39,39,39,20864371,126.0156,126.2662,999999.9999,STRONG_SIGNAL,HIGH,2026-05-24,2026-05-24 21:18:25.195280,0.6923,0.0,15
4270,PROLIA,EXOSTOSIS OF JAW,65,65,65,20864371,125.9432,126.0643,999999.9999,STRONG_SIGNAL,HIGH,2026-05-24,2026-05-24 21:18:25.195280,0.6,0.0,7
1913,METHAMPHETAMINE,DRUG ABUSE,317,317,317,20864371,125.8952,154.8366,999999.9999,STRONG_SIGNAL,HIGH,2026-05-24,2026-05-24 21:18:25.195280,1.0,0.8423,8
5125,ASMANEX HFA,PRODUCT QUALITY ISSUE,143,143,143,20864371,125.4869,148.8793,999999.9999,STRONG_SIGNAL,HIGH,2026-05-24,2026-05-24 21:18:25.195280,0.014,0.0,1
206,LUMIGAN,TREATMENT FAILURE,2227,2227,2227,20864371,125.3235,194.0083,999999.9999,STRONG_SIGNAL,HIGH,2026-05-24,2026-05-24 21:18:25.195280,0.0018,0.0,1
9437,ASPIRIN CARDIO,DIVERTICULUM INTESTINAL HAEMORRHAGIC,22,22,22,20864371,125.3025,126.1898,999999.9999,STRONG_SIGNAL,HIGH,2026-05-24,2026-05-24 21:18:25.195280,1.0,0.1818,3
2119,BYDUREON,INJECTION SITE NODULE,276,276,276,20864371,125.1439,127.2585,999999.9999,STRONG_SIGNAL,HIGH,2026-05-24,2026-05-24 21:18:25.195280,0.0761,0.0,4
9186,BUPIVACAINE,IMPLANT SITE PAIN,13,13,13,20864371,124.4983,125.3128,999999.9999,STRONG_SIGNAL,HIGH,2026-05-24,2026-05-24 21:18:25.195280,0.5385,0.0769,1
2040,BOTOX,EYELID PTOSIS,288,288,288,20864371,124.0805,126.1634,999999.9999,STRONG_SIGNAL,HIGH,2026-05-24,2026-05-24 21:18:25.195280,0.1146,0.0,10
8630,BETAMETHASONE,NEONATAL RESPIRATORY DISTRESS SYNDROME,27,27,27,20864371,123.551,124.1564,999999.9999,STRONG_SIGNAL,HIGH,2026-05-24,2026-05-24 21:18:25.195280,1.0,0.037,10
3496,STRIBILD,ANHEDONIA,225,225,225,20864371,123.4902,129.8729,999999.9999,STRONG_SIGNAL,HIGH,2026-05-24,2026-05-24 21:18:25.195280,0.8356,0.0044,1
4941,ATRIPLA,MULTIPLE FRACTURES,120,120,120,20864371,123.4177,125.2574,999999.9999,STRONG_SIGNAL,HIGH,2026-05-24,2026-05-24 21:18:25.195280,1.0,0.0,1
587,DOCETAXEL,HAIR TEXTURE ABNORMAL,990,990,990,20864371,122.9021,129.9423,999999.9999,STRONG_SIGNAL,HIGH,2026-05-24,2026-05-24 21:18:25.195280,0.0293,0.004,2
5094,GADOLINIUM IN UNSPECIFIED DRUG,ANHEDONIA,70,70,70,20864371,122.6838,129.1027,999999.9999,STRONG_SIGNAL,HIGH,2026-05-24,2026-05-24 21:18:25.195280,1.0,0.0,2
6711,PRAXBIND,HAEMORRHAGE INTRACRANIAL,36,36,36,20864371,122.1166,126.1725,999999.9999,STRONG_SIGNAL,HIGH,2026-05-24,2026-05-24 21:18:25.195280,1.0,0.75,18
6537,PERCODAN,DRUG WITHDRAWAL SYNDROME NEONATAL,104,104,104,20864371,121.6555,124.9258,999999.9999,STRONG_SIGNAL,HIGH,2026-05-24,2026-05-24 21:18:25.195280,1.0,0.0,1
629,COMPLERA,ANHEDONIA,164,164,164,20864371,120.7919,126.937,999999.9999,STRONG_SIGNAL,HIGH,2026-05-24,2026-05-24 21:18:25.195280,0.9024,0.0,1
1192,TRUVADA,OSTEONECROSIS,561,561,561,20864371,120.2652,124.4277,999999.9999,STRONG_SIGNAL,HIGH,2026-05-24,2026-05-24 21:18:25.195280,1.0,0.0,3
44,LATANOPROST,TREATMENT FAILURE,4975,4975,4975,20864371,119.7725,176.8196,999999.9999,STRONG_SIGNAL,HIGH,2026-05-24,2026-05-24 21:18:25.195280,0.0018,0.0,2
9449,ETOPOSIDE,MALIGNANT TRANSFORMATION,42,42,42,20864371,119.3463,119.5907,999999.9999,STRONG_SIGNAL,HIGH,2026-05-24,2026-05-24 21:18:25.195280,1.0,0.5,6
7111,DOXYCYCLINE HYDROCHLORIDE,PSYCHOLOGICAL TRAUMA,36,36,36,20864371,119.1428,129.5163,999999.9999,STRONG_SIGNAL,HIGH,2026-05-24,2026-05-24 21:18:25.195280,0.9722,0.0,1
5794,NEXPLANON,POLYMENORRHOEA,110,110,110,20864371,119.0498,119.4254,999999.9999,STRONG_SIGNAL,HIGH,2026-05-24,2026-05-24 21:18:25.195280,0.1091,0.0,3
6107,IRESSA,METASTASES TO CENTRAL NERVOUS SYSTEM,108,108,108,20864371,118.3905,121.2851,999999.9999,STRONG_SIGNAL,HIGH,2026-05-24,2026-05-24 21:18:25.195280,1.0,0.1389,19
8283,CLOZARIL,EOSINOPHIL COUNT DECREASED,61,61,61,20864371,118.1829,118.5722,999999.9999,STRONG_SIGNAL,HIGH,2026-05-24,2026-05-24 21:18:25.195280,0.9836,0.0328,4
4651,DUPILUMAB,DERMATITIS ATOPIC,110,110,110,20864371,118.0876,120.7498,999999.9999,STRONG_SIGNAL,HIGH,2026-05-24,2026-05-24 21:18:25.195280,0.1545,0.0091,3
7573,ODEFSEY,BONE DENSITY DECREASED,83,83,83,20864371,117.7537,123.5669,999999.9999,STRONG_SIGNAL,HIGH,2026-05-24,2026-05-24 21:18:25.195280,0.8916,0.0,1
9975,G-LASTA,FEBRILE NEUTROPENIA,77,77,77,20864371,117.0205,138.8097,999999.9999,STRONG_SIGNAL,HIGH,2026-05-24,2026-05-24 21:18:25.195280,1.0,0.013,2
9059,KXL SYSTEM,THERAPY CESSATION,24,24,24,20864371,116.8987,138.9746,999999.9999,STRONG_SIGNAL,HIGH,2026-05-24,2026-05-24 21:18:25.195280,0.0,0.0,1
5975,DYSPORT,EYELID PTOSIS,95,95,95,20864371,116.4306,118.3891,999999.9999,STRONG_SIGNAL,HIGH,2026-05-24,2026-05-24 21:18:25.195280,0.2526,0.0,8
5583,METHYLPREDNISOLONE SODIUM SUCCINATE,STEROID DIABETES,38,38,38,20864371,116.3702,116.9908,999999.9999,STRONG_SIGNAL,HIGH,2026-05-24,2026-05-24 21:18:25.195280,1.0,0.0,8
6326,RISPERDAL CONSTA,GYNAECOMASTIA,131,131,131,20864371,116.0273,119.7369,999999.9999,STRONG_SIGNAL,HIGH,2026-05-24,2026-05-24 21:18:25.195280,0.1603,0.0,3
1069,ZANTAC,OVARIAN CANCER,464,464,464,20864371,116.0065,116.9211,999999.9999,STRONG_SIGNAL,HIGH,2026-05-24,2026-05-24 21:18:25.195280,1.0,0.0625,1
8028,MEPRONIZINE,ALTERED STATE OF CONSCIOUSNESS,4,4,4,20864371,115.8471,122.055,999999.9999,STRONG_SIGNAL,LOW,2026-05-24,2026-05-24 21:18:25.195280,1.0,1.0,1
7984,PHTHALYLSULFATHIAZOLE,HAND DEFORMITY,94,94,94,20864371,115.8058,119.3476,999999.9999,STRONG_SIGNAL,HIGH,2026-05-24,2026-05-24 21:18:25.195280,1.0,0.0,1
3531,PERJETA,INTERCEPTED PRODUCT STORAGE ERROR,24,24,24,20864371,115.7879,116.3095,999999.9999,STRONG_SIGNAL,HIGH,2026-05-24,2026-05-24 21:18:25.195280,0.0,0.0,1
6728,ALIROCUMAB PREFILLED PEN,DEVICE USE ISSUE,75,75,75,20864371,115.7392,117.864,999999.9999,STRONG_SIGNAL,HIGH,2026-05-24,2026-05-24 21:18:25.195280,0.0133,0.0,1
8578,NEXPLANON,OLIGOMENORRHOEA,73,73,73,20864371,115.6944,115.9364,999999.9999,STRONG_SIGNAL,HIGH,2026-05-24,2026-05-24 21:18:25.195280,0.0685,0.0,2
8256,BENEFIX,HAEMORRHAGE,88,88,88,20864371,115.3476,135.1169,999999.9999,STRONG_SIGNAL,HIGH,2026-05-24,2026-05-24 21:18:25.195280,0.9886,0.0,8
2976,STIVARGA,HEPATOCELLULAR CARCINOMA,210,210,210,20864371,115.2358,117.6103,999999.9999,STRONG_SIGNAL,HIGH,2026-05-24,2026-05-24 21:18:25.195280,1.0,0.2048,27
3766,FLUOROURACIL,FOCAL NODULAR HYPERPLASIA,28,28,28,20864371,114.8701,114.9996,999999.9999,STRONG_SIGNAL,HIGH,2026-05-24,2026-05-24 21:18:25.195280,1.0,0.0,4
3354,OXTELLAR XR,MOVEMENT DISORDER,140,140,140,20864371,114.761,120.32,999999.9999,STRONG_SIGNAL,HIGH,2026-05-24,2026-05-24 21:18:25.195280,0.8214,0.0,1
8336,FEXOFENADINE,PRODUCT ADMINISTERED TO PATIENT OF INAPPROPRIATE AGE,56,56,56,20864371,114.7348,116.1631,999999.9999,STRONG_SIGNAL,HIGH,2026-05-24,2026-05-24 21:18:25.195280,0.0179,0.0,1
2525,SERESTA,POISONING DELIBERATE,131,131,131,20864371,114.6746,117.442,999999.9999,STRONG_SIGNAL,HIGH,2026-05-24,2026-05-24 21:18:25.195280,1.0,0.0,1
2208,BIKTARVY,TOOTH LOSS,159,159,159,20864371,114.632,118.3804,999999.9999,STRONG_SIGNAL,HIGH,2026-05-24,2026-05-24 21:18:25.195280,0.8553,0.0,2
2319,MENS ROGAINE EXTRA STRENGTH,APPLICATION SITE PRURITUS,154,154,154,20864371,114.4735,116.9393,999999.9999,STRONG_SIGNAL,HIGH,2026-05-24,2026-05-24 21:18:25.195280,0.0065,0.0,1
2222,VIREAD,TOOTH LOSS,312,312,312,20864371,114.4594,118.0957,999999.9999,STRONG_SIGNAL,HIGH,2026-05-24,2026-05-24 21:18:25.195280,0.8814,0.0032,1
4075,FLUDARABINE,CHRONIC GRAFT VERSUS HOST DISEASE,62,62,62,20864371,114.0945,114.8457,999999.9999,STRONG_SIGNAL,HIGH,2026-05-24,2026-05-24 21:18:25.195280,1.0,0.1935,16
6289,PSEUDOEPHEDRINE HYDROCHLORIDE,PEMPHIGUS,59,59,59,20864371,114.0585,117.8659,999999.9999,STRONG_SIGNAL,HIGH,2026-05-24,2026-05-24 21:18:25.195280,1.0,0.0,1
9088,IMOVANE,PRESCRIPTION FORM TAMPERING,24,24,24,20864371,113.7802,114.2559,999999.9999,STRONG_SIGNAL,HIGH,2026-05-24,2026-05-24 21:18:25.195280,1.0,0.0,1
3888,CAYSTON,CYSTIC FIBROSIS,46,46,46,20864371,113.3687,115.8419,999999.9999,STRONG_SIGNAL,HIGH,2026-05-24,2026-05-24 21:18:25.195280,0.9565,0.0652,4
9082,ZOLPIDEM TARTRATE TABLETS,PRODUCT SUBSTITUTION ISSUE,40,40,40,20864371,113.214,128.327,999999.9999,STRONG_SIGNAL,HIGH,2026-05-24,2026-05-24 21:18:25.195280,0.025,0.0,1
5419,PHTHALYLSULFATHIAZOLE,ANTI-CYCLIC CITRULLINATED PEPTIDE ANTIBODY POSITIVE,45,45,45,20864371,113.166,114.7964,999999.9999,STRONG_SIGNAL,HIGH,2026-05-24,2026-05-24 21:18:25.195280,1.0,0.0,1
2250,ORKAMBI,CYSTIC FIBROSIS,80,80,80,20864371,113.1464,115.5884,999999.9999,STRONG_SIGNAL,HIGH,2026-05-24,2026-05-24 21:18:25.195280,0.825,0.05,4
7155,VRAYLAR,AKATHISIA,82,82,82,20864371,112.9704,115.5466,999999.9999,STRONG_SIGNAL,HIGH,2026-05-24,2026-05-24 21:18:25.195280,0.122,0.0244,1
6056,PALBOCICLIB,BREAST CANCER METASTATIC,89,89,89,20864371,112.5593,114.3005,999999.9999,STRONG_SIGNAL,HIGH,2026-05-24,2026-05-24 21:18:25.195280,1.0,0.0674,18
9900,DOCETAXEL ACTAVIS,DISCOMFORT,61,61,61,20864371,112.2768,123.225,999999.9999,STRONG_SIGNAL,HIGH,2026-05-24,2026-05-24 21:18:25.195280,0.0164,0.0,1
3741,ELIGARD,TESTICULAR ATROPHY,4,4,4,20864371,111.8425,111.9477,999999.9999,STRONG_SIGNAL,LOW,2026-05-24,2026-05-24 21:18:25.195280,0.75,0.0,2
4641,EN,INTENTIONAL SELF-INJURY,59,59,59,20864371,111.6284,121.3125,999999.9999,STRONG_SIGNAL,HIGH,2026-05-24,2026-05-24 21:18:25.195280,1.0,0.0,1
1062,LUMIFY,OCULAR HYPERAEMIA,242,242,242,20864371,111.2728,118.939,999999.9999,STRONG_SIGNAL,HIGH,2026-05-24,2026-05-24 21:18:25.195280,0.0289,0.0,3
1857,LANTUS,DEVICE OPERATIONAL ISSUE,306,306,306,20864371,111.0031,111.8826,999999.9999,STRONG_SIGNAL,HIGH,2026-05-24,2026-05-24 21:18:25.195280,0.1438,0.0,5
3637,STRIBILD,ECONOMIC PROBLEM,148,148,148,20864371,110.606,114.2969,999999.9999,STRONG_SIGNAL,HIGH,2026-05-24,2026-05-24 21:18:25.195280,0.7635,0.0068,1
9297,BAYER LOW DOSE,LOWER GASTROINTESTINAL HAEMORRHAGE,76,76,76,20864371,110.5859,113.0698,999999.9999,STRONG_SIGNAL,HIGH,2026-05-24,2026-05-24 21:18:25.195280,1.0,0.3158,1
7204,VINCRISTINE SULFATE,OTOTOXICITY,46,46,46,20864371,110.42,111.0211,999999.9999,STRONG_SIGNAL,HIGH,2026-05-24,2026-05-24 21:18:25.195280,1.0,0.0,1
422,ZANTAC,PANCREATIC CARCINOMA,1292,1292,1292,20864371,109.8728,112.3183,999999.9999,STRONG_SIGNAL,HIGH,2026-05-24,2026-05-24 21:18:25.195280,1.0,0.3243,2
7262,PONATINIB,CHRONIC MYELOID LEUKAEMIA,39,39,39,20864371,109.6589,110.4368,999999.9999,STRONG_SIGNAL,HIGH,2026-05-24,2026-05-24 21:18:25.195280,1.0,0.3846,15
1128,PLAN B ONE-STEP,MENSTRUATION IRREGULAR,175,175,175,20864371,109.6155,111.3511,999999.9999,STRONG_SIGNAL,HIGH,2026-05-24,2026-05-24 21:18:25.195280,0.0971,0.0,1
6641,ALPROLIX,HAEMORRHAGE,98,98,98,20864371,109.5945,127.2727,999999.9999,STRONG_SIGNAL,HIGH,2026-05-24,2026-05-24 21:18:25.195280,0.4796,0.0,11
4688,PLERIXAFOR,THERAPY NON-RESPONDER,18,18,18,20864371,109.4456,119.4559,999999.9999,STRONG_SIGNAL,HIGH,2026-05-24,2026-05-24 21:18:25.195280,0.1111,0.0556,3
4658,ABIRATERONE,PROSTATIC SPECIFIC ANTIGEN INCREASED,42,42,42,20864371,109.2452,111.8021,999999.9999,STRONG_SIGNAL,HIGH,2026-05-24,2026-05-24 21:18:25.195280,0.4286,0.0714,6
8939,AMIODARONE TEVA,PULMONARY FIBROSIS,44,44,44,20864371,109.0032,112.5364,999999.9999,STRONG_SIGNAL,HIGH,2026-05-24,2026-05-24 21:18:25.195280,1.0,0.3636,1
7024,SULPHAMETHOXAZOLE/TRIMETHOPRIM,DRUG REACTION WITH EOSINOPHILIA AND SYSTEMIC SYMPTOMS,34,34,34,20864371,108.9738,115.1437,999999.9999,STRONG_SIGNAL,HIGH,2026-05-24,2026-05-24 21:18:25.195280,1.0,0.0882,11
9051,RETROVIR,FOETAL EXPOSURE DURING PREGNANCY,80,80,80,20864371,108.8418,128.1423,999999.9999,STRONG_SIGNAL,HIGH,2026-05-24,2026-05-24 21:18:25.195280,0.9875,0.0875,7
7539,HABITROL,APPLICATION SITE PRURITUS,58,58,58,20864371,108.8221,111.1028,999999.9999,STRONG_SIGNAL,HIGH,2026-05-24,2026-05-24 21:18:25.195280,0.0,0.0,1
6846,LYNPARZA,CARBOHYDRATE ANTIGEN 125 INCREASED,75,75,75,20864371,108.387,109.516,999999.9999,STRONG_SIGNAL,HIGH,2026-05-24,2026-05-24 21:18:25.195280,0.8933,0.0267,15
734,ALCOHOL,COMPLETED SUICIDE,371,371,371,20864371,108.3299,120.8517,999999.9999,STRONG_SIGNAL,HIGH,2026-05-24,2026-05-24 21:18:25.195280,1.0,1.0,8
6410,FILGRASTIM,MENINGITIS TUBERCULOUS,17,17,17,20864371,108.251,108.5188,999999.9999,STRONG_SIGNAL,HIGH,2026-05-24,2026-05-24 21:18:25.195280,1.0,1.0,1
5953,ZENHALE,SLEEP DISORDER DUE TO A GENERAL MEDICAL CONDITION,86,86,86,20864371,108.2326,109.7844,999999.9999,STRONG_SIGNAL,HIGH,2026-05-24,2026-05-24 21:18:25.195280,1.0,0.0,1
960,HIZENTRA,INFUSION SITE EXTRAVASATION,123,123,123,20864371,108.1506,109.3327,999999.9999,STRONG_SIGNAL,HIGH,2026-05-24,2026-05-24 21:18:25.195280,0.1057,0.0,6
623,KYLEENA,ABDOMINAL PAIN LOWER,232,232,232,20864371,108.1293,112.4714,999999.9999,STRONG_SIGNAL,HIGH,2026-05-24,2026-05-24 21:18:25.195280,0.5991,0.0,14
8607,EYLEA,AGE-RELATED MACULAR DEGENERATION,28,28,28,20864371,107.9552,108.1433,999999.9999,STRONG_SIGNAL,HIGH,2026-05-24,2026-05-24 21:18:25.195280,1.0,0.0,4
775,NUTRILIPID I V FAT EMULSION,CHILLS,103,103,103,20864371,107.8181,130.5032,999999.9999,STRONG_SIGNAL,HIGH,2026-05-24,2026-05-24 21:18:25.195280,0.1456,0.0,1
6109,ASPIRIN,ASPIRIN-EXACERBATED RESPIRATORY DISEASE,53,53,53,20864371,107.5663,107.6205,999999.9999,STRONG_SIGNAL,HIGH,2026-05-24,2026-05-24 21:18:25.195280,1.0,0.0,9
7325,PRIVIGEN,MENINGITIS ASEPTIC,36,36,36,20864371,107.5637,108.318,999999.9999,STRONG_SIGNAL,HIGH,2026-05-24,2026-05-24 21:18:25.195280,1.0,0.0,12
2980,LUMIFY,DRY EYE,243,243,243,20864371,107.3881,114.8169,999999.9999,STRONG_SIGNAL,HIGH,2026-05-24,2026-05-24 21:18:25.195280,0.0206,0.0,1
5358,GADOLINIUM UNSPECIFIED,INJURY,72,72,72,20864371,107.0019,113.8346,999999.9999,STRONG_SIGNAL,HIGH,2026-05-24,2026-05-24 21:18:25.195280,1.0,0.0,1
7950,VINBLASTINE,PULMONARY TOXICITY,26,26,26,20864371,106.9792,108.1978,999999.9999,STRONG_SIGNAL,HIGH,2026-05-24,2026-05-24 21:18:25.195280,0.9231,0.5769,5
6831,CLARITIN-D 24 HOUR,EXTRA DOSE ADMINISTERED,35,35,35,20864371,106.7859,111.1214,999999.9999,STRONG_SIGNAL,HIGH,2026-05-24,2026-05-24 21:18:25.195280,0.0,0.0,1
8880,PLAN B ONE-STEP,HYPOMENORRHOEA,25,25,25,20864371,106.4836,106.7212,999999.9999,STRONG_SIGNAL,HIGH,2026-05-24,2026-05-24 21:18:25.195280,0.0,0.0,1
6103,KEVEYIS,DISEASE RECURRENCE,87,87,87,20864371,106.3811,110.4869,999999.9999,STRONG_SIGNAL,HIGH,2026-05-24,2026-05-24 21:18:25.195280,0.3103,0.0,1
7889,BISOCE,GASTRIC ULCER PERFORATION,3,3,3,20864371,106.37,106.5632,999999.9999,STRONG_SIGNAL,LOW,2026-05-24,2026-05-24 21:18:25.195280,1.0,1.0,1
9825,REGORAFENIB,PALMAR-PLANTAR ERYTHRODYSAESTHESIA SYNDROME,33,33,33,20864371,105.9057,109.8131,999999.9999,STRONG_SIGNAL,HIGH,2026-05-24,2026-05-24 21:18:25.195280,0.9394,0.2424,12
827,ALFACALCIDOL,BLOOD PARATHYROID HORMONE INCREASED,10,10,10,20864371,105.7882,106.3196,999999.9999,STRONG_SIGNAL,HIGH,2026-05-24,2026-05-24 21:18:25.195280,1.0,0.1,6
8438,PICATO,INCORRECT DRUG ADMINISTRATION DURATION,36,36,36,20864371,105.3962,107.062,999999.9999,STRONG_SIGNAL,HIGH,2026-05-24,2026-05-24 21:18:25.195280,0.0833,0.0,4
6315,EPOGEN,PRODUCT STORAGE ERROR,116,116,116,20864371,105.0492,116.2977,999999.9999,STRONG_SIGNAL,HIGH,2026-05-24,2026-05-24 21:18:25.195280,0.0603,0.0086,1
7680,OXYCODONE TEREPHTHALATE,MUSCLE SPASTICITY,25,25,25,20864371,105.0235,106.8485,999999.9999,STRONG_SIGNAL,HIGH,2026-05-24,2026-05-24 21:18:25.195280,1.0,0.0,1
3335,KUVAN,THERAPY NON-RESPONDER,207,207,207,20864371,104.8873,113.9267,999999.9999,STRONG_SIGNAL,HIGH,2026-05-24,2026-05-24 21:18:25.195280,0.0048,0.0,1
7110,FOLIO FORTE,FOETAL EXPOSURE DURING PREGNANCY,54,54,54,20864371,104.2681,121.8595,999999.9999,STRONG_SIGNAL,HIGH,2026-05-24,2026-05-24 21:18:25.195280,1.0,0.0,1
4494,LABETALOL,PRE-ECLAMPSIA,29,29,29,20864371,104.1404,104.835,999999.9999,STRONG_SIGNAL,HIGH,2026-05-24,2026-05-24 21:18:25.195280,0.9655,0.0345,7
4592,TRAVATAN,INTRAOCULAR PRESSURE INCREASED,56,56,56,20864371,103.9274,105.9386,999999.9999,STRONG_SIGNAL,HIGH,2026-05-24,2026-05-24 21:18:25.195280,0.8393,0.0,9
2034,MENS ROGAINE,INTENTIONAL PRODUCT MISUSE,116,116,116,20864371,103.7188,121.1645,999999.9999,STRONG_SIGNAL,HIGH,2026-05-24,2026-05-24 21:18:25.195280,0.0,0.0,2
4032,RIVAROXABAN,HAEMORRHAGIC ARTERIOVENOUS MALFORMATION,132,132,132,20864371,103.4531,103.6293,999999.9999,STRONG_SIGNAL,HIGH,2026-05-24,2026-05-24 21:18:25.195280,1.0,0.2652,1
1300,ABILIFY,OBSESSIVE-COMPULSIVE DISORDER,498,498,498,20864371,103.4236,104.8683,999999.9999,STRONG_SIGNAL,HIGH,2026-05-24,2026-05-24 21:18:25.195280,0.8755,0.002,7
5158,BYDUREON BCISE,DEVICE DELIVERY SYSTEM ISSUE,100,100,100,20864371,103.3515,103.8707,999999.9999,STRONG_SIGNAL,HIGH,2026-05-24,2026-05-24 21:18:25.195280,0.05,0.0,1
7109,OXYCODONE HCL TABLETS RHODES 91 490,DISABILITY,79,79,79,20864371,103.317,107.2754,999999.9999,STRONG_SIGNAL,HIGH,2026-05-24,2026-05-24 21:18:25.195280,1.0,0.1013,1
4804,GILENYA,JC POLYOMAVIRUS TEST POSITIVE,117,117,117,20864371,103.1748,103.385,999999.9999,STRONG_SIGNAL,HIGH,2026-05-24,2026-05-24 21:18:25.195280,0.8547,0.0,17
8813,BLINCYTO,CYTOKINE RELEASE SYNDROME,54,54,54,20864371,103.001,105.2855,999999.9999,STRONG_SIGNAL,HIGH,2026-05-24,2026-05-24 21:18:25.195280,1.0,0.0926,12
7314,PRESINOL,FOETAL EXPOSURE DURING PREGNANCY,23,23,23,20864371,102.8684,119.9704,999999.9999,STRONG_SIGNAL,HIGH,2026-05-24,2026-05-24 21:18:25.195280,1.0,0.0,1
3721,INVEGA,BLOOD PROLACTIN INCREASED,26,26,26,20864371,102.77,103.4244,999999.9999,STRONG_SIGNAL,HIGH,2026-05-24,2026-05-24 21:18:25.195280,0.2308,0.0,3
9009,DAYTRANA,APPLICATION SITE ERYTHEMA,73,73,73,20864371,102.7301,105.0618,999999.9999,STRONG_SIGNAL,HIGH,2026-05-24,2026-05-24 21:18:25.195280,0.0274,0.0,1
4281,KISQALI,BREAST CANCER METASTATIC,162,162,162,20864371,102.031,103.4217,999999.9999,STRONG_SIGNAL,HIGH,2026-05-24,2026-05-24 21:18:25.195280,1.0,0.3765,26
5208,IMVEXXY,BREAST TENDERNESS,43,43,43,20864371,101.9959,102.7913,999999.9999,STRONG_SIGNAL,HIGH,2026-05-24,2026-05-24 21:18:25.195280,0.0,0.0,1
2431,HALOPERIDOL,NEUROLEPTIC MALIGNANT SYNDROME,173,173,173,20864371,101.9081,104.1062,999999.9999,STRONG_SIGNAL,HIGH,2026-05-24,2026-05-24 21:18:25.195280,1.0,0.0289,21
4,MIRENA,COMPLICATION OF DEVICE INSERTION,1030,1030,1030,20864371,101.7409,104.1972,999999.9999,STRONG_SIGNAL,HIGH,2026-05-24,2026-05-24 21:18:25.195280,0.299,0.0,22
4789,BAYER LOW DOSE,UPPER GASTROINTESTINAL HAEMORRHAGE,145,145,145,20864371,101.1042,105.5241,999999.9999,STRONG_SIGNAL,HIGH,2026-05-24,2026-05-24 21:18:25.195280,1.0,0.2069,1
4177,PRALIA,METASTASES TO BONE,42,42,42,20864371,101.0481,103.9907,999999.9999,STRONG_SIGNAL,HIGH,2026-05-24,2026-05-24 21:18:25.195280,1.0,0.0,1
5362,FLUTICASONE FUROATE VILANTEROL TRIFENATATE,ASTHMA,141,141,141,20864371,101.0449,122.9152,999999.9999,STRONG_SIGNAL,HIGH,2026-05-24,2026-05-24 21:18:25.195280,0.9929,0.0,4
9953,BOTOX COSMETIC,FACIAL PARESIS,81,81,81,20864371,101.0088,101.6039,999999.9999,STRONG_SIGNAL,HIGH,2026-05-24,2026-05-24 21:18:25.195280,0.0247,0.0,1
2488,DOXIL,HAIR DISORDER,184,184,184,20864371,100.981,105.1926,999999.9999,STRONG_SIGNAL,HIGH,2026-05-24,2026-05-24 21:18:25.195280,0.0326,0.0,1
9223,SYSTANE COMPLETE,EYE PAIN,40,40,40,20864371,100.6171,108.6185,999999.9999,STRONG_SIGNAL,HIGH,2026-05-24,2026-05-24 21:18:25.195280,0.025,0.0,1
601,NEXPLANON,INCORRECT DRUG ADMINISTRATION DURATION,451,451,451,20864371,100.556,101.8678,999999.9999,STRONG_SIGNAL,HIGH,2026-05-24,2026-05-24 21:18:25.195280,0.0909,0.0,3
2700,PROMACTA,PLATELET COUNT INCREASED,125,125,125,20864371,100.2935,102.5079,999999.9999,STRONG_SIGNAL,HIGH,2026-05-24,2026-05-24 21:18:25.195280,0.272,0.016,1
682,PENICILLIN G SODIUM,DRUG HYPERSENSITIVITY,288,288,288,20864371,100.2933,166.1839,999999.9999,STRONG_SIGNAL,HIGH,2026-05-24,2026-05-24 21:18:25.195280,0.0243,0.0,2
2391,ACTIVASE,NO ADVERSE EVENT,198,198,198,20864371,100.2873,119.2997,999999.9999,STRONG_SIGNAL,HIGH,2026-05-24,2026-05-24 21:18:25.195280,0.0707,0.0,1
1273,ZANTAC 75,EXPOSURE DURING PREGNANCY,257,257,257,20864371,100.1158,111.0016,999999.9999,STRONG_SIGNAL,HIGH,2026-05-24,2026-05-24 21:18:25.195280,0.0156,0.0,1
8704,IRESSA,METASTASIS,43,43,43,20864371,100.0304,100.9884,999999.9999,STRONG_SIGNAL,HIGH,2026-05-24,2026-05-24 21:18:25.195280,1.0,0.2558,6
4462,IMPLANON,INCORRECT PRODUCT ADMINISTRATION DURATION,129,129,129,20864371,99.9973,104.2584,999999.9999,STRONG_SIGNAL,HIGH,2026-05-24,2026-05-24 21:18:25.195280,0.5194,0.0,13
3157,NIVOLUMAB,HYPOPHYSITIS,113,113,113,20864371,99.571,99.9744,999999.9999,STRONG_SIGNAL,HIGH,2026-05-24,2026-05-24 21:18:25.195280,0.9823,0.0177,19
7216,SKYLA,ABDOMINAL PAIN LOWER,102,102,102,20864371,99.4543,103.1778,999999.9999,STRONG_SIGNAL,HIGH,2026-05-24,2026-05-24 21:18:25.195280,0.5588,0.0,1
4148,OXYNEO,FEMALE GENITAL TRACT FISTULA,5,5,5,20864371,99.2165,99.5196,999999.9999,STRONG_SIGNAL,MEDIUM,2026-05-24,2026-05-24 21:18:25.195280,1.0,0.0,1
5370,AKINETON,POST-INJECTION DELIRIUM SEDATION SYNDROME,5,5,5,20864371,99.188,99.5027,999999.9999,STRONG_SIGNAL,MEDIUM,2026-05-24,2026-05-24 21:18:25.195280,1.0,0.0,4
8185,DUODOPA,INTENTIONAL MEDICAL DEVICE REMOVAL BY PATIENT,48,48,48,20864371,99.1469,99.3228,999999.9999,STRONG_SIGNAL,HIGH,2026-05-24,2026-05-24 21:18:25.195280,0.9583,0.1458,16
1059,PROTONIX,RENAL HAEMANGIOMA,465,465,465,20864371,98.9954,100.2531,999999.9999,STRONG_SIGNAL,HIGH,2026-05-24,2026-05-24 21:18:25.195280,1.0,0.0409,1
1234,AMPICILLIN SODIUM,DRUG HYPERSENSITIVITY,119,119,119,20864371,98.5477,161.6355,999999.9999,STRONG_SIGNAL,HIGH,2026-05-24,2026-05-24 21:18:25.195280,0.0588,0.0,3
1576,STIVARGA,PALMAR-PLANTAR ERYTHRODYSAESTHESIA SYNDROME,330,330,330,20864371,98.465,101.6869,999999.9999,STRONG_SIGNAL,HIGH,2026-05-24,2026-05-24 21:18:25.195280,0.9303,0.1606,30
6169,INVEGA TRINZA,SCHIZOPHRENIA,50,50,50,20864371,98.3583,100.3926,999999.9999,STRONG_SIGNAL,HIGH,2026-05-24,2026-05-24 21:18:25.195280,1.0,0.02,5
6183,ROGAINE,PRODUCT ADMINISTERED AT INAPPROPRIATE SITE,52,52,52,20864371,97.731,100.5971,999999.9999,STRONG_SIGNAL,HIGH,2026-05-24,2026-05-24 21:18:25.195280,0.0385,0.0,3
8050,TACROLIMUS,LIVER TRANSPLANT REJECTION,86,86,86,20864371,96.9597,97.1683,999999.9999,STRONG_SIGNAL,HIGH,2026-05-24,2026-05-24 21:18:25.195280,1.0,0.1977,20
7698,COMPOUNDED BACLOFEN,DRUG WITHDRAWAL SYNDROME,22,22,22,20864371,96.8878,101.0901,999999.9999,STRONG_SIGNAL,HIGH,2026-05-24,2026-05-24 21:18:25.195280,1.0,0.0,1
7651,VELCADE,PLASMA CELL MYELOMA RECURRENT,87,87,87,20864371,96.8532,97.5004,999999.9999,STRONG_SIGNAL,HIGH,2026-05-24,2026-05-24 21:18:25.195280,0.931,0.0345,16
1177,QBREXZA,DRY MOUTH,152,152,152,20864371,96.5853,107.9539,999999.9999,STRONG_SIGNAL,HIGH,2026-05-24,2026-05-24 21:18:25.195280,0.1184,0.0,1
3892,RANITIDINE HCI,LUNG NEOPLASM MALIGNANT,113,113,113,20864371,96.458,100.3326,999999.9999,STRONG_SIGNAL,HIGH,2026-05-24,2026-05-24 21:18:25.195280,1.0,0.1681,1
1854,CYTOXAN,HAIR TEXTURE ABNORMAL,310,310,310,20864371,96.2592,100.8397,999999.9999,STRONG_SIGNAL,HIGH,2026-05-24,2026-05-24 21:18:25.195280,0.0452,0.0,1
8106,ENDOXAN,MYELOSUPPRESSION,78,78,78,20864371,96.0946,97.4949,999999.9999,STRONG_SIGNAL,HIGH,2026-05-24,2026-05-24 21:18:25.195280,1.0,0.0128,4
2456,ACTEMRA,INTERCEPTED PRODUCT STORAGE ERROR,180,180,180,20864371,95.877,96.1661,999999.9999,STRONG_SIGNAL,HIGH,2026-05-24,2026-05-24 21:18:25.195280,0.0167,0.0,3
7165,ARANESP,APLASIA PURE RED CELL,35,35,35,20864371,95.7981,96.174,999999.9999,STRONG_SIGNAL,HIGH,2026-05-24,2026-05-24 21:18:25.195280,1.0,0.0286,8
7177,EXEMESTANE,BREAST CANCER METASTATIC,91,91,91,20864371,95.7928,97.0482,999999.9999,STRONG_SIGNAL,HIGH,2026-05-24,2026-05-24 21:18:25.195280,1.0,0.1319,19
5145,VOTRIENT,RENAL CELL CARCINOMA,59,59,59,20864371,95.7673,96.2537,999999.9999,STRONG_SIGNAL,HIGH,2026-05-24,2026-05-24 21:18:25.195280,1.0,0.4407,15
113,TAXOTERE,EMOTIONAL DISTRESS,2858,2858,2858,20864371,95.6687,106.2936,999999.9999,STRONG_SIGNAL,HIGH,2026-05-24,2026-05-24 21:18:25.195280,0.8814,0.0003,1
4524,DESCOVY,TOOTH LOSS,100,100,100,20864371,95.6601,98.2787,999999.9999,STRONG_SIGNAL,HIGH,2026-05-24,2026-05-24 21:18:25.195280,0.92,0.01,1
260,RANITIDINE,COLORECTAL CANCER,1198,1198,1198,20864371,95.5132,98.635,999999.9999,STRONG_SIGNAL,HIGH,2026-05-24,2026-05-24 21:18:25.195280,1.0,0.0551,1
4180,RISPERDAL,BLOOD PROLACTIN INCREASED,105,105,105,20864371,95.3027,95.8307,999999.9999,STRONG_SIGNAL,HIGH,2026-05-24,2026-05-24 21:18:25.195280,0.4571,0.0,9
3905,EYLEA,REFUSAL OF TREATMENT BY PATIENT,98,98,98,20864371,95.1626,95.7447,999999.9999,STRONG_SIGNAL,HIGH,2026-05-24,2026-05-24 21:18:25.195280,0.102,0.0,1
3108,ALLEGRA ALLERGY,EXTRA DOSE ADMINISTERED,155,155,155,20864371,94.9955,98.3525,999999.9999,STRONG_SIGNAL,HIGH,2026-05-24,2026-05-24 21:18:25.195280,0.0,0.0,1
56,AIMOVIG,ACCIDENTAL EXPOSURE TO PRODUCT,4284,4284,4284,20864371,94.5018,103.2834,999999.9999,STRONG_SIGNAL,HIGH,2026-05-24,2026-05-24 21:18:25.195280,0.0077,0.0,2
689,ZYDONE,TOXICITY TO VARIOUS AGENTS,998,998,998,20864371,94.4912,146.5873,999999.9999,STRONG_SIGNAL,HIGH,2026-05-24,2026-05-24 21:18:25.195280,1.0,0.9599,1
3846,EXTRANEAL,PERITONITIS,110,110,110,20864371,94.3871,96.231,999999.9999,STRONG_SIGNAL,HIGH,2026-05-24,2026-05-24 21:18:25.195280,1.0,0.1909,13
4849,REFRESH OPTIVE,EYE IRRITATION,22,22,22,20864371,94.2419,101.4904,999999.9999,STRONG_SIGNAL,HIGH,2026-05-24,2026-05-24 21:18:25.195280,0.1818,0.0,1
2776,PROVENTIL,CIRCUMSTANCE OR INFORMATION CAPABLE OF LEADING TO MEDICATION ERROR,155,155,155,20864371,94.2287,96.3952,999999.9999,STRONG_SIGNAL,HIGH,2026-05-24,2026-05-24 21:18:25.195280,0.0323,0.0,1
4289,FLUOROMETHOLONE,TREATMENT FAILURE,192,192,192,20864371,94.2181,129.8712,999999.9999,STRONG_SIGNAL,HIGH,2026-05-24,2026-05-24 21:18:25.195280,0.0,0.0,1
8721,STELARA,ILEECTOMY,17,17,17,20864371,93.9608,93.9918,999999.9999,STRONG_SIGNAL,HIGH,2026-05-24,2026-05-24 21:18:25.195280,1.0,0.0,5
1200,EUCRISA,APPLICATION SITE ERYTHEMA,147,147,147,20864371,93.5898,95.4875,999999.9999,STRONG_SIGNAL,HIGH,2026-05-24,2026-05-24 21:18:25.195280,0.0,0.0,2
6729,ALDOCUMAR,DRUG INTERACTION,83,83,83,20864371,93.4663,137.3218,999999.9999,STRONG_SIGNAL,HIGH,2026-05-24,2026-05-24 21:18:25.195280,1.0,0.0482,1
415,PREVACID,HYPERCHLORHYDRIA,1250,1250,1250,20864371,93.3434,96.0922,999999.9999,STRONG_SIGNAL,HIGH,2026-05-24,2026-05-24 21:18:25.195280,0.8656,0.0504,2
2002,PIQRAY,HYPERGLYCAEMIA,275,275,275,20864371,93.3302,98.9601,999999.9999,STRONG_SIGNAL,HIGH,2026-05-24,2026-05-24 21:18:25.195280,0.3709,0.0073,9
9420,AVONEX,ABORTION,69,69,69,20864371,93.24,93.5077,999999.9999,STRONG_SIGNAL,HIGH,2026-05-24,2026-05-24 21:18:25.195280,1.0,0.0,5
4794,ASMANEX HFA,NO ADVERSE EVENT,135,135,135,20864371,93.0135,109.1667,999999.9999,STRONG_SIGNAL,HIGH,2026-05-24,2026-05-24 21:18:25.195280,0.0,0.0,1
1278,PALYNZIQ,INJECTION SITE REACTION,265,265,265,20864371,92.9128,99.3411,999999.9999,STRONG_SIGNAL,HIGH,2026-05-24,2026-05-24 21:18:25.195280,0.0075,0.0,1
384,PARAGARD T 380A,PELVIC PAIN,352,352,352,20864371,92.8672,94.2471,999999.9999,STRONG_SIGNAL,HIGH,2026-05-24,2026-05-24 21:18:25.195280,0.321,0.0,1
9396,TESTIM,PRODUCT ODOUR ABNORMAL,18,18,18,20864371,92.8359,94.0658,999999.9999,STRONG_SIGNAL,HIGH,2026-05-24,2026-05-24 21:18:25.195280,0.0,0.0,1
9885,TACROLIMUS,SMOOTH MUSCLE CELL NEOPLASM,27,27,27,20864371,92.7152,92.7777,999999.9999,STRONG_SIGNAL,HIGH,2026-05-24,2026-05-24 21:18:25.195280,1.0,0.4074,3
1522,FLOVENT HFA,WRONG TECHNIQUE IN DEVICE USAGE PROCESS,127,127,127,20864371,92.5547,97.8424,999999.9999,STRONG_SIGNAL,HIGH,2026-05-24,2026-05-24 21:18:25.195280,0.0551,0.0079,1
9436,MYORISAN,ABORTION INDUCED,59,59,59,20864371,92.3993,92.9747,999999.9999,STRONG_SIGNAL,HIGH,2026-05-24,2026-05-24 21:18:25.195280,0.9831,0.0,2
6764,ATENOLOL ARROW,SEPTIC SHOCK,6,6,6,20864371,92.2628,100.5594,999999.9999,STRONG_SIGNAL,MEDIUM,2026-05-24,2026-05-24 21:18:25.195280,1.0,0.0,1
2677,BYDUREON BCISE,DRUG DELIVERY SYSTEM MALFUNCTION,88,88,88,20864371,92.2175,92.6245,999999.9999,STRONG_SIGNAL,HIGH,2026-05-24,2026-05-24 21:18:25.195280,0.0568,0.0,1
7966,VIVITROL,INJECTION SITE ABSCESS,77,77,77,20864371,92.1982,92.4337,999999.9999,STRONG_SIGNAL,HIGH,2026-05-24,2026-05-24 21:18:25.195280,0.7403,0.0,1
6781,NEUPRO,FREEZING PHENOMENON,33,33,33,20864371,91.895,92.6064,999999.9999,STRONG_SIGNAL,HIGH,2026-05-24,2026-05-24 21:18:25.195280,0.9394,0.0303,9
7073,ZYTIGA,CHEMOTHERAPY,56,56,56,20864371,91.8775,92.2071,999999.9999,STRONG_SIGNAL,HIGH,2026-05-24,2026-05-24 21:18:25.195280,0.9821,0.0179,2
1521,RISPERDAL,EMOTIONAL DISORDER,480,480,480,20864371,91.8707,94.2444,999999.9999,STRONG_SIGNAL,HIGH,2026-05-24,2026-05-24 21:18:25.195280,0.0458,0.0021,5
7503,DESCOVY,OSTEONECROSIS,103,103,103,20864371,91.7466,94.3344,999999.9999,STRONG_SIGNAL,HIGH,2026-05-24,2026-05-24 21:18:25.195280,1.0,0.0,2
8614,NITROGLYCERIN SUBLINGUAL TABLETS USP,PRODUCT QUALITY ISSUE,8,8,8,20864371,91.5093,103.3794,999999.9999,STRONG_SIGNAL,MEDIUM,2026-05-24,2026-05-24 21:18:25.195280,0.375,0.0,1
6236,DACTINOMYCIN,DEVELOPMENTAL DELAY,5,5,5,20864371,91.3668,92.2669,999999.9999,STRONG_SIGNAL,MEDIUM,2026-05-24,2026-05-24 21:18:25.195280,1.0,0.0,1
1789,MYORISAN,BLOOD TRIGLYCERIDES INCREASED,180,180,180,20864371,91.1675,92.9219,999999.9999,STRONG_SIGNAL,HIGH,2026-05-24,2026-05-24 21:18:25.195280,0.2111,0.0,3
9140,HETLIOZ,INCORRECT PRODUCT ADMINISTRATION DURATION,91,91,91,20864371,91.1369,94.6755,999999.9999,STRONG_SIGNAL,HIGH,2026-05-24,2026-05-24 21:18:25.195280,0.0,0.0,1
3626,BURINEX,CONGESTIVE CARDIOMYOPATHY,7,7,7,20864371,91.0084,91.7834,999999.9999,STRONG_SIGNAL,MEDIUM,2026-05-24,2026-05-24 21:18:25.195280,1.0,0.0,1
392,OXYCODONE HCL TABLETS RHODES 91-490,DRUG DEPENDENCE,797,797,797,20864371,90.7745,109.5738,999999.9999,STRONG_SIGNAL,HIGH,2026-05-24,2026-05-24 21:18:25.195280,1.0,0.3965,1
9189,NUVARING,METRORRHAGIA,88,88,88,20864371,90.7279,91.9817,999999.9999,STRONG_SIGNAL,HIGH,2026-05-24,2026-05-24 21:18:25.195280,0.2273,0.0,7
821,HYDROCODONE BITARTRATE/ACETAMINOPHEN,DRUG DEPENDENCE,202,202,202,20864371,90.3527,109.2921,999999.9999,STRONG_SIGNAL,HIGH,2026-05-24,2026-05-24 21:18:25.195280,1.0,0.4653,1
1181,GABAPENTIN ENACARBIL,TOXICITY TO VARIOUS AGENTS,211,211,211,20864371,90.3006,137.4067,999999.9999,STRONG_SIGNAL,HIGH,2026-05-24,2026-05-24 21:18:25.195280,1.0,0.8957,6
7898,APO-LEFLUNOMIDE,GRANULOMA SKIN,12,12,12,20864371,90.0739,90.284,999999.9999,STRONG_SIGNAL,HIGH,2026-05-24,2026-05-24 21:18:25.195280,1.0,0.0,1
4151,RANITIDINE,TESTIS CANCER,128,128,128,20864371,90.0631,90.3684,999999.9999,STRONG_SIGNAL,HIGH,2026-05-24,2026-05-24 21:18:25.195280,1.0,0.0391,1
8825,VINBLASTINE,SECOND PRIMARY MALIGNANCY,41,41,41,20864371,89.7321,91.3518,999999.9999,STRONG_SIGNAL,HIGH,2026-05-24,2026-05-24 21:18:25.195280,1.0,0.3171,7
5550,GALVUS MET,HYPERGLYCAEMIA,151,151,151,20864371,89.7287,94.9704,999999.9999,STRONG_SIGNAL,HIGH,2026-05-24,2026-05-24 21:18:25.195280,0.9868,0.0066,4
6583,ROPIVACAINE,LABELLED DRUG-DRUG INTERACTION MEDICATION ERROR,16,16,16,20864371,89.7022,92.2548,999999.9999,STRONG_SIGNAL,HIGH,2026-05-24,2026-05-24 21:18:25.195280,0.0,0.0,1
3041,VEDOLIZUMAB,COLITIS ULCERATIVE,212,212,212,20864371,89.5743,93.0439,999999.9999,STRONG_SIGNAL,HIGH,2026-05-24,2026-05-24 21:18:25.195280,0.9953,0.0283,19
7022,HYDROXYCHLOROQUINE,RETINAL TOXICITY,74,74,74,20864371,89.5465,89.7056,999999.9999,STRONG_SIGNAL,HIGH,2026-05-24,2026-05-24 21:18:25.195280,1.0,0.0,9
9673,TOPICORT,GLOSSODYNIA,40,40,40,20864371,89.5348,92.3233,999999.9999,STRONG_SIGNAL,HIGH,2026-05-24,2026-05-24 21:18:25.195280,1.0,0.0,1
5636,BIKTARVY,OSTEONECROSIS,134,134,134,20864371,89.493,91.9405,999999.9999,STRONG_SIGNAL,HIGH,2026-05-24,2026-05-24 21:18:25.195280,1.0,0.0,1
5804,ZOPICLONE ARROW,BALANCE DISORDER,4,4,4,20864371,89.4084,102.0381,999999.9999,STRONG_SIGNAL,LOW,2026-05-24,2026-05-24 21:18:25.195280,1.0,0.0,1
1727,DULERA,CIRCUMSTANCE OR INFORMATION CAPABLE OF LEADING TO MEDICATION ERROR,120,120,120,20864371,89.4017,91.3622,999999.9999,STRONG_SIGNAL,HIGH,2026-05-24,2026-05-24 21:18:25.195280,0.025,0.0,1
3620,IBANDRONIC ACID,OSTEONECROSIS OF JAW,43,43,43,20864371,89.3654,92.6325,999999.9999,STRONG_SIGNAL,HIGH,2026-05-24,2026-05-24 21:18:25.195280,1.0,0.0,11
6272,FEMARA,BREAST CANCER RECURRENT,28,28,28,20864371,89.2445,89.5967,999999.9999,STRONG_SIGNAL,HIGH,2026-05-24,2026-05-24 21:18:25.195280,0.9643,0.0357,14
8955,DYSPORT,MUSCLE SPASTICITY,82,82,82,20864371,89.189,90.4775,999999.9999,STRONG_SIGNAL,HIGH,2026-05-24,2026-05-24 21:18:25.195280,0.0366,0.0,2
3699,ADRIAMYCIN,HAIR DISORDER,211,211,211,20864371,89.0221,92.264,999999.9999,STRONG_SIGNAL,HIGH,2026-05-24,2026-05-24 21:18:25.195280,0.0237,0.0,2
919,IRESSA,MALIGNANT NEOPLASM PROGRESSION,729,729,729,20864371,88.5909,105.5778,999999.9999,STRONG_SIGNAL,HIGH,2026-05-24,2026-05-24 21:18:25.195280,1.0,0.1111,34
7105,ISOTRETINOIN,LIP DRY,21,21,21,20864371,88.5558,89.2655,999999.9999,STRONG_SIGNAL,HIGH,2026-05-24,2026-05-24 21:18:25.195280,0.5714,0.0476,4
9745,ASMANEX,POOR QUALITY DRUG ADMINISTERED,25,25,25,20864371,88.4808,88.803,999999.9999,STRONG_SIGNAL,HIGH,2026-05-24,2026-05-24 21:18:25.195280,0.0,0.0,1
3255,0 9 SODIUM CHLORIDE,LEUKOPENIA,158,158,158,20864371,88.325,97.0575,999999.9999,STRONG_SIGNAL,HIGH,2026-05-24,2026-05-24 21:18:25.195280,1.0,0.0,1
5101,GABLOFEN,WITHDRAWAL SYNDROME,29,29,29,20864371,88.2547,93.6848,999999.9999,STRONG_SIGNAL,HIGH,2026-05-24,2026-05-24 21:18:25.195280,0.4138,0.0,1
9441,LITHIUM CARBONATE,SEXUALLY TRANSMITTED DISEASE,3,3,3,20864371,88.2133,88.2841,999999.9999,STRONG_SIGNAL,LOW,2026-05-24,2026-05-24 21:18:25.195280,1.0,0.0,1
6550,CEFTRIAXONE,RECALLED PRODUCT ADMINISTERED,69,69,69,20864371,87.9839,88.9436,999999.9999,STRONG_SIGNAL,HIGH,2026-05-24,2026-05-24 21:18:25.195280,0.087,0.0145,1
7781,NO DRUG,HALLUCINATION,30,30,30,20864371,87.9041,98.0093,999999.9999,STRONG_SIGNAL,HIGH,2026-05-24,2026-05-24 21:18:25.195280,1.0,0.0,2
5074,TANZEUM,PRODUCT QUALITY ISSUE,110,110,110,20864371,87.8548,98.687,999999.9999,STRONG_SIGNAL,HIGH,2026-05-24,2026-05-24 21:18:25.195280,0.0,0.0,1
4343,NOVALGIN METAMIZOLE SODIUM,BRONCHIAL CARCINOMA,3,3,3,20864371,87.8176,87.9178,999999.9999,STRONG_SIGNAL,LOW,2026-05-24,2026-05-24 21:18:25.195280,1.0,0.6667,1
1310,PARAGARD T 380A,MENORRHAGIA,541,541,541,20864371,87.2782,89.2863,999999.9999,STRONG_SIGNAL,HIGH,2026-05-24,2026-05-24 21:18:25.195280,0.2865,0.0,2
6205,ASMANEX,PRODUCT CONTAINER ISSUE,85,85,85,20864371,87.2058,88.2949,999999.9999,STRONG_SIGNAL,HIGH,2026-05-24,2026-05-24 21:18:25.195280,0.0235,0.0,2
8059,ADEFOVIR DIPIVOXIL,DRUG RESISTANCE,54,54,54,20864371,86.8965,91.4484,999999.9999,STRONG_SIGNAL,HIGH,2026-05-24,2026-05-24 21:18:25.195280,0.963,0.0,4
1973,CETIRIZINE HYDROCHLORIDE,PEMPHIGUS,139,139,139,20864371,86.7344,88.8828,999999.9999,STRONG_SIGNAL,HIGH,2026-05-24,2026-05-24 21:18:25.195280,1.0,0.0,1
1312,SOLIRIS,HAEMOLYSIS,330,330,330,20864371,86.7329,87.5975,999999.9999,STRONG_SIGNAL,HIGH,2026-05-24,2026-05-24 21:18:25.195280,0.9485,0.0394,22
319,BYDUREON BCISE,INJECTION SITE HAEMORRHAGE,1219,1219,1219,20864371,86.5756,92.1862,999999.9999,STRONG_SIGNAL,HIGH,2026-05-24,2026-05-24 21:18:25.195280,0.0361,0.0,1
9127,SODIUM AUROTHIOMALATE,APPARENT DEATH,22,22,22,20864371,86.2852,86.9249,999999.9999,STRONG_SIGNAL,HIGH,2026-05-24,2026-05-24 21:18:25.195280,1.0,0.4091,1
1766,KYLEENA,PELVIC PAIN,88,88,88,20864371,85.9647,87.2389,999999.9999,STRONG_SIGNAL,HIGH,2026-05-24,2026-05-24 21:18:25.195280,0.5682,0.0,8
3160,KYBELLA,INJECTION SITE SWELLING,98,98,98,20864371,85.9619,90.8084,999999.9999,STRONG_SIGNAL,HIGH,2026-05-24,2026-05-24 21:18:25.195280,0.0204,0.0,1
1834,NUPLAZID,DELUSION,386,386,386,20864371,85.8814,87.6728,999999.9999,STRONG_SIGNAL,HIGH,2026-05-24,2026-05-24 21:18:25.195280,0.2824,0.1036,1
7333,XYREM,NARCOLEPSY,40,40,40,20864371,85.621,85.8607,999999.9999,STRONG_SIGNAL,HIGH,2026-05-24,2026-05-24 21:18:25.195280,1.0,0.0,3
3983,DOXIL,HAIR TEXTURE ABNORMAL,187,187,187,20864371,85.1489,88.7539,999999.9999,STRONG_SIGNAL,HIGH,2026-05-24,2026-05-24 21:18:25.195280,0.0428,0.0,1
4256,WARFARIN,ANTICOAGULATION DRUG LEVEL BELOW THERAPEUTIC,85,85,85,20864371,85.0813,85.1895,999999.9999,STRONG_SIGNAL,HIGH,2026-05-24,2026-05-24 21:18:25.195280,0.8471,0.0471,8
3214,JAKAVI,SECOND PRIMARY MALIGNANCY,183,183,183,20864371,84.7374,86.1301,999999.9999,STRONG_SIGNAL,HIGH,2026-05-24,2026-05-24 21:18:25.195280,1.0,0.2131,27
1381,MIRENA,PELVIC PAIN,550,550,550,20864371,84.7359,85.8138,999999.9999,STRONG_SIGNAL,HIGH,2026-05-24,2026-05-24 21:18:25.195280,0.5982,0.0,19
8299,MYCOPHENOLATE MOFETIL,POLYOMAVIRUS-ASSOCIATED NEPHROPATHY,71,71,71,20864371,84.6139,84.8993,999999.9999,STRONG_SIGNAL,HIGH,2026-05-24,2026-05-24 21:18:25.195280,1.0,0.0704,19
1669,DOCETAXEL HOSPIRA,EMOTIONAL DISTRESS,113,113,113,20864371,84.3168,93.5651,999999.9999,STRONG_SIGNAL,HIGH,2026-05-24,2026-05-24 21:18:25.195280,0.0088,0.0,1
2661,DOXIL,MADAROSIS,159,159,159,20864371,84.2831,87.2974,999999.9999,STRONG_SIGNAL,HIGH,2026-05-24,2026-05-24 21:18:25.195280,0.0377,0.0,1
9488,ZYPREXA,DISTURBANCE IN SOCIAL BEHAVIOUR,30,30,30,20864371,84.0966,84.3659,999999.9999,STRONG_SIGNAL,HIGH,2026-05-24,2026-05-24 21:18:25.195280,1.0,0.0,2
5123,GILOTRIF,METASTASES TO CENTRAL NERVOUS SYSTEM,82,82,82,20864371,84.0759,85.5294,999999.9999,STRONG_SIGNAL,HIGH,2026-05-24,2026-05-24 21:18:25.195280,1.0,0.2439,20
541,TRAVATAN Z,TREATMENT FAILURE,853,853,853,20864371,83.9411,110.6892,999999.9999,STRONG_SIGNAL,HIGH,2026-05-24,2026-05-24 21:18:25.195280,0.0047,0.0,1
9694,CALCIUM FOLINAT,DISEASE PROGRESSION,45,45,45,20864371,83.8978,94.742,999999.9999,STRONG_SIGNAL,HIGH,2026-05-24,2026-05-24 21:18:25.195280,1.0,0.3778,13
9206,KOMBIGLYZE XR,CARDIAC FAILURE,83,83,83,20864371,83.7714,95.3958,999999.9999,STRONG_SIGNAL,HIGH,2026-05-24,2026-05-24 21:18:25.195280,1.0,0.0602,1
3624,FLUDARABINE,CYTOKINE RELEASE SYNDROME,163,163,163,20864371,83.5835,85.0413,999999.9999,STRONG_SIGNAL,HIGH,2026-05-24,2026-05-24 21:18:25.195280,1.0,0.2515,13
6761,FLUDARABINE,GRAFT VERSUS HOST DISEASE,92,92,92,20864371,83.5083,84.324,999999.9999,STRONG_SIGNAL,HIGH,2026-05-24,2026-05-24 21:18:25.195280,1.0,0.5435,18
2148,PARAGARD T 380A,METRORRHAGIA,283,283,283,20864371,83.4027,84.3949,999999.9999,STRONG_SIGNAL,HIGH,2026-05-24,2026-05-24 21:18:25.195280,0.2085,0.0,1
1600,MORPHINE SULFATE EXTENDED-RELEASE TABLETS RHODES 74-769 74-862,DRUG DEPENDENCE,480,480,480,20864371,83.3083,99.0047,999999.9999,STRONG_SIGNAL,HIGH,2026-05-24,2026-05-24 21:18:25.195280,1.0,0.4,1
2924,OXERVATE,EYE IRRITATION,119,119,119,20864371,83.2887,88.8557,999999.9999,STRONG_SIGNAL,HIGH,2026-05-24,2026-05-24 21:18:25.195280,0.0168,0.0,1
9554,HYSINGLA ER,DRUG WITHDRAWAL SYNDROME NEONATAL,83,83,83,20864371,83.265,84.7854,999999.9999,STRONG_SIGNAL,HIGH,2026-05-24,2026-05-24 21:18:25.195280,1.0,0.0,1
2725,BETAMETHASONE,PREMATURE BABY,241,241,241,20864371,83.2345,87.0087,999999.9999,STRONG_SIGNAL,HIGH,2026-05-24,2026-05-24 21:18:25.195280,0.9959,0.0456,36
1886,CLONAZEPAM TEVA,PRODUCT SUBSTITUTION ISSUE,71,71,71,20864371,83.2102,91.0556,999999.9999,STRONG_SIGNAL,HIGH,2026-05-24,2026-05-24 21:18:25.195280,0.0845,0.0,1
1818,BAYER LOW DOSE,GASTROINTESTINAL HAEMORRHAGE,415,415,415,20864371,82.9493,94.233,999999.9999,STRONG_SIGNAL,HIGH,2026-05-24,2026-05-24 21:18:25.195280,1.0,0.2747,1
6540,VINCRISTINE SULFATE,ACQUIRED GENE MUTATION,27,27,27,20864371,82.677,82.9398,999999.9999,STRONG_SIGNAL,HIGH,2026-05-24,2026-05-24 21:18:25.195280,1.0,1.0,1
4728,LEVAQUIN,AORTIC ANEURYSM,65,65,65,20864371,82.6401,83.2637,999999.9999,STRONG_SIGNAL,HIGH,2026-05-24,2026-05-24 21:18:25.195280,0.9846,0.0462,2
7836,ELVANSE,HYPERACUSIS,5,5,5,20864371,82.3815,82.7777,999999.9999,STRONG_SIGNAL,MEDIUM,2026-05-24,2026-05-24 21:18:25.195280,1.0,0.0,2
6381,RISPERDAL CONSTA,DEVICE LEAKAGE,114,114,114,20864371,82.3508,84.6244,999999.9999,STRONG_SIGNAL,HIGH,2026-05-24,2026-05-24 21:18:25.195280,0.0439,0.0,3
9634,LERCANIDIPINE HYDROCHLORIDE,ENURESIS,3,3,3,20864371,82.2729,82.6298,999999.9999,STRONG_SIGNAL,LOW,2026-05-24,2026-05-24 21:18:25.195280,1.0,0.0,1
2672,PRALUENT,DEVICE USE ISSUE,234,234,234,20864371,82.1208,83.1297,999999.9999,STRONG_SIGNAL,HIGH,2026-05-24,2026-05-24 21:18:25.195280,0.0214,0.0,2
7716,ALPRAZOLAM TABLETS,COMPLETED SUICIDE,26,26,26,20864371,82.0689,89.1659,999999.9999,STRONG_SIGNAL,HIGH,2026-05-24,2026-05-24 21:18:25.195280,1.0,1.0,1
6623,ASPIRIN CARDIO,UPPER GASTROINTESTINAL HAEMORRHAGE,107,107,107,20864371,82.0635,84.9576,999999.9999,STRONG_SIGNAL,HIGH,2026-05-24,2026-05-24 21:18:25.195280,1.0,0.4019,2
4848,OMNISCAN,INJURY,151,151,151,20864371,81.8373,85.7359,999999.9999,STRONG_SIGNAL,HIGH,2026-05-24,2026-05-24 21:18:25.195280,1.0,0.0,2
8919,GOSERELIN,METASTASES TO LIVER,27,27,27,20864371,81.8076,84.1663,999999.9999,STRONG_SIGNAL,HIGH,2026-05-24,2026-05-24 21:18:25.195280,1.0,0.0,11
8702,ABACAVIR,MULTIPLE-DRUG RESISTANCE,12,12,12,20864371,81.7474,82.1139,999999.9999,STRONG_SIGNAL,HIGH,2026-05-24,2026-05-24 21:18:25.195280,1.0,0.0,2
6113,NOVOTHYROX,IMPATIENCE,72,72,72,20864371,81.7338,81.896,999999.9999,STRONG_SIGNAL,HIGH,2026-05-24,2026-05-24 21:18:25.195280,1.0,0.0,1
9681,BERIPLEX P/N,NO ADVERSE EVENT,82,82,82,20864371,81.7201,93.9324,999999.9999,STRONG_SIGNAL,HIGH,2026-05-24,2026-05-24 21:18:25.195280,0.2683,0.0244,13
6903,LUCENTIS,VITREOUS FLOATERS,81,81,81,20864371,81.6388,82.5327,999999.9999,STRONG_SIGNAL,HIGH,2026-05-24,2026-05-24 21:18:25.195280,0.642,0.0,12
795,DULERA,PRODUCT QUALITY ISSUE,559,559,559,20864371,81.4455,90.4899,999999.9999,STRONG_SIGNAL,HIGH,2026-05-24,2026-05-24 21:18:25.195280,0.0376,0.0,1
6345,RESTASIS,PRODUCT PACKAGING QUANTITY ISSUE,132,132,132,20864371,80.9432,81.684,999999.9999,STRONG_SIGNAL,HIGH,2026-05-24,2026-05-24 21:18:25.195280,0.0076,0.0,1
4884,RISPERIDONE,GALACTORRHOEA,142,142,142,20864371,80.7568,81.2237,999999.9999,STRONG_SIGNAL,HIGH,2026-05-24,2026-05-24 21:18:25.195280,0.3239,0.0352,12
6224,ALPHAGAN P,INTRAOCULAR PRESSURE INCREASED,40,40,40,20864371,80.5126,81.716,999999.9999,STRONG_SIGNAL,HIGH,2026-05-24,2026-05-24 21:18:25.195280,0.425,0.0,6
6399,DELORAZEPAM,DRUG ABUSE,126,126,126,20864371,80.5064,91.4548,999999.9999,STRONG_SIGNAL,HIGH,2026-05-24,2026-05-24 21:18:25.195280,1.0,0.0159,2
5210,OXYCODONE HCL CR TABLETS SIMILAR TO NDA 22-272,SPINA BIFIDA,13,13,13,20864371,80.4814,80.6917,999999.9999,STRONG_SIGNAL,HIGH,2026-05-24,2026-05-24 21:18:25.195280,1.0,0.0,1
267,OXYCODONE/ ACETAMINOPHEN TABLETS,DRUG DEPENDENCE,1579,1579,1579,20864371,80.4195,94.4813,999999.9999,STRONG_SIGNAL,HIGH,2026-05-24,2026-05-24 21:18:25.195280,1.0,0.4307,1
4912,POMALIDOMIDE,PLASMA CELL MYELOMA,169,169,169,20864371,80.3995,85.3129,999999.9999,STRONG_SIGNAL,HIGH,2026-05-24,2026-05-24 21:18:25.195280,0.9467,0.4556,31
6541,SYSTANE LUBRICANT,VISION BLURRED,94,94,94,20864371,80.3722,93.5078,999999.9999,STRONG_SIGNAL,HIGH,2026-05-24,2026-05-24 21:18:25.195280,0.0,0.0,1
6130,XIFAXAN,INSURANCE ISSUE,99,99,99,20864371,80.3044,81.3479,999999.9999,STRONG_SIGNAL,HIGH,2026-05-24,2026-05-24 21:18:25.195280,0.8081,0.1414,1
7528,MAKENA,PRE-ECLAMPSIA,100,100,100,20864371,80.2691,80.6583,999999.9999,STRONG_SIGNAL,HIGH,2026-05-24,2026-05-24 21:18:25.195280,1.0,0.0,1
2851,STELARA,INTESTINAL RESECTION,249,249,249,20864371,80.2541,80.6438,999999.9999,STRONG_SIGNAL,HIGH,2026-05-24,2026-05-24 21:18:25.195280,0.988,0.004,10
8267,OXYCONTIN,IMPRISONMENT,73,73,73,20864371,80.1945,80.4103,999999.9999,STRONG_SIGNAL,HIGH,2026-05-24,2026-05-24 21:18:25.195280,1.0,0.1233,1
5885,EUTHYROX,DIFFUSE ALOPECIA,45,45,45,20864371,80.1336,80.3875,999999.9999,STRONG_SIGNAL,HIGH,2026-05-24,2026-05-24 21:18:25.195280,1.0,0.0222,1
7277,LILETTA,PELVIC PAIN,49,49,49,20864371,80.1076,81.2241,999999.9999,STRONG_SIGNAL,HIGH,2026-05-24,2026-05-24 21:18:25.195280,0.2653,0.0,1
565,RANITIDINE,RENAL CANCER,964,964,964,20864371,80.025,82.1119,999999.9999,STRONG_SIGNAL,HIGH,2026-05-24,2026-05-24 21:18:25.195280,1.0,0.0488,1
6614,OMALIZUMAB,FORCED EXPIRATORY VOLUME DECREASED,56,56,56,20864371,79.9366,80.4991,999999.9999,STRONG_SIGNAL,HIGH,2026-05-24,2026-05-24 21:18:25.195280,1.0,0.0,3
7045,BETHKIS,ILL-DEFINED DISORDER,103,103,103,20864371,79.9009,84.8502,999999.9999,STRONG_SIGNAL,HIGH,2026-05-24,2026-05-24 21:18:25.195280,0.9515,0.0,2
2288,TIMOLOL MALEATE,TREATMENT FAILURE,201,201,201,20864371,79.8856,104.0563,999999.9999,STRONG_SIGNAL,HIGH,2026-05-24,2026-05-24 21:18:25.195280,0.01,0.0,2
3665,KYLEENA,PROCEDURAL PAIN,160,160,160,20864371,79.7628,81.937,999999.9999,STRONG_SIGNAL,HIGH,2026-05-24,2026-05-24 21:18:25.195280,0.3,0.0,11
9169,LAMIVUDINE,HEPATITIS B REACTIVATION,89,89,89,20864371,79.6608,80.2518,999999.9999,STRONG_SIGNAL,HIGH,2026-05-24,2026-05-24 21:18:25.195280,1.0,0.1236,15
4316,ZOLEDRONIC ACID,OSTEONECROSIS OF JAW,160,160,160,20864371,79.6597,82.2048,999999.9999,STRONG_SIGNAL,HIGH,2026-05-24,2026-05-24 21:18:25.195280,1.0,0.0313,29
3287,MYORISAN,MOOD ALTERED,243,243,243,20864371,79.6428,81.7228,999999.9999,STRONG_SIGNAL,HIGH,2026-05-24,2026-05-24 21:18:25.195280,0.9959,0.0,2
5007,CRIZOTINIB,NEOPLASM PROGRESSION,114,114,114,20864371,79.5364,84.4911,999999.9999,STRONG_SIGNAL,HIGH,2026-05-24,2026-05-24 21:18:25.195280,0.5702,0.2018,27
6928,ROTIGOTINE,PARKINSON^S DISEASE,63,63,63,20864371,79.5196,81.8322,999999.9999,STRONG_SIGNAL,HIGH,2026-05-24,2026-05-24 21:18:25.195280,1.0,0.5397,14
4463,NICODERM CQ,PRODUCT COMPLAINT,111,111,111,20864371,79.3845,81.2934,999999.9999,STRONG_SIGNAL,HIGH,2026-05-24,2026-05-24 21:18:25.195280,0.018,0.0,1
3685,PRALIA,OSTEOMYELITIS,38,38,38,20864371,79.3458,81.4248,999999.9999,STRONG_SIGNAL,HIGH,2026-05-24,2026-05-24 21:18:25.195280,1.0,0.0263,1
3798,FLUTICASONE PROPIONATE NASAL SPRAY USP,EPISTAXIS,123,123,123,20864371,78.9615,88.3812,999999.9999,STRONG_SIGNAL,HIGH,2026-05-24,2026-05-24 21:18:25.195280,0.4228,0.0,1
5471,OXTELLAR XR,NERVOUSNESS,153,153,153,20864371,78.6726,82.8395,999999.9999,STRONG_SIGNAL,HIGH,2026-05-24,2026-05-24 21:18:25.195280,0.8105,0.0,1
5013,MAGNEVIST,INJURY,158,158,158,20864371,78.6588,82.2497,999999.9999,STRONG_SIGNAL,HIGH,2026-05-24,2026-05-24 21:18:25.195280,1.0,0.0,2
1869,IDELVION,NO ADVERSE EVENT,53,53,53,20864371,78.5942,89.8306,999999.9999,STRONG_SIGNAL,HIGH,2026-05-24,2026-05-24 21:18:25.195280,0.0566,0.0,5
1503,ZANTAC,THYROID CANCER,379,379,379,20864371,78.5925,79.0958,999999.9999,STRONG_SIGNAL,HIGH,2026-05-24,2026-05-24 21:18:25.195280,1.0,0.0079,1
3315,VALGANCICLOVIR,PATHOGEN RESISTANCE,94,94,94,20864371,78.5802,80.1519,999999.9999,STRONG_SIGNAL,HIGH,2026-05-24,2026-05-24 21:18:25.195280,1.0,0.3085,6
8488,ABACAVIR,PATHOGEN RESISTANCE,53,53,53,20864371,78.3682,79.9435,999999.9999,STRONG_SIGNAL,HIGH,2026-05-24,2026-05-24 21:18:25.195280,1.0,0.0,10
9968,KRYSTEXXA,THERAPEUTIC RESPONSE DECREASED,67,67,67,20864371,78.2201,82.7466,999999.9999,STRONG_SIGNAL,HIGH,2026-05-24,2026-05-24 21:18:25.195280,0.2687,0.0,1
5116,MESALAZINE UNK,COLITIS ULCERATIVE,34,34,34,20864371,78.1108,80.7861,999999.9999,STRONG_SIGNAL,HIGH,2026-05-24,2026-05-24 21:18:25.195280,1.0,0.0,16
856,DABIGATRAN,ISCHAEMIC STROKE,614,614,614,20864371,78.0049,80.0982,999999.9999,STRONG_SIGNAL,HIGH,2026-05-24,2026-05-24 21:18:25.195280,1.0,0.0977,52
434,LANTUS SOLOSTAR,WRONG TECHNIQUE IN DEVICE USAGE PROCESS,851,851,851,20864371,77.9208,81.4022,999999.9999,STRONG_SIGNAL,HIGH,2026-05-24,2026-05-24 21:18:25.195280,0.0846,0.0,1
8328,GLEEVEC,RECURRENT CANCER,38,38,38,20864371,77.9092,78.2793,999999.9999,STRONG_SIGNAL,HIGH,2026-05-24,2026-05-24 21:18:25.195280,1.0,0.0526,3
9109,GABLOFEN,DEVICE ISSUE,46,46,46,20864371,77.5794,85.425,999999.9999,STRONG_SIGNAL,HIGH,2026-05-24,2026-05-24 21:18:25.195280,0.3043,0.0,1
4827,BRIDION,ANAPHYLACTIC REACTION,55,55,55,20864371,77.5549,82.5085,999999.9999,STRONG_SIGNAL,HIGH,2026-05-24,2026-05-24 21:18:25.195280,0.9818,0.0545,11
335,RANITIDINE,OESOPHAGEAL CARCINOMA,532,532,532,20864371,77.5345,78.6369,999999.9999,STRONG_SIGNAL,HIGH,2026-05-24,2026-05-24 21:18:25.195280,1.0,0.141,1
5119,THERALENE,EXTRAPYRAMIDAL DISORDER,25,25,25,20864371,77.3701,78.5487,999999.9999,STRONG_SIGNAL,HIGH,2026-05-24,2026-05-24 21:18:25.195280,1.0,0.2,1
7624,METGLUCO,PEMPHIGOID,24,24,24,20864371,77.2052,78.2379,999999.9999,STRONG_SIGNAL,HIGH,2026-05-24,2026-05-24 21:18:25.195280,0.9583,0.0,1
5693,ACETAMINOPHEN W/HYDROCODONE,COMPLETED SUICIDE,51,51,51,20864371,77.1255,83.3473,999999.9999,STRONG_SIGNAL,HIGH,2026-05-24,2026-05-24 21:18:25.195280,1.0,1.0,1
3564,MS CONTIN,DRUG WITHDRAWAL SYNDROME NEONATAL,160,160,160,20864371,77.0212,78.297,999999.9999,STRONG_SIGNAL,HIGH,2026-05-24,2026-05-24 21:18:25.195280,1.0,0.0063,1
3869,DUODOPA,AKINESIA,116,116,116,20864371,77.0013,77.3313,999999.9999,STRONG_SIGNAL,HIGH,2026-05-24,2026-05-24 21:18:25.195280,1.0,0.1121,11
1606,BENZOYLECGONINE,TOXICITY TO VARIOUS AGENTS,79,79,79,20864371,76.954,108.7019,999999.9999,STRONG_SIGNAL,HIGH,2026-05-24,2026-05-24 21:18:25.195280,1.0,0.9241,7
3399,LATUDA,TARDIVE DYSKINESIA,212,212,212,20864371,76.5623,77.4669,999999.9999,STRONG_SIGNAL,HIGH,2026-05-24,2026-05-24 21:18:25.195280,0.3585,0.0,3
5465,VORICONAZOLE,ASPERGILLUS INFECTION,45,45,45,20864371,76.4826,77.2921,999999.9999,STRONG_SIGNAL,HIGH,2026-05-24,2026-05-24 21:18:25.195280,1.0,0.4667,19
9685,XTANDI,PRODUCT SIZE ISSUE,86,86,86,20864371,76.4793,76.8287,999999.9999,STRONG_SIGNAL,HIGH,2026-05-24,2026-05-24 21:18:25.195280,0.3256,0.0349,4
6667,ZOLADEX,METASTASES TO BONE,73,73,73,20864371,76.2167,77.8646,999999.9999,STRONG_SIGNAL,HIGH,2026-05-24,2026-05-24 21:18:25.195280,1.0,0.0959,22
2484,ALVEDON,INTENTIONAL OVERDOSE,148,148,148,20864371,76.138,84.1383,999999.9999,STRONG_SIGNAL,HIGH,2026-05-24,2026-05-24 21:18:25.195280,1.0,0.0,1
8219,HARVONI,HEPATOCELLULAR CARCINOMA,100,100,100,20864371,76.1002,77.1547,999999.9999,STRONG_SIGNAL,HIGH,2026-05-24,2026-05-24 21:18:25.195280,1.0,0.09,18
2881,ALBUTEROL SULFATE INHALATION POWDER,PRODUCT STORAGE ERROR,162,162,162,20864371,75.8524,81.5109,999999.9999,STRONG_SIGNAL,HIGH,2026-05-24,2026-05-24 21:18:25.195280,0.0,0.0,1
8807,METOPROLOL STADA,MUSCULAR WEAKNESS,4,4,4,20864371,75.6271,86.6829,999999.9999,STRONG_SIGNAL,LOW,2026-05-24,2026-05-24 21:18:25.195280,1.0,0.0,1
4918,FULVESTRANT,METASTASES TO BONE,168,168,168,20864371,75.5558,77.1484,999999.9999,STRONG_SIGNAL,HIGH,2026-05-24,2026-05-24 21:18:25.195280,1.0,0.0298,23
4596,TRASTUZUMAB,CARDIOTOXICITY,94,94,94,20864371,75.509,76.3018,999999.9999,STRONG_SIGNAL,HIGH,2026-05-24,2026-05-24 21:18:25.195280,1.0,0.1064,19
6085,LAMIVUDINE,HISTOPLASMOSIS,25,25,25,20864371,75.439,75.5952,999999.9999,STRONG_SIGNAL,HIGH,2026-05-24,2026-05-24 21:18:25.195280,1.0,0.0,2
3843,OXYFAST,DRUG DEPENDENCE,197,197,197,20864371,75.3783,88.0865,999999.9999,STRONG_SIGNAL,HIGH,2026-05-24,2026-05-24 21:18:25.195280,1.0,0.3553,1
3096,ADRIAMYCIN,MADAROSIS,185,185,185,20864371,75.372,77.7628,999999.9999,STRONG_SIGNAL,HIGH,2026-05-24,2026-05-24 21:18:25.195280,0.0486,0.0,2
974,XIIDRA,EYE IRRITATION,530,530,530,20864371,75.3241,79.72,999999.9999,STRONG_SIGNAL,HIGH,2026-05-24,2026-05-24 21:18:25.195280,0.0679,0.0,3
6049,HEMLIBRA,HAEMORRHAGE,127,127,127,20864371,75.2823,83.1768,999999.9999,STRONG_SIGNAL,HIGH,2026-05-24,2026-05-24 21:18:25.195280,0.748,0.0079,17
1235,DURAGESIC,DRUG WITHDRAWAL SYNDROME NEONATAL,131,131,131,20864371,75.2689,76.4944,999999.9999,STRONG_SIGNAL,HIGH,2026-05-24,2026-05-24 21:18:25.195280,1.0,0.0,2
4101,HUMATE-P,DEVICE ISSUE,31,31,31,20864371,75.1865,82.534,999999.9999,STRONG_SIGNAL,HIGH,2026-05-24,2026-05-24 21:18:25.195280,0.0323,0.0,2
9909,WOMENS ROGAINE UNSCENTED,APPLICATION SITE PRURITUS,85,85,85,20864371,75.1478,76.2166,999999.9999,STRONG_SIGNAL,HIGH,2026-05-24,2026-05-24 21:18:25.195280,0.0118,0.0,1
3808,PACLITAXEL,PSEUDOCIRRHOSIS,16,16,16,20864371,75.1111,75.1541,999999.9999,STRONG_SIGNAL,HIGH,2026-05-24,2026-05-24 21:18:25.195280,1.0,0.0625,2
2952,DOCETAXEL,DEFORMITY,144,144,144,20864371,75.082,75.6751,999999.9999,STRONG_SIGNAL,HIGH,2026-05-24,2026-05-24 21:18:25.195280,0.0069,0.0,1
6112,TAMOXIFEN,BREAST CANCER METASTATIC,86,86,86,20864371,74.9842,75.7504,999999.9999,STRONG_SIGNAL,HIGH,2026-05-24,2026-05-24 21:18:25.195280,1.0,0.0116,17
1558,TRUVADA,ANHEDONIA,484,484,484,20864371,74.8206,77.0328,999999.9999,STRONG_SIGNAL,HIGH,2026-05-24,2026-05-24 21:18:25.195280,0.8988,0.0103,1
8273,DELFLEX,ABDOMINAL DISTENSION,83,83,83,20864371,74.7466,84.049,999999.9999,STRONG_SIGNAL,HIGH,2026-05-24,2026-05-24 21:18:25.195280,0.0482,0.0,1
9361,LERGIGAN PROMETHAZINE,MYDRIASIS,48,48,48,20864371,74.7089,75.7356,999999.9999,STRONG_SIGNAL,HIGH,2026-05-24,2026-05-24 21:18:25.195280,1.0,0.0,1
479,LIDOCAINE,PRODUCT QUALITY ISSUE,1245,1245,1245,20864371,74.6305,81.9296,999999.9999,STRONG_SIGNAL,HIGH,2026-05-24,2026-05-24 21:18:25.195280,0.0064,0.0008,2
9786,EXONDYS 51,PRODUCT DOSE OMISSION ISSUE,74,74,74,20864371,74.5821,81.7466,999999.9999,STRONG_SIGNAL,HIGH,2026-05-24,2026-05-24 21:18:25.195280,0.0541,0.0,1
3528,VALGANCICLOVIR,CYTOMEGALOVIRUS INFECTION,120,120,120,20864371,74.568,76.4813,999999.9999,STRONG_SIGNAL,HIGH,2026-05-24,2026-05-24 21:18:25.195280,1.0,0.1333,21
539,SALBUTAMOL SULPHATE,BLOOD COUNT ABNORMAL,166,166,166,20864371,74.4142,77.3917,999999.9999,STRONG_SIGNAL,HIGH,2026-05-24,2026-05-24 21:18:25.195280,1.0,0.012,1
8682,BLINATUMOMAB,NEUROTOXICITY,28,28,28,20864371,74.3682,76.246,999999.9999,STRONG_SIGNAL,HIGH,2026-05-24,2026-05-24 21:18:25.195280,1.0,0.25,6
4948,SIMPONI,DRUG DELIVERY SYSTEM MALFUNCTION,129,129,129,20864371,74.0352,74.2861,999999.9999,STRONG_SIGNAL,HIGH,2026-05-24,2026-05-24 21:18:25.195280,0.1395,0.0,10
9963,OZURDEX,PRODUCT ADMINISTERED AT INAPPROPRIATE SITE,25,25,25,20864371,73.9588,75.5903,999999.9999,STRONG_SIGNAL,HIGH,2026-05-24,2026-05-24 21:18:25.195280,0.36,0.0,9
3311,PHOSBLOCK,HOSPITALISATION,32,32,32,20864371,73.8606,87.6567,999999.9999,STRONG_SIGNAL,HIGH,2026-05-24,2026-05-24 21:18:25.195280,1.0,0.2188,1
2531,SUMATRIPTAN SUMATRIPTAN SUCCINATE SOLUTION FOR,PRODUCT QUALITY ISSUE,58,58,58,20864371,73.8536,81.3589,999999.9999,STRONG_SIGNAL,HIGH,2026-05-24,2026-05-24 21:18:25.195280,0.0172,0.0,1
1508,PREVACID,DIALYSIS,501,501,501,20864371,73.794,74.6473,999999.9999,STRONG_SIGNAL,HIGH,2026-05-24,2026-05-24 21:18:25.195280,1.0,0.2774,1
6069,IMFINZI,METASTASES TO CENTRAL NERVOUS SYSTEM,59,59,59,20864371,73.7495,74.8696,999999.9999,STRONG_SIGNAL,HIGH,2026-05-24,2026-05-24 21:18:25.195280,1.0,0.1695,15
9898,BASILIXIMAB,POST TRANSPLANT LYMPHOPROLIFERATIVE DISORDER,29,29,29,20864371,73.7261,74.3151,999999.9999,STRONG_SIGNAL,HIGH,2026-05-24,2026-05-24 21:18:25.195280,1.0,0.3103,10
4642,DASABUVIR,RENAL IMPAIRMENT,118,118,118,20864371,73.7221,84.4218,999999.9999,STRONG_SIGNAL,HIGH,2026-05-24,2026-05-24 21:18:25.195280,1.0,0.0085,4
1631,BENICAR HCT,IRRITABLE BOWEL SYNDROME,90,90,90,20864371,73.577,75.1227,999999.9999,STRONG_SIGNAL,HIGH,2026-05-24,2026-05-24 21:18:25.195280,0.9111,0.0,1
7645,LANSOX,SOPOR,29,29,29,20864371,73.4023,75.8438,999999.9999,STRONG_SIGNAL,HIGH,2026-05-24,2026-05-24 21:18:25.195280,1.0,0.0,1
4811,GADOLINIUM UNSPECIFIED,INFLAMMATION,72,72,72,20864371,73.1668,77.8186,999999.9999,STRONG_SIGNAL,HIGH,2026-05-24,2026-05-24 21:18:25.195280,1.0,0.0,1
4490,STRENSIQ,BLOOD ALKALINE PHOSPHATASE INCREASED,147,147,147,20864371,73.1315,75.1769,999999.9999,STRONG_SIGNAL,HIGH,2026-05-24,2026-05-24 21:18:25.195280,0.2041,0.0068,8
1282,NEXIUM 24HR,REBOUND EFFECT,549,549,549,20864371,73.0827,74.8732,999999.9999,STRONG_SIGNAL,HIGH,2026-05-24,2026-05-24 21:18:25.195280,0.7395,0.0255,1
5375,REPATHA,BLOOD CHOLESTEROL DECREASED,139,139,139,20864371,73.0358,73.1458,999999.9999,STRONG_SIGNAL,HIGH,2026-05-24,2026-05-24 21:18:25.195280,0.1295,0.0,3
7255,NUCYNTA ER,DRUG WITHDRAWAL SYNDROME,29,29,29,20864371,73.0356,75.3881,999999.9999,STRONG_SIGNAL,HIGH,2026-05-24,2026-05-24 21:18:25.195280,0.4138,0.0,1
2679,LAMIRA NEBULIZER SYSTEM,DYSPHONIA,228,228,228,20864371,73.0205,77.7842,999999.9999,STRONG_SIGNAL,HIGH,2026-05-24,2026-05-24 21:18:25.195280,0.1404,0.0219,1
6032,LISINOPRIL LISINOPRIL,SWOLLEN TONGUE,25,25,25,20864371,72.9832,75.4551,999999.9999,STRONG_SIGNAL,HIGH,2026-05-24,2026-05-24 21:18:25.195280,0.92,0.0,1
8359,LANTUS SOLOSTAR,MULTIPLE USE OF SINGLE-USE PRODUCT,68,68,68,20864371,72.8482,73.0976,999999.9999,STRONG_SIGNAL,HIGH,2026-05-24,2026-05-24 21:18:25.195280,0.1324,0.0,2
8155,ASPARAGINASE,RHINOVIRUS INFECTION,10,10,10,20864371,72.8019,73.2407,999999.9999,STRONG_SIGNAL,HIGH,2026-05-24,2026-05-24 21:18:25.195280,1.0,1.0,1
47,MIRENA,ABDOMINAL PAIN LOWER,1017,1017,1017,20864371,72.7188,74.4449,999999.9999,STRONG_SIGNAL,HIGH,2026-05-24,2026-05-24 21:18:25.195280,0.6077,0.0,24
7811,MIRENA,PENILE PAIN,92,92,92,20864371,72.6854,72.8381,999999.9999,STRONG_SIGNAL,HIGH,2026-05-24,2026-05-24 21:18:25.195280,0.0109,0.0,2
3594,AVONEX PEN,MULTIPLE SCLEROSIS RELAPSE,185,185,185,20864371,72.5912,77.3519,999999.9999,STRONG_SIGNAL,HIGH,2026-05-24,2026-05-24 21:18:25.195280,0.8811,0.0,15
7015,VENETOCLAX,TUMOUR LYSIS SYNDROME,76,76,76,20864371,72.5658,73.3919,999999.9999,STRONG_SIGNAL,HIGH,2026-05-24,2026-05-24 21:18:25.195280,1.0,0.2105,20
476,PERCODAN,TOXICITY TO VARIOUS AGENTS,1081,1081,1081,20864371,72.5038,99.5303,999999.9999,STRONG_SIGNAL,HIGH,2026-05-24,2026-05-24 21:18:25.195280,1.0,0.9278,1
4673,ARIPIPRAZOLE,GAMBLING DISORDER,165,165,165,20864371,72.2154,72.8694,999999.9999,STRONG_SIGNAL,HIGH,2026-05-24,2026-05-24 21:18:25.195280,0.8545,0.0,8
9313,NOVOTHYROX,MENTAL FATIGUE,53,53,53,20864371,72.17,72.2752,999999.9999,STRONG_SIGNAL,HIGH,2026-05-24,2026-05-24 21:18:25.195280,1.0,0.0,1
1885,HYDROMORPHONE TABLETS,DRUG DEPENDENCE,379,379,379,20864371,72.0845,83.5536,999999.9999,STRONG_SIGNAL,HIGH,2026-05-24,2026-05-24 21:18:25.195280,1.0,0.3852,1
6733,IMPLANON,COMPLICATION OF DEVICE INSERTION,63,63,63,20864371,72.0158,73.4764,999999.9999,STRONG_SIGNAL,HIGH,2026-05-24,2026-05-24 21:18:25.195280,0.1587,0.0,6
6892,OSPHENA,HOT FLUSH,75,75,75,20864371,71.8683,77.1517,999999.9999,STRONG_SIGNAL,HIGH,2026-05-24,2026-05-24 21:18:25.195280,0.0133,0.0,1
1417,CLARITIN,EXTRA DOSE ADMINISTERED,439,439,439,20864371,71.8671,73.6935,999999.9999,STRONG_SIGNAL,HIGH,2026-05-24,2026-05-24 21:18:25.195280,0.0046,0.0,1
7791,BENICAR HCT,COELIAC DISEASE,45,45,45,20864371,71.7801,72.5258,999999.9999,STRONG_SIGNAL,HIGH,2026-05-24,2026-05-24 21:18:25.195280,0.8889,0.0,1
6569,IMBRUVICA,MEDICAL PROCEDURE,53,53,53,20864371,71.7634,71.8486,999999.9999,STRONG_SIGNAL,HIGH,2026-05-24,2026-05-24 21:18:25.195280,1.0,0.0,2
6522,ALEMTUZUMAB,RED BLOOD CELLS URINE POSITIVE,41,41,41,20864371,71.7098,71.9276,999999.9999,STRONG_SIGNAL,HIGH,2026-05-24,2026-05-24 21:18:25.195280,1.0,0.0244,4
771,OXYMORPHONE HCL,TOXICITY TO VARIOUS AGENTS,717,717,717,20864371,71.6809,98.1448,999999.9999,STRONG_SIGNAL,HIGH,2026-05-24,2026-05-24 21:18:25.195280,1.0,0.993,1
7797,INVOKANA,ABSCESS LIMB,93,93,93,20864371,71.4796,71.8511,999999.9999,STRONG_SIGNAL,HIGH,2026-05-24,2026-05-24 21:18:25.195280,1.0,0.0,1
3986,ARTHROTEC,ANTI-CYCLIC CITRULLINATED PEPTIDE ANTIBODY POSITIVE,19,19,19,20864371,71.3515,71.9991,999999.9999,STRONG_SIGNAL,HIGH,2026-05-24,2026-05-24 21:18:25.195280,1.0,0.0,1
3093,PROCYCLIDINE,NEUROLEPTIC MALIGNANT SYNDROME,13,13,13,20864371,71.3031,72.4069,999999.9999,STRONG_SIGNAL,HIGH,2026-05-24,2026-05-24 21:18:25.195280,1.0,0.0,1
7538,AIMOVIG,INCORRECT DISPOSAL OF PRODUCT,98,98,98,20864371,71.2191,71.3573,999999.9999,STRONG_SIGNAL,HIGH,2026-05-24,2026-05-24 21:18:25.195280,0.0306,0.0,1
7938,AMIODARONE HYDROCHLORIDE,PULMONARY FIBROSIS,99,99,99,20864371,71.1939,72.6634,999999.9999,STRONG_SIGNAL,HIGH,2026-05-24,2026-05-24 21:18:25.195280,1.0,0.2424,3
213,TAXOTERE,MADAROSIS,776,776,776,20864371,71.11,73.085,999999.9999,STRONG_SIGNAL,HIGH,2026-05-24,2026-05-24 21:18:25.195280,0.0348,0.0026,2
92,NEOSAR,ALOPECIA,2490,2490,2490,20864371,71.055,102.9157,999999.9999,STRONG_SIGNAL,HIGH,2026-05-24,2026-05-24 21:18:25.195280,0.7783,0.0008,2
4107,MIRENA,PELVIC DISCOMFORT,27,27,27,20864371,70.9887,71.0324,999999.9999,STRONG_SIGNAL,HIGH,2026-05-24,2026-05-24 21:18:25.195280,0.5185,0.0,5
4393,METHYLDOPA,FOETAL EXPOSURE DURING PREGNANCY,191,191,191,20864371,70.9294,78.5748,999999.9999,STRONG_SIGNAL,HIGH,2026-05-24,2026-05-24 21:18:25.195280,1.0,0.0419,27
1867,TRUVADA,ECONOMIC PROBLEM,337,337,337,20864371,70.9225,72.3683,999999.9999,STRONG_SIGNAL,HIGH,2026-05-24,2026-05-24 21:18:25.195280,0.8783,0.0119,1
1266,ATROPINE,HYPERTHERMIA MALIGNANT,4,4,4,20864371,70.9168,71.0292,999999.9999,STRONG_SIGNAL,LOW,2026-05-24,2026-05-24 21:18:25.195280,1.0,0.5,4
9794,PARSABIV,HYPOCALCAEMIA,60,60,60,20864371,70.8007,72.6889,999999.9999,STRONG_SIGNAL,HIGH,2026-05-24,2026-05-24 21:18:25.195280,0.3,0.0167,6
595,OXYIR,DRUG DEPENDENCE,312,312,312,20864371,70.7296,81.7563,999999.9999,STRONG_SIGNAL,HIGH,2026-05-24,2026-05-24 21:18:25.195280,1.0,0.3109,1
1761,ASPIRIN CARDIO,GASTROINTESTINAL HAEMORRHAGE,321,321,321,20864371,70.6615,78.6965,999999.9999,STRONG_SIGNAL,HIGH,2026-05-24,2026-05-24 21:18:25.195280,1.0,0.3302,3
9814,DALFAMPRIDINE ER,PRODUCT SUBSTITUTION ISSUE,59,59,59,20864371,70.5809,76.136,999999.9999,STRONG_SIGNAL,HIGH,2026-05-24,2026-05-24 21:18:25.195280,0.0508,0.0,1
3334,BUTRANS,DRUG WITHDRAWAL SYNDROME NEONATAL,94,94,94,20864371,70.552,71.6355,999999.9999,STRONG_SIGNAL,HIGH,2026-05-24,2026-05-24 21:18:25.195280,1.0,0.0106,1
656,OXYCODONE HYDROCHLORIDE SIMILAR TO NDA 22-272,DRUG DEPENDENCE,939,939,939,20864371,70.3884,81.1066,999999.9999,STRONG_SIGNAL,HIGH,2026-05-24,2026-05-24 21:18:25.195280,1.0,0.2279,2
8038,IPILIMUMAB,VITILIGO,25,25,25,20864371,70.2895,70.4578,999999.9999,STRONG_SIGNAL,HIGH,2026-05-24,2026-05-24 21:18:25.195280,0.88,0.04,8
1337,TYLENOL 8 HR ARTHRITIS PAIN,INCORRECT DOSE ADMINISTERED,331,331,331,20864371,70.0616,81.4401,999999.9999,STRONG_SIGNAL,HIGH,2026-05-24,2026-05-24 21:18:25.195280,0.0091,0.0,1
7166,ATORVASTATIN,IMMUNE-MEDIATED NECROTISING MYOPATHY,70,70,70,20864371,69.9473,69.9875,999999.9999,STRONG_SIGNAL,HIGH,2026-05-24,2026-05-24 21:18:25.195280,1.0,0.0,18
4710,CORTISONE ACETATE,HAND DEFORMITY,67,67,67,20864371,69.8152,71.086,999999.9999,STRONG_SIGNAL,HIGH,2026-05-24,2026-05-24 21:18:25.195280,1.0,0.0,1
9353,KUVAN,PSYCHOMOTOR HYPERACTIVITY,42,42,42,20864371,69.7022,70.8365,999999.9999,STRONG_SIGNAL,HIGH,2026-05-24,2026-05-24 21:18:25.195280,0.0476,0.0,1
6797,RITALINA,DISTURBANCE IN ATTENTION,28,28,28,20864371,69.677,73.7424,999999.9999,STRONG_SIGNAL,HIGH,2026-05-24,2026-05-24 21:18:25.195280,0.9643,0.0,1
5012,EPINEPHRINE,HEREDITARY ANGIOEDEMA,75,75,75,20864371,69.6061,70.4455,999999.9999,STRONG_SIGNAL,HIGH,2026-05-24,2026-05-24 21:18:25.195280,0.44,0.0,1
942,BREO ELLIPTA,WRONG TECHNIQUE IN DEVICE USAGE PROCESS,685,685,685,20864371,69.5925,72.3927,999999.9999,STRONG_SIGNAL,HIGH,2026-05-24,2026-05-24 21:18:25.195280,0.0277,0.0,1
9646,TENOFOVIR DISOPROXIL FUMARATE,GENOTYPE DRUG RESISTANCE TEST POSITIVE,14,14,14,20864371,69.3525,69.5423,999999.9999,STRONG_SIGNAL,HIGH,2026-05-24,2026-05-24 21:18:25.195280,1.0,0.0,4
877,BYDUREON BCISE,WRONG TECHNIQUE IN DEVICE USAGE PROCESS,766,766,766,20864371,69.0712,71.8089,999999.9999,STRONG_SIGNAL,HIGH,2026-05-24,2026-05-24 21:18:25.195280,0.0548,0.0,1
239,PRILOSEC,REBOUND EFFECT,1010,1010,1010,20864371,68.9156,70.3976,999999.9999,STRONG_SIGNAL,HIGH,2026-05-24,2026-05-24 21:18:25.195280,0.6713,0.0139,1
3670,PRALUENT,DRUG DOSE OMISSION BY DEVICE,154,154,154,20864371,68.6688,69.2203,999999.9999,STRONG_SIGNAL,HIGH,2026-05-24,2026-05-24 21:18:25.195280,0.026,0.0065,1
223,TECFIDERA,GASTRIC DISORDER,2437,2437,2437,20864371,68.4718,71.144,999999.9999,STRONG_SIGNAL,HIGH,2026-05-24,2026-05-24 21:18:25.195280,0.0246,0.0,9
2454,KYPROLIS,PLASMA CELL MYELOMA,244,244,244,20864371,68.38,71.8758,999999.9999,STRONG_SIGNAL,HIGH,2026-05-24,2026-05-24 21:18:25.195280,0.9713,0.2213,16
5174,SOLOSTAR,BLOOD GLUCOSE ABNORMAL,157,157,157,20864371,68.3444,69.7436,999999.9999,STRONG_SIGNAL,HIGH,2026-05-24,2026-05-24 21:18:25.195280,0.1019,0.0064,2
4962,ARISTADA,"HALLUCINATION, AUDITORY",69,69,69,20864371,68.3421,69.3953,999999.9999,STRONG_SIGNAL,HIGH,2026-05-24,2026-05-24 21:18:25.195280,0.1449,0.0,1
2358,XGEVA,ABSCESS JAW,13,13,13,20864371,68.2017,68.2644,999999.9999,STRONG_SIGNAL,HIGH,2026-05-24,2026-05-24 21:18:25.195280,1.0,0.0,3
1833,DHC PLUS,DRUG DEPENDENCE,54,54,54,20864371,68.1291,78.3691,999999.9999,STRONG_SIGNAL,HIGH,2026-05-24,2026-05-24 21:18:25.195280,1.0,0.3148,1
4861,XYREM,PRE-EXISTING CONDITION IMPROVED,152,152,152,20864371,67.8943,68.6203,999999.9999,STRONG_SIGNAL,HIGH,2026-05-24,2026-05-24 21:18:25.195280,0.6447,0.0,1
5194,RANITIDINE HYDROCHLORIDE,COLORECTAL CANCER,140,140,140,20864371,67.874,69.6683,999999.9999,STRONG_SIGNAL,HIGH,2026-05-24,2026-05-24 21:18:25.195280,1.0,0.1,2
3477,ZANTAC,PANCREATIC CARCINOMA STAGE IV,18,18,18,20864371,67.7432,67.7636,999999.9999,STRONG_SIGNAL,HIGH,2026-05-24,2026-05-24 21:18:25.195280,1.0,0.2778,1
4965,OXTELLAR XR,DISORIENTATION,121,121,121,20864371,67.6662,70.4632,999999.9999,STRONG_SIGNAL,HIGH,2026-05-24,2026-05-24 21:18:25.195280,0.8182,0.0,1
2517,SALBUTAMOL SULPHATE,OBSTRUCTIVE AIRWAYS DISORDER,78,78,78,20864371,67.6648,68.9085,999999.9999,STRONG_SIGNAL,HIGH,2026-05-24,2026-05-24 21:18:25.195280,1.0,0.0,1
5807,NEOSPORIN,DRUG HYPERSENSITIVITY,99,99,99,20864371,67.4875,91.9569,999999.9999,STRONG_SIGNAL,HIGH,2026-05-24,2026-05-24 21:18:25.195280,0.0303,0.0,1
391,PREVACID,REBOUND EFFECT,915,915,915,20864371,67.3044,68.7378,999999.9999,STRONG_SIGNAL,HIGH,2026-05-24,2026-05-24 21:18:25.195280,0.8175,0.0197,2
7220,ADRENACLICK,DEVICE ISSUE,34,34,34,20864371,67.2285,73.032,999999.9999,STRONG_SIGNAL,HIGH,2026-05-24,2026-05-24 21:18:25.195280,0.6176,0.0,1
1319,CLINDAMYCIN HCL,DRUG HYPERSENSITIVITY,548,548,548,20864371,67.1237,91.1051,999999.9999,STRONG_SIGNAL,HIGH,2026-05-24,2026-05-24 21:18:25.195280,0.0255,0.0018,2
2869,ARIKAYCE,DYSPHONIA,264,264,264,20864371,67.0701,71.0542,999999.9999,STRONG_SIGNAL,HIGH,2026-05-24,2026-05-24 21:18:25.195280,0.2386,0.0455,2
8619,SUBUTEX,VASCULAR PSEUDOANEURYSM,5,5,5,20864371,67.0632,67.1927,999999.9999,STRONG_SIGNAL,MEDIUM,2026-05-24,2026-05-24 21:18:25.195280,1.0,0.0,1
7597,OPDIVO,HYPOPHYSITIS,51,51,51,20864371,66.814,67.0076,999999.9999,STRONG_SIGNAL,HIGH,2026-05-24,2026-05-24 21:18:25.195280,0.9216,0.098,11
3301,FULVESTRANT,METASTASES TO LIVER,182,182,182,20864371,66.7607,68.2852,999999.9999,STRONG_SIGNAL,HIGH,2026-05-24,2026-05-24 21:18:25.195280,1.0,0.1264,30
5839,SPIRIVA RESPIMAT,SLEEP DISORDER DUE TO A GENERAL MEDICAL CONDITION,51,51,51,20864371,66.7089,67.2992,999999.9999,STRONG_SIGNAL,HIGH,2026-05-24,2026-05-24 21:18:25.195280,1.0,0.0,1
671,RANITIDINE,BLADDER CANCER,828,828,828,20864371,66.703,68.1878,999999.9999,STRONG_SIGNAL,HIGH,2026-05-24,2026-05-24 21:18:25.195280,1.0,0.0471,4
1716,LAMIVUDINE,DRUG RESISTANCE,446,446,446,20864371,66.6527,69.2013,999999.9999,STRONG_SIGNAL,HIGH,2026-05-24,2026-05-24 21:18:25.195280,0.9888,0.0067,36
4557,GILOTRIF,DERMATITIS ACNEIFORM,30,30,30,20864371,66.6091,67.0245,999999.9999,STRONG_SIGNAL,HIGH,2026-05-24,2026-05-24 21:18:25.195280,0.9333,0.2,14
5985,NACL,BLOOD CREATININE DECREASED,7,7,7,20864371,66.5721,66.8906,999999.9999,STRONG_SIGNAL,MEDIUM,2026-05-24,2026-05-24 21:18:25.195280,1.0,0.0,3
1479,HYDROCODONE BITARTRATE AND ACETAMINOPHEN,DEVELOPMENTAL DELAY,83,83,83,20864371,66.5201,66.9777,999999.9999,STRONG_SIGNAL,HIGH,2026-05-24,2026-05-24 21:18:25.195280,1.0,0.0723,1
3749,RYTARY,THERAPEUTIC RESPONSE SHORTENED,160,160,160,20864371,66.5023,67.9527,999999.9999,STRONG_SIGNAL,HIGH,2026-05-24,2026-05-24 21:18:25.195280,0.1313,0.025,1
6076,BETHKIS,INCORRECT ROUTE OF PRODUCT ADMINISTRATION,38,38,38,20864371,66.4398,67.8965,999999.9999,STRONG_SIGNAL,HIGH,2026-05-24,2026-05-24 21:18:25.195280,0.4211,0.0,1
997,REMODULIN,VASCULAR DEVICE INFECTION,58,58,58,20864371,66.4391,66.7332,999999.9999,STRONG_SIGNAL,HIGH,2026-05-24,2026-05-24 21:18:25.195280,0.9828,0.0517,2
2777,RANITIDINE HYDROCHLORIDE,NEOPLASM MALIGNANT,258,258,258,20864371,66.3634,69.67,999999.9999,STRONG_SIGNAL,HIGH,2026-05-24,2026-05-24 21:18:25.195280,1.0,0.0853,2
958,GILOTRIF,MALIGNANT NEOPLASM PROGRESSION,580,580,580,20864371,66.0725,75.0823,999999.9999,STRONG_SIGNAL,HIGH,2026-05-24,2026-05-24 21:18:25.195280,1.0,0.1621,42
8151,TRELEGY ELLIPTA,PRODUCT COMPLAINT,77,77,77,20864371,65.9786,67.2956,999999.9999,STRONG_SIGNAL,HIGH,2026-05-24,2026-05-24 21:18:25.195280,0.0519,0.0,3
9208,CABOZANTINIB,CELL DEATH,4,4,4,20864371,65.8902,66.1038,999999.9999,STRONG_SIGNAL,LOW,2026-05-24,2026-05-24 21:18:25.195280,0.75,0.25,1
3840,GLATOPA,INJECTION SITE URTICARIA,55,55,55,20864371,65.876,66.7803,999999.9999,STRONG_SIGNAL,HIGH,2026-05-24,2026-05-24 21:18:25.195280,0.0545,0.0,1
93,KADIAN,TOXICITY TO VARIOUS AGENTS,1049,1049,1049,20864371,65.8345,87.3503,999999.9999,STRONG_SIGNAL,HIGH,2026-05-24,2026-05-24 21:18:25.195280,1.0,0.9571,1
5954,VIVITROL,INADEQUATE ANALGESIA,84,84,84,20864371,65.7725,65.955,999999.9999,STRONG_SIGNAL,HIGH,2026-05-24,2026-05-24 21:18:25.195280,0.3452,0.0,1
5399,TAMOXIFEN,METASTASES TO BONE,153,153,153,20864371,65.71,66.912,999999.9999,STRONG_SIGNAL,HIGH,2026-05-24,2026-05-24 21:18:25.195280,1.0,0.0327,27
575,FENTORA,TOXICITY TO VARIOUS AGENTS,1086,1086,1086,20864371,65.6463,87.005,999999.9999,STRONG_SIGNAL,HIGH,2026-05-24,2026-05-24 21:18:25.195280,1.0,0.9282,1
6577,ELLENCE,ALOPECIA,61,61,61,20864371,65.5932,92.7669,999999.9999,STRONG_SIGNAL,HIGH,2026-05-24,2026-05-24 21:18:25.195280,0.7377,0.0,1
1082,MIRENA,COMPLICATION OF DEVICE REMOVAL,458,458,458,20864371,65.5652,66.2559,999999.9999,STRONG_SIGNAL,HIGH,2026-05-24,2026-05-24 21:18:25.195280,0.8362,0.0022,22
5032,ALBUTEROL /00139501/,INFECTIVE PULMONARY EXACERBATION OF CYSTIC FIBROSIS,75,75,75,20864371,65.3029,66.7604,999999.9999,STRONG_SIGNAL,HIGH,2026-05-24,2026-05-24 21:18:25.195280,0.9067,0.0133,1
8868,ONPATTRO,INFUSION SITE EXTRAVASATION,12,12,12,20864371,65.2573,65.7056,999999.9999,STRONG_SIGNAL,HIGH,2026-05-24,2026-05-24 21:18:25.195280,0.5833,0.0,2
396,ACTIQ,TOXICITY TO VARIOUS AGENTS,1088,1088,1088,20864371,65.2466,86.3009,999999.9999,STRONG_SIGNAL,HIGH,2026-05-24,2026-05-24 21:18:25.195280,1.0,0.9274,3
1800,VELTASSA,RENAL TRANSPLANT,12,12,12,20864371,65.1373,65.3008,999999.9999,STRONG_SIGNAL,HIGH,2026-05-24,2026-05-24 21:18:25.195280,1.0,0.0833,1
1224,BYDUREON,INJECTION SITE MASS,562,562,562,20864371,65.0758,67.3381,999999.9999,STRONG_SIGNAL,HIGH,2026-05-24,2026-05-24 21:18:25.195280,0.0783,0.0,3
7990,YESCARTA,DIFFUSE LARGE B-CELL LYMPHOMA,37,37,37,20864371,65.004,65.5303,999999.9999,STRONG_SIGNAL,HIGH,2026-05-24,2026-05-24 21:18:25.195280,1.0,0.5135,6
8223,ARIPIPRAZOLE,ELECTROCARDIOGRAM QRS COMPLEX SHORTENED,7,7,7,20864371,64.9056,64.9303,999999.9999,STRONG_SIGNAL,MEDIUM,2026-05-24,2026-05-24 21:18:25.195280,1.0,0.0,1
3939,CARBOLITHIUM,DRUG ABUSE,64,64,64,20864371,64.8634,71.7792,999999.9999,STRONG_SIGNAL,HIGH,2026-05-24,2026-05-24 21:18:25.195280,1.0,0.0,1
6131,INOMAX,PRODUCT USE ISSUE,65,65,65,20864371,64.8075,77.8499,999999.9999,STRONG_SIGNAL,HIGH,2026-05-24,2026-05-24 21:18:25.195280,0.9385,0.7846,6
7564,PALBOCICLIB,METASTASES TO BONE,105,105,105,20864371,64.8045,65.9827,999999.9999,STRONG_SIGNAL,HIGH,2026-05-24,2026-05-24 21:18:25.195280,1.0,0.0952,19
9397,GEMTUZUMAB OZOGAMICIN,FEBRILE NEUTROPENIA,40,40,40,20864371,64.5544,70.6361,999999.9999,STRONG_SIGNAL,HIGH,2026-05-24,2026-05-24 21:18:25.195280,1.0,0.025,8
2656,XOLAIR,INTERCEPTED PRODUCT STORAGE ERROR,72,72,72,20864371,64.5459,64.6973,999999.9999,STRONG_SIGNAL,HIGH,2026-05-24,2026-05-24 21:18:25.195280,0.0,0.0,1
1338,TACROLIMUS,TRANSPLANT REJECTION,382,382,382,20864371,64.4087,65.0258,999999.9999,STRONG_SIGNAL,HIGH,2026-05-24,2026-05-24 21:18:25.195280,0.9974,0.1073,36
3868,LENVIMA,HEPATIC ENCEPHALOPATHY,172,172,172,20864371,64.3239,64.9697,999999.9999,STRONG_SIGNAL,HIGH,2026-05-24,2026-05-24 21:18:25.195280,0.9651,0.1221,9
5093,ENTYVIO,COLITIS ULCERATIVE,115,115,115,20864371,64.1587,65.9311,999999.9999,STRONG_SIGNAL,HIGH,2026-05-24,2026-05-24 21:18:25.195280,0.8174,0.0348,10
2362,OXYCODONE HCL TABLETS RHODES 91 490,DRUG DEPENDENCE,263,263,263,20864371,64.1539,73.0934,999999.9999,STRONG_SIGNAL,HIGH,2026-05-24,2026-05-24 21:18:25.195280,1.0,0.2433,1
9509,CERTOLIZUMAB PEGOL,MATERNAL EXPOSURE BEFORE PREGNANCY,48,48,48,20864371,64.0921,64.3843,999999.9999,STRONG_SIGNAL,HIGH,2026-05-24,2026-05-24 21:18:25.195280,0.9792,0.0,11
430,PARAPLATIN,ALOPECIA,1151,1151,1151,20864371,64.0739,89.3342,999999.9999,STRONG_SIGNAL,HIGH,2026-05-24,2026-05-24 21:18:25.195280,0.715,0.0026,1
5521,OXYCODONE HCL TABLETS 91-490,DRUG DEPENDENCE,56,56,56,20864371,63.7777,72.6554,999999.9999,STRONG_SIGNAL,HIGH,2026-05-24,2026-05-24 21:18:25.195280,1.0,0.2321,1
6682,TYLENOL EXTRA STRENGTH,DRUG ADMINISTRATION ERROR,56,56,56,20864371,63.6659,64.2271,999999.9999,STRONG_SIGNAL,HIGH,2026-05-24,2026-05-24 21:18:25.195280,0.0714,0.0357,1
1673,PLEGRIDY,DEVICE MALFUNCTION,379,379,379,20864371,63.5447,66.455,999999.9999,STRONG_SIGNAL,HIGH,2026-05-24,2026-05-24 21:18:25.195280,0.0158,0.0,4
2859,XOFLUZA,INTENTIONAL PRODUCT USE ISSUE,261,261,261,20864371,63.5211,70.9081,999999.9999,STRONG_SIGNAL,HIGH,2026-05-24,2026-05-24 21:18:25.195280,0.0038,0.0,2
9342,DIDANOSINE,FOETAL EXPOSURE DURING PREGNANCY,88,88,88,20864371,63.4925,69.5624,999999.9999,STRONG_SIGNAL,HIGH,2026-05-24,2026-05-24 21:18:25.195280,0.9886,0.2614,3
8397,DORZOLAMIDE HYDROCHLORIDE,TREATMENT FAILURE,90,90,90,20864371,63.3534,77.6328,999999.9999,STRONG_SIGNAL,HIGH,2026-05-24,2026-05-24 21:18:25.195280,0.0444,0.0,2
188,XYREM,SOMNAMBULISM,79,79,79,20864371,63.298,63.6476,999999.9999,STRONG_SIGNAL,HIGH,2026-05-24,2026-05-24 21:18:25.195280,0.5316,0.0,3
8819,MINOCYCLINE,AUTOIMMUNE HEPATITIS,37,37,37,20864371,63.2671,63.7392,999999.9999,STRONG_SIGNAL,HIGH,2026-05-24,2026-05-24 21:18:25.195280,1.0,0.0541,2
8078,WARFARIN WARFARIN NA EXELAN,HAEMORRHAGE,62,62,62,20864371,63.1108,68.5653,999999.9999,STRONG_SIGNAL,HIGH,2026-05-24,2026-05-24 21:18:25.195280,0.7581,0.0161,1
991,ALENDRONATE SODIUM,ATYPICAL FEMUR FRACTURE,30,30,30,20864371,63.0388,63.3115,999999.9999,STRONG_SIGNAL,HIGH,2026-05-24,2026-05-24 21:18:25.195280,1.0,0.0,11
458,HYSINGLA ER,TOXICITY TO VARIOUS AGENTS,1090,1090,1090,20864371,62.9953,82.3911,999999.9999,STRONG_SIGNAL,HIGH,2026-05-24,2026-05-24 21:18:25.195280,1.0,0.9275,1
2097,VYVANSE,PRODUCT PHYSICAL ISSUE,60,60,60,20864371,62.9933,63.9983,999999.9999,STRONG_SIGNAL,HIGH,2026-05-24,2026-05-24 21:18:25.195280,0.0833,0.0,2
5777,LUMIGAN,INTRAOCULAR PRESSURE INCREASED,72,72,72,20864371,62.6412,63.3586,999999.9999,STRONG_SIGNAL,HIGH,2026-05-24,2026-05-24 21:18:25.195280,0.3889,0.0,8
7502,NORDIAZEPAM,TOXICITY TO VARIOUS AGENTS,111,111,111,20864371,62.3417,81.576,999999.9999,STRONG_SIGNAL,HIGH,2026-05-24,2026-05-24 21:18:25.195280,1.0,0.964,10
7745,TAZOCILLINE,RASH MACULO-PAPULAR,47,47,47,20864371,62.2911,64.1028,999999.9999,STRONG_SIGNAL,HIGH,2026-05-24,2026-05-24 21:18:25.195280,1.0,0.0213,1
4193,ENDOXAN,BONE MARROW FAILURE,198,198,198,20864371,62.2882,64.6322,999999.9999,STRONG_SIGNAL,HIGH,2026-05-24,2026-05-24 21:18:25.195280,1.0,0.0455,6
3221,REMICADE,INTESTINAL RESECTION,232,232,232,20864371,62.2795,62.5164,999999.9999,STRONG_SIGNAL,HIGH,2026-05-24,2026-05-24 21:18:25.195280,1.0,0.0,11
7557,NUVARING,DEVICE BREAKAGE,104,104,104,20864371,62.0317,63.042,999999.9999,STRONG_SIGNAL,HIGH,2026-05-24,2026-05-24 21:18:25.195280,0.2404,0.0,13
183,DARZALEX,INFUSION RELATED REACTION,476,476,476,20864371,61.9449,65.83,999999.9999,STRONG_SIGNAL,HIGH,2026-05-24,2026-05-24 21:18:25.195280,0.6176,0.0819,32
7607,ABILIFY,GASTROINTESTINAL SURGERY,27,27,27,20864371,61.8349,61.8808,999999.9999,STRONG_SIGNAL,HIGH,2026-05-24,2026-05-24 21:18:25.195280,1.0,0.0,2
5144,OXYMORPHONE,DEPENDENCE,10,10,10,20864371,61.7425,62.2679,999999.9999,STRONG_SIGNAL,HIGH,2026-05-24,2026-05-24 21:18:25.195280,1.0,0.4,1
8160,IMVEXXY,PRODUCT USE COMPLAINT,73,73,73,20864371,61.7365,62.5531,999999.9999,STRONG_SIGNAL,HIGH,2026-05-24,2026-05-24 21:18:25.195280,0.0,0.0,1
1544,REMDESIVIR,ASPARTATE AMINOTRANSFERASE INCREASED,336,336,336,20864371,61.7197,64.8264,999999.9999,STRONG_SIGNAL,HIGH,2026-05-24,2026-05-24 21:18:25.195280,0.6994,0.0893,4
7807,MARCAINE,LABELLED DRUG-DRUG INTERACTION MEDICATION ERROR,15,15,15,20864371,61.6602,62.8496,999999.9999,STRONG_SIGNAL,HIGH,2026-05-24,2026-05-24 21:18:25.195280,0.0667,0.0667,1
8487,OSIMERTINIB MESILATE,MALIGNANT NEOPLASM PROGRESSION,7,7,7,20864371,61.4402,69.2751,999999.9999,STRONG_SIGNAL,MEDIUM,2026-05-24,2026-05-24 21:18:25.195280,1.0,0.2857,4
2729,CHANTIX,NIGHTMARE,274,274,274,20864371,61.4278,63.0848,999999.9999,STRONG_SIGNAL,HIGH,2026-05-24,2026-05-24 21:18:25.195280,0.1715,0.0036,2
7997,BEVACIZUMAB,ENDOPHTHALMITIS,104,104,104,20864371,61.3523,61.6713,999999.9999,STRONG_SIGNAL,HIGH,2026-05-24,2026-05-24 21:18:25.195280,0.8654,0.0,16
1290,VIREAD,ANHEDONIA,246,246,246,20864371,61.1883,62.699,999999.9999,STRONG_SIGNAL,HIGH,2026-05-24,2026-05-24 21:18:25.195280,0.9228,0.0041,1
8912,LEVAQUIN,TENDON PAIN,61,61,61,20864371,61.1298,61.5606,999999.9999,STRONG_SIGNAL,HIGH,2026-05-24,2026-05-24 21:18:25.195280,0.6557,0.0,1
1453,BYDUREON BCISE,DRUG DOSE OMISSION BY DEVICE,143,143,143,20864371,61.0356,61.4721,999999.9999,STRONG_SIGNAL,HIGH,2026-05-24,2026-05-24 21:18:25.195280,0.028,0.0,2
1952,OPTIMARK,INFLAMMATION,140,140,140,20864371,60.9962,64.173,999999.9999,STRONG_SIGNAL,HIGH,2026-05-24,2026-05-24 21:18:25.195280,1.0,0.0,2
875,PALYNZIQ,INJECTION SITE ERYTHEMA,229,229,229,20864371,60.9941,64.5859,999999.9999,STRONG_SIGNAL,HIGH,2026-05-24,2026-05-24 21:18:25.195280,0.0262,0.0,2
7760,QUETIAPINE,BEZOAR,41,41,41,20864371,60.899,60.9695,999999.9999,STRONG_SIGNAL,HIGH,2026-05-24,2026-05-24 21:18:25.195280,1.0,0.0,7
7627,OXALIPLATIN,COLORECTAL CANCER METASTATIC,37,37,37,20864371,60.7867,60.8633,999999.9999,STRONG_SIGNAL,HIGH,2026-05-24,2026-05-24 21:18:25.195280,1.0,0.2432,13
5871,OPTIMARK,ANHEDONIA,69,69,69,20864371,60.6716,62.1881,999999.9999,STRONG_SIGNAL,HIGH,2026-05-24,2026-05-24 21:18:25.195280,1.0,0.0,2
3931,ESTRADIOL TRANSDERMAL SYSTEM,APPLICATION SITE PAIN,59,59,59,20864371,60.6077,61.5989,999999.9999,STRONG_SIGNAL,HIGH,2026-05-24,2026-05-24 21:18:25.195280,0.0169,0.0,1
4035,HUMALOG MIX75/25,BLOOD GLUCOSE ABNORMAL,67,67,67,20864371,60.5726,61.6828,999999.9999,STRONG_SIGNAL,HIGH,2026-05-24,2026-05-24 21:18:25.195280,0.5075,0.0,5
4629,DUODOPA,EMBEDDED DEVICE,175,175,175,20864371,60.5677,60.9588,999999.9999,STRONG_SIGNAL,HIGH,2026-05-24,2026-05-24 21:18:25.195280,0.9943,0.04,23
9571,ELOXATIN,NEOPLASM PROGRESSION,80,80,80,20864371,60.445,63.259,999999.9999,STRONG_SIGNAL,HIGH,2026-05-24,2026-05-24 21:18:25.195280,1.0,0.175,3
3609,AMIODARONE,PULMONARY TOXICITY,116,116,116,20864371,60.4098,60.7783,999999.9999,STRONG_SIGNAL,HIGH,2026-05-24,2026-05-24 21:18:25.195280,0.9914,0.2328,12
9233,MABTHERA,ARTERIOVENOUS FISTULA,3,3,3,20864371,60.307,60.331,999999.9999,STRONG_SIGNAL,LOW,2026-05-24,2026-05-24 21:18:25.195280,1.0,0.0,2
7723,HAEMATE P,NO ADVERSE EVENT,35,35,35,20864371,60.2085,66.5653,999999.9999,STRONG_SIGNAL,HIGH,2026-05-24,2026-05-24 21:18:25.195280,0.2,0.0,11
4205,LABETALOL,LOW BIRTH WEIGHT BABY,46,46,46,20864371,60.15,60.7844,999999.9999,STRONG_SIGNAL,HIGH,2026-05-24,2026-05-24 21:18:25.195280,1.0,0.0,15
686,TAXOTERE,HAIR COLOUR CHANGES,740,740,740,20864371,60.0272,61.6108,999999.9999,STRONG_SIGNAL,HIGH,2026-05-24,2026-05-24 21:18:25.195280,0.0703,0.0041,2
1726,HUMIRA,INJECTION SITE PAPULE,322,322,322,20864371,59.9579,60.0212,999999.9999,STRONG_SIGNAL,HIGH,2026-05-24,2026-05-24 21:18:25.195280,0.2391,0.0,6
2295,DICLOFENAC SODIUM,DRUG EFFECTIVE FOR UNAPPROVED INDICATION,97,97,97,20864371,59.7925,60.6197,999999.9999,STRONG_SIGNAL,HIGH,2026-05-24,2026-05-24 21:18:25.195280,0.0,0.0,1
8896,ZYVOXID,OPTIC NEURITIS,4,4,4,20864371,59.789,60.1313,999999.9999,STRONG_SIGNAL,LOW,2026-05-24,2026-05-24 21:18:25.195280,1.0,0.0,3
5809,GADOLINIUM IN UNSPECIFIED DRUG,INFLAMMATION,69,69,69,20864371,59.6673,62.7156,999999.9999,STRONG_SIGNAL,HIGH,2026-05-24,2026-05-24 21:18:25.195280,1.0,0.0,3
7017,EXEMESTANE,METASTASES TO BONE,116,116,116,20864371,59.6607,60.6547,999999.9999,STRONG_SIGNAL,HIGH,2026-05-24,2026-05-24 21:18:25.195280,1.0,0.0948,23
8623,ETANERCEPT,IRIDOCYCLITIS,27,27,27,20864371,59.56,59.727,999999.9999,STRONG_SIGNAL,HIGH,2026-05-24,2026-05-24 21:18:25.195280,1.0,0.0,8
6839,UNSPECIFIED MEDICATIONS,UNEVALUABLE EVENT,87,87,87,20864371,59.5033,63.0232,999999.9999,STRONG_SIGNAL,HIGH,2026-05-24,2026-05-24 21:18:25.195280,0.9885,0.2644,1
6873,ALEMTUZUMAB,URINE KETONE BODY PRESENT,31,31,31,20864371,59.4817,59.6178,999999.9999,STRONG_SIGNAL,HIGH,2026-05-24,2026-05-24 21:18:25.195280,0.9677,0.0,2
7991,COPAXONE,INJECTION SITE INDENTATION,46,46,46,20864371,59.2119,59.3102,999999.9999,STRONG_SIGNAL,HIGH,2026-05-24,2026-05-24 21:18:25.195280,0.2609,0.0,2
9475,ACICLOVIR,MENINGOENCEPHALITIS HERPETIC,11,11,11,20864371,59.1834,59.2294,999999.9999,STRONG_SIGNAL,HIGH,2026-05-24,2026-05-24 21:18:25.195280,1.0,0.4545,4
2915,BIKTARVY,SKELETAL INJURY,30,30,30,20864371,59.1734,59.526,999999.9999,STRONG_SIGNAL,HIGH,2026-05-24,2026-05-24 21:18:25.195280,1.0,0.0,1
424,ZYTIGA,THERAPY CESSATION,1204,1204,1204,20864371,59.1665,64.0662,999999.9999,STRONG_SIGNAL,HIGH,2026-05-24,2026-05-24 21:18:25.195280,0.0415,0.0042,2
9561,DESOXIMETASONE,ANTI-CYCLIC CITRULLINATED PEPTIDE ANTIBODY POSITIVE,52,52,52,20864371,59.0003,59.4357,999999.9999,STRONG_SIGNAL,HIGH,2026-05-24,2026-05-24 21:18:25.195280,1.0,0.0,1
3042,OXYIR,IMPRISONMENT,5,5,5,20864371,58.9794,59.1066,999999.9999,STRONG_SIGNAL,MEDIUM,2026-05-24,2026-05-24 21:18:25.195280,1.0,0.2,1
7779,SIMBRINZA,OCULAR HYPERAEMIA,86,86,86,20864371,58.9009,60.9913,999999.9999,STRONG_SIGNAL,HIGH,2026-05-24,2026-05-24 21:18:25.195280,0.2907,0.0,13
8110,THERALENE,COMA,95,95,95,20864371,58.7898,62.3318,999999.9999,STRONG_SIGNAL,HIGH,2026-05-24,2026-05-24 21:18:25.195280,1.0,0.0,1
1320,CARFILZOMIB,PLASMA CELL MYELOMA,114,114,114,20864371,58.6051,61.1704,999999.9999,STRONG_SIGNAL,HIGH,2026-05-24,2026-05-24 21:18:25.195280,0.9825,0.4737,25
217,NEULASTA,ACCIDENTAL EXPOSURE TO PRODUCT,2384,2384,2384,20864371,58.5702,62.1493,999999.9999,STRONG_SIGNAL,HIGH,2026-05-24,2026-05-24 21:18:25.195280,0.0088,0.0004,3
2081,LATUDA,AKATHISIA,203,203,203,20864371,58.566,59.2255,999999.9999,STRONG_SIGNAL,HIGH,2026-05-24,2026-05-24 21:18:25.195280,0.197,0.0099,6
5763,ZINBRYTA,MULTIPLE SCLEROSIS RELAPSE,104,104,104,20864371,58.5135,61.5715,999999.9999,STRONG_SIGNAL,HIGH,2026-05-24,2026-05-24 21:18:25.195280,0.6827,0.0096,7
1852,PREVACID 24 HR,REBOUND EFFECT,320,320,320,20864371,58.4674,59.6418,999999.9999,STRONG_SIGNAL,HIGH,2026-05-24,2026-05-24 21:18:25.195280,0.7031,0.0188,1
1701,REMICADE,LUPUS-LIKE SYNDROME,288,288,288,20864371,58.4503,58.7261,999999.9999,STRONG_SIGNAL,HIGH,2026-05-24,2026-05-24 21:18:25.195280,0.9792,0.0,21
9772,SYSTANE LUBRICANT,OCULAR HYPERAEMIA,23,23,23,20864371,58.4339,60.5011,999999.9999,STRONG_SIGNAL,HIGH,2026-05-24,2026-05-24 21:18:25.195280,0.087,0.0,1
6919,STELARA,PROCTECTOMY,12,12,12,20864371,58.4294,58.4429,999999.9999,STRONG_SIGNAL,HIGH,2026-05-24,2026-05-24 21:18:25.195280,1.0,0.0,5
5570,MIRENA,PAPILLOEDEMA,115,115,115,20864371,58.2439,58.3965,999999.9999,STRONG_SIGNAL,HIGH,2026-05-24,2026-05-24 21:18:25.195280,1.0,0.0,7
2945,VASCEPA,PRESCRIBED UNDERDOSE,75,75,75,20864371,58.2399,59.6756,999999.9999,STRONG_SIGNAL,HIGH,2026-05-24,2026-05-24 21:18:25.195280,0.08,0.0133,1
8412,HUMULIN R,BLOOD GLUCOSE ABNORMAL,90,90,90,20864371,58.223,59.2436,999999.9999,STRONG_SIGNAL,HIGH,2026-05-24,2026-05-24 21:18:25.195280,0.6333,0.0,5
2493,CORTISONE ACETATE,SYSTEMIC LUPUS ERYTHEMATOSUS,123,123,123,20864371,58.1587,60.1269,999999.9999,STRONG_SIGNAL,HIGH,2026-05-24,2026-05-24 21:18:25.195280,1.0,0.0,1
3702,RANITIDINE,UTERINE CANCER,190,190,190,20864371,58.157,58.4483,999999.9999,STRONG_SIGNAL,HIGH,2026-05-24,2026-05-24 21:18:25.195280,1.0,0.0421,2
72,TAXOTERE,HAIR TEXTURE ABNORMAL,751,751,751,20864371,58.1557,59.7125,999999.9999,STRONG_SIGNAL,HIGH,2026-05-24,2026-05-24 21:18:25.195280,0.0732,0.004,2
8197,ASPENTER,SUPRAVENTRICULAR TACHYCARDIA,4,4,4,20864371,57.9904,58.4775,999999.9999,STRONG_SIGNAL,LOW,2026-05-24,2026-05-24 21:18:25.195280,1.0,0.0,1
9925,OPTIMARK,MOVEMENT DISORDER,66,66,66,20864371,57.8911,59.2725,999999.9999,STRONG_SIGNAL,HIGH,2026-05-24,2026-05-24 21:18:25.195280,1.0,0.0,1
8370,EFAVIRENZ,NEUROTOXICITY,101,101,101,20864371,57.8457,58.9593,999999.9999,STRONG_SIGNAL,HIGH,2026-05-24,2026-05-24 21:18:25.195280,1.0,0.0,4
7013,SOLIQUA 100/33,PRODUCT STORAGE ERROR,82,82,82,20864371,57.7574,60.9804,999999.9999,STRONG_SIGNAL,HIGH,2026-05-24,2026-05-24 21:18:25.195280,0.0122,0.0,1
6468,FLUDARABINE,EPSTEIN-BARR VIRUS INFECTION,58,58,58,20864371,57.7223,58.0746,999999.9999,STRONG_SIGNAL,HIGH,2026-05-24,2026-05-24 21:18:25.195280,1.0,0.5345,12
7039,BAVENCIO,DISEASE PROGRESSION,50,50,50,20864371,57.6604,62.5533,999999.9999,STRONG_SIGNAL,HIGH,2026-05-24,2026-05-24 21:18:25.195280,0.5,0.4,9
3632,MULTIHANCE,INJURY,157,157,157,20864371,57.6169,59.5114,999999.9999,STRONG_SIGNAL,HIGH,2026-05-24,2026-05-24 21:18:25.195280,1.0,0.0,2
158,VENTOLIN HFA,WRONG TECHNIQUE IN PRODUCT USAGE PROCESS,2811,2811,2811,20864371,57.5019,68.3197,999999.9999,STRONG_SIGNAL,HIGH,2026-05-24,2026-05-24 21:18:25.195280,0.0281,0.0004,2
6619,PULMICORT FLEXHALER,DEVICE MALFUNCTION,113,113,113,20864371,57.419,59.8248,999999.9999,STRONG_SIGNAL,HIGH,2026-05-24,2026-05-24 21:18:25.195280,0.0619,0.0,1
8379,SULFAMETHOXAZOLE/TRIMETHOPRIM,METHAEMOGLOBINAEMIA,6,6,6,20864371,57.3705,57.4615,999999.9999,STRONG_SIGNAL,MEDIUM,2026-05-24,2026-05-24 21:18:25.195280,1.0,0.0,5
6590,ABACAVIR,DYSLIPIDAEMIA,14,14,14,20864371,57.3625,57.6611,999999.9999,STRONG_SIGNAL,HIGH,2026-05-24,2026-05-24 21:18:25.195280,1.0,0.0,4
3132,NOVOSEVEN,HAEMORRHAGE,27,27,27,20864371,57.2833,61.7398,999999.9999,STRONG_SIGNAL,HIGH,2026-05-24,2026-05-24 21:18:25.195280,0.7037,0.1481,9
2734,BREO ELLIPTA,PRODUCT COMPLAINT,291,291,291,20864371,57.2522,58.2053,999999.9999,STRONG_SIGNAL,HIGH,2026-05-24,2026-05-24 21:18:25.195280,0.0515,0.0069,2
4924,RIVAROXABAN,GASTROINTESTINAL VASCULAR MALFORMATION HAEMORRHAGIC,86,86,86,20864371,57.1338,57.1966,999999.9999,STRONG_SIGNAL,HIGH,2026-05-24,2026-05-24 21:18:25.195280,1.0,0.2558,3
8498,NIVESTIM,HEPATOCELLULAR INJURY,8,8,8,20864371,57.0757,59.3763,999999.9999,STRONG_SIGNAL,MEDIUM,2026-05-24,2026-05-24 21:18:25.195280,1.0,0.0,1
4365,CODEINE SULFATE,DRUG HYPERSENSITIVITY,121,121,121,20864371,57.0718,73.5795,999999.9999,STRONG_SIGNAL,HIGH,2026-05-24,2026-05-24 21:18:25.195280,0.0496,0.0,2
8186,IMBRUVICA,MANTLE CELL LYMPHOMA,49,49,49,20864371,56.8924,56.9546,999999.9999,STRONG_SIGNAL,HIGH,2026-05-24,2026-05-24 21:18:25.195280,1.0,0.6531,21
9426,EYLEA,IRITIS,41,41,41,20864371,56.8273,56.9712,999999.9999,STRONG_SIGNAL,HIGH,2026-05-24,2026-05-24 21:18:25.195280,0.8049,0.0,4
7703,MYCOPHENOLATE MOFETIL,BK VIRUS INFECTION,95,95,95,20864371,56.8113,57.0665,999999.9999,STRONG_SIGNAL,HIGH,2026-05-24,2026-05-24 21:18:25.195280,0.9789,0.1368,21
1546,ONFI,SEIZURE,271,271,271,20864371,56.8078,64.2507,999999.9999,STRONG_SIGNAL,HIGH,2026-05-24,2026-05-24 21:18:25.195280,0.7011,0.0148,1
2485,LAMIVUDINE,CD4 LYMPHOCYTES DECREASED,17,17,17,20864371,56.7913,56.8709,999999.9999,STRONG_SIGNAL,HIGH,2026-05-24,2026-05-24 21:18:25.195280,1.0,0.0,6
3264,INGREZZA,PARKINSONISM,132,132,132,20864371,56.6893,57.1973,999999.9999,STRONG_SIGNAL,HIGH,2026-05-24,2026-05-24 21:18:25.195280,0.1061,0.0076,1
5160,POLARAMINE,HYPERTHERMIA,24,24,24,20864371,56.6795,57.1534,999999.9999,STRONG_SIGNAL,HIGH,2026-05-24,2026-05-24 21:18:25.195280,1.0,0.0417,1
9124,PSEUDOEPHEDRINE HYDROCHLORIDE,SYSTEMIC LUPUS ERYTHEMATOSUS,59,59,59,20864371,56.6207,58.4938,999999.9999,STRONG_SIGNAL,HIGH,2026-05-24,2026-05-24 21:18:25.195280,1.0,0.0,1
9611,ANTIHYPERTENSIVES,INCORRECT PRODUCT ADMINISTRATION DURATION,21,21,21,20864371,56.6013,57.948,999999.9999,STRONG_SIGNAL,HIGH,2026-05-24,2026-05-24 21:18:25.195280,0.0476,0.0,1
9875,SINEMET,ON AND OFF PHENOMENON,44,44,44,20864371,56.5084,56.8244,999999.9999,STRONG_SIGNAL,HIGH,2026-05-24,2026-05-24 21:18:25.195280,0.8182,0.0,11
1796,PARAGARD T 380A,DEVICE USE ISSUE,203,203,203,20864371,56.4822,56.9598,999999.9999,STRONG_SIGNAL,HIGH,2026-05-24,2026-05-24 21:18:25.195280,0.5123,0.0,3
9122,TAMOXIFEN,METASTASES TO SPINE,23,23,23,20864371,56.44,56.5924,999999.9999,STRONG_SIGNAL,HIGH,2026-05-24,2026-05-24 21:18:25.195280,1.0,0.0,8
1492,ASMANEX,POOR QUALITY PRODUCT ADMINISTERED,43,43,43,20864371,56.4018,56.7536,999999.9999,STRONG_SIGNAL,HIGH,2026-05-24,2026-05-24 21:18:25.195280,0.0698,0.0,2
8527,PEMBROLIZUMAB,HYPOPHYSITIS,18,18,18,20864371,56.3978,56.5402,999999.9999,STRONG_SIGNAL,HIGH,2026-05-24,2026-05-24 21:18:25.195280,1.0,0.0556,12
776,PREVACID 24 HR,INCORRECT PRODUCT ADMINISTRATION DURATION,362,362,362,20864371,56.3891,57.673,999999.9999,STRONG_SIGNAL,HIGH,2026-05-24,2026-05-24 21:18:25.195280,0.0083,0.0,1
752,VIVITROL,INJECTION SITE MASS,858,858,858,20864371,56.2535,57.8861,999999.9999,STRONG_SIGNAL,HIGH,2026-05-24,2026-05-24 21:18:25.195280,0.0909,0.0,1
4645,VICODIN,DRUG WITHDRAWAL SYNDROME NEONATAL,73,73,73,20864371,56.1321,56.8165,999999.9999,STRONG_SIGNAL,HIGH,2026-05-24,2026-05-24 21:18:25.195280,1.0,0.0137,1
4741,PROPAVAN,AKATHISIA,43,43,43,20864371,56.1038,56.7322,999999.9999,STRONG_SIGNAL,HIGH,2026-05-24,2026-05-24 21:18:25.195280,1.0,0.0,1
9580,SOFOSBUVIR,VIRAL LOAD INCREASED,8,8,8,20864371,56.002,56.1219,999999.9999,STRONG_SIGNAL,MEDIUM,2026-05-24,2026-05-24 21:18:25.195280,0.875,0.0,4
5880,EUCRISA,DRUG EFFECTIVE FOR UNAPPROVED INDICATION,95,95,95,20864371,55.9114,56.6335,999999.9999,STRONG_SIGNAL,HIGH,2026-05-24,2026-05-24 21:18:25.195280,0.0,0.0,1
8684,INTERFERON BETA-1B,MULTIPLE SCLEROSIS RELAPSE,38,38,38,20864371,55.9037,58.6967,999999.9999,STRONG_SIGNAL,HIGH,2026-05-24,2026-05-24 21:18:25.195280,1.0,0.0,5
5452,QVAR REDIHALER,DEVICE MALFUNCTION,102,102,102,20864371,55.7462,58.0116,999999.9999,STRONG_SIGNAL,HIGH,2026-05-24,2026-05-24 21:18:25.195280,0.2549,0.0,1
8733,MYCOPHENOLATE MOFETIL,COMPLICATIONS OF TRANSPLANTED KIDNEY,36,36,36,20864371,55.7404,55.835,999999.9999,STRONG_SIGNAL,HIGH,2026-05-24,2026-05-24 21:18:25.195280,1.0,0.0278,17
9545,THIOTEPA,CYTOMEGALOVIRUS INFECTION,57,57,57,20864371,55.7393,56.806,999999.9999,STRONG_SIGNAL,HIGH,2026-05-24,2026-05-24 21:18:25.195280,1.0,0.3684,11
3233,AMOXICILLINE,FACE OEDEMA,35,35,35,20864371,55.7268,56.5636,999999.9999,STRONG_SIGNAL,HIGH,2026-05-24,2026-05-24 21:18:25.195280,1.0,0.0,1
9879,CLARITHROMYCIN,PARADOXICAL DRUG REACTION,46,46,46,20864371,55.7132,55.9223,999999.9999,STRONG_SIGNAL,HIGH,2026-05-24,2026-05-24 21:18:25.195280,1.0,0.0,4
4801,PALYNZIQ,INJECTION SITE SWELLING,141,141,141,20864371,55.5792,57.5459,999999.9999,STRONG_SIGNAL,HIGH,2026-05-24,2026-05-24 21:18:25.195280,0.0496,0.0,2
6228,CYCLOSPORINE,GRAFT VERSUS HOST DISEASE,60,60,60,20864371,55.5564,55.9188,999999.9999,STRONG_SIGNAL,HIGH,2026-05-24,2026-05-24 21:18:25.195280,1.0,0.2167,16
4604,FLUCLOXACILLIN,METABOLIC ACIDOSIS,54,54,54,20864371,55.498,57.1777,999999.9999,STRONG_SIGNAL,HIGH,2026-05-24,2026-05-24 21:18:25.195280,1.0,0.0926,6
809,BYDUREON BCISE,DEVICE MALFUNCTION,749,749,749,20864371,55.4058,57.5434,999999.9999,STRONG_SIGNAL,HIGH,2026-05-24,2026-05-24 21:18:25.195280,0.0534,0.0,1
2220,ALLI,TREATMENT NONCOMPLIANCE,99,99,99,20864371,55.4027,57.5692,999999.9999,STRONG_SIGNAL,HIGH,2026-05-24,2026-05-24 21:18:25.195280,0.0101,0.0,1
6532,LOXAPAC /00401801/,INTESTINAL OBSTRUCTION,9,9,9,20864371,55.3995,57.1734,999999.9999,STRONG_SIGNAL,MEDIUM,2026-05-24,2026-05-24 21:18:25.195280,1.0,0.5556,1
5022,ABREVA,LIP SWELLING,146,146,146,20864371,55.388,56.9676,999999.9999,STRONG_SIGNAL,HIGH,2026-05-24,2026-05-24 21:18:25.195280,0.0137,0.0,2
2497,FENTANYL TRANSDERMAL SYSTEM,APPLICATION SITE PRURITUS,67,67,67,20864371,55.3116,55.8883,999999.9999,STRONG_SIGNAL,HIGH,2026-05-24,2026-05-24 21:18:25.195280,0.0746,0.0,1
5329,CONCERTA,OBSESSIVE THOUGHTS,5,5,5,20864371,55.3111,55.374,999999.9999,STRONG_SIGNAL,MEDIUM,2026-05-24,2026-05-24 21:18:25.195280,0.8,0.0,4
832,VICODIN,DEVELOPMENTAL DELAY,35,35,35,20864371,55.1819,55.5023,999999.9999,STRONG_SIGNAL,HIGH,2026-05-24,2026-05-24 21:18:25.195280,1.0,0.0,1
408,MSIR,DRUG DEPENDENCE,114,114,114,20864371,55.1803,61.675,999999.9999,STRONG_SIGNAL,HIGH,2026-05-24,2026-05-24 21:18:25.195280,1.0,0.3246,1
6618,BENICAR,POLYP,59,59,59,20864371,55.1693,55.4862,999999.9999,STRONG_SIGNAL,HIGH,2026-05-24,2026-05-24 21:18:25.195280,0.9492,0.0,1
273,NUCYNTA,TOXICITY TO VARIOUS AGENTS,1085,1085,1085,20864371,54.9831,69.1617,999999.9999,STRONG_SIGNAL,HIGH,2026-05-24,2026-05-24 21:18:25.195280,1.0,0.9272,2
8426,SYSTANE ULTRA,EYE PAIN,44,44,44,20864371,54.9438,57.2261,999999.9999,STRONG_SIGNAL,HIGH,2026-05-24,2026-05-24 21:18:25.195280,0.1136,0.0,3
4026,NEXPLANON,MENSTRUAL DISORDER,171,171,171,20864371,54.9267,55.1939,999999.9999,STRONG_SIGNAL,HIGH,2026-05-24,2026-05-24 21:18:25.195280,0.1404,0.0058,3
3251,ORILISSA,HOT FLUSH,244,244,244,20864371,54.9118,57.9035,999999.9999,STRONG_SIGNAL,HIGH,2026-05-24,2026-05-24 21:18:25.195280,0.1926,0.0,2
7956,AMANTADINE,FREEZING PHENOMENON,27,27,27,20864371,54.8237,55.0751,999999.9999,STRONG_SIGNAL,HIGH,2026-05-24,2026-05-24 21:18:25.195280,0.6667,0.0,8
5678,NIVOLUMAB,THYROIDITIS,69,69,69,20864371,54.8228,54.9571,999999.9999,STRONG_SIGNAL,HIGH,2026-05-24,2026-05-24 21:18:25.195280,0.9565,0.0725,11
9708,RITUXIMAB,REMISSION NOT ACHIEVED,41,41,41,20864371,54.7839,54.8321,999999.9999,STRONG_SIGNAL,HIGH,2026-05-24,2026-05-24 21:18:25.195280,1.0,0.0244,4
6688,CYTARABINE,VENOOCCLUSIVE LIVER DISEASE,90,90,90,20864371,54.7581,55.0782,999999.9999,STRONG_SIGNAL,HIGH,2026-05-24,2026-05-24 21:18:25.195280,1.0,0.3667,9
4600,NOVOTHYROX,DECREASED INTEREST,173,173,173,20864371,54.5108,54.7699,999999.9999,STRONG_SIGNAL,HIGH,2026-05-24,2026-05-24 21:18:25.195280,0.9942,0.0,1
2033,NEUPOGEN,SPLENOMEGALY,36,36,36,20864371,54.4808,55.067,999999.9999,STRONG_SIGNAL,HIGH,2026-05-24,2026-05-24 21:18:25.195280,0.0278,0.0278,2
7217,SEMAGLUTIDE,ERUCTATION,42,42,42,20864371,54.4758,55.09,999999.9999,STRONG_SIGNAL,HIGH,2026-05-24,2026-05-24 21:18:25.195280,0.0952,0.0,3
1877,RANITIDINE,GASTRIC CANCER,413,413,413,20864371,54.4262,55.0216,999999.9999,STRONG_SIGNAL,HIGH,2026-05-24,2026-05-24 21:18:25.195280,1.0,0.1646,1
8340,VECTIBIX,HYPOMAGNESAEMIA,67,67,67,20864371,54.4208,55.3121,999999.9999,STRONG_SIGNAL,HIGH,2026-05-24,2026-05-24 21:18:25.195280,0.791,0.0746,11
2789,DEPAKIN,DRUG ABUSE,132,132,132,20864371,54.3393,59.0838,999999.9999,STRONG_SIGNAL,HIGH,2026-05-24,2026-05-24 21:18:25.195280,1.0,0.0,1
8869,ETOPOSIDE VP-16,NEUTROPHIL COUNT DECREASED,29,29,29,20864371,54.1599,56.0151,999999.9999,STRONG_SIGNAL,HIGH,2026-05-24,2026-05-24 21:18:25.195280,0.7931,0.0,2
8036,CETIRIZINE HYDROCHLORIDE,GLOSSODYNIA,104,104,104,20864371,54.1082,55.0976,999999.9999,STRONG_SIGNAL,HIGH,2026-05-24,2026-05-24 21:18:25.195280,1.0,0.0,1
5114,VORTIOXETINE,SUICIDAL IDEATION,112,112,112,20864371,54.0613,57.7411,999999.9999,STRONG_SIGNAL,HIGH,2026-05-24,2026-05-24 21:18:25.195280,1.0,0.0,13
5627,PREVACID,DIABETIC NEPHROPATHY,106,106,106,20864371,53.9527,54.0828,999999.9999,STRONG_SIGNAL,HIGH,2026-05-24,2026-05-24 21:18:25.195280,1.0,0.1509,1
9775,VUMERITY,FLUSHING,60,60,60,20864371,53.9491,57.547,999999.9999,STRONG_SIGNAL,HIGH,2026-05-24,2026-05-24 21:18:25.195280,0.1167,0.0,1
1214,BUPRENORPHINE TRANSDERMAL,DRUG DEPENDENCE,308,308,308,20864371,53.8933,60.0363,999999.9999,STRONG_SIGNAL,HIGH,2026-05-24,2026-05-24 21:18:25.195280,1.0,0.276,1
4994,BENICAR,IRRITABLE BOWEL SYNDROME,153,153,153,20864371,53.7874,54.5959,999999.9999,STRONG_SIGNAL,HIGH,2026-05-24,2026-05-24 21:18:25.195280,0.8562,0.0,1
6415,TRELEGY ELLIPTA,WRONG TECHNIQUE IN DEVICE USAGE PROCESS,123,123,123,20864371,53.7716,55.5011,999999.9999,STRONG_SIGNAL,HIGH,2026-05-24,2026-05-24 21:18:25.195280,0.0732,0.0,1
4986,WARFARIN,INTERNATIONAL NORMALISED RATIO DECREASED,152,152,152,20864371,53.7386,53.8601,999999.9999,STRONG_SIGNAL,HIGH,2026-05-24,2026-05-24 21:18:25.195280,0.5724,0.0395,10
5808,PROVENTIL,PRODUCT CONTAINER ISSUE,53,53,53,20864371,53.7038,54.1163,999999.9999,STRONG_SIGNAL,HIGH,2026-05-24,2026-05-24 21:18:25.195280,0.0566,0.0,1
1053,MIRENA,LOSS OF LIBIDO,201,201,201,20864371,53.6981,53.944,999999.9999,STRONG_SIGNAL,HIGH,2026-05-24,2026-05-24 21:18:25.195280,0.9254,0.0,13
425,PREVACID 24 HR,RENAL INJURY,1436,1436,1436,20864371,53.6726,58.8736,999999.9999,STRONG_SIGNAL,HIGH,2026-05-24,2026-05-24 21:18:25.195280,1.0,0.0606,1
8667,XIFAXAN,HEPATIC ENCEPHALOPATHY,66,66,66,20864371,53.457,53.9152,999999.9999,STRONG_SIGNAL,HIGH,2026-05-24,2026-05-24 21:18:25.195280,1.0,0.1364,3
7750,CLOPIDOGREL,SPINAL EPIDURAL HAEMATOMA,35,35,35,20864371,53.3857,53.4178,999999.9999,STRONG_SIGNAL,HIGH,2026-05-24,2026-05-24 21:18:25.195280,1.0,0.0571,10
1817,DUODOPA,DEVICE OCCLUSION,196,196,196,20864371,53.3743,53.7597,999999.9999,STRONG_SIGNAL,HIGH,2026-05-24,2026-05-24 21:18:25.195280,0.9745,0.1633,24
6787,ETHAMBUTOL,MACULAR DEGENERATION,26,26,26,20864371,53.2883,53.732,999999.9999,STRONG_SIGNAL,HIGH,2026-05-24,2026-05-24 21:18:25.195280,1.0,0.0,1
7021,STIVARGA,METASTASES TO LUNG,108,108,108,20864371,53.2654,53.8186,999999.9999,STRONG_SIGNAL,HIGH,2026-05-24,2026-05-24 21:18:25.195280,1.0,0.213,21
3542,NORDAZEPAM,TOXICITY TO VARIOUS AGENTS,138,138,138,20864371,53.2527,66.6309,999999.9999,STRONG_SIGNAL,HIGH,2026-05-24,2026-05-24 21:18:25.195280,0.9928,0.6449,12
6121,RESTASIS,EYE DISCHARGE,93,93,93,20864371,53.2458,53.586,999999.9999,STRONG_SIGNAL,HIGH,2026-05-24,2026-05-24 21:18:25.195280,0.0215,0.0,2
8175,MELPHALAN,PLASMA CELL MYELOMA RECURRENT,27,27,27,20864371,53.232,53.4332,999999.9999,STRONG_SIGNAL,HIGH,2026-05-24,2026-05-24 21:18:25.195280,1.0,0.2593,8
6188,ROGAINE,HAIR COLOUR CHANGES,45,45,45,20864371,53.2101,54.5435,999999.9999,STRONG_SIGNAL,HIGH,2026-05-24,2026-05-24 21:18:25.195280,0.0,0.0,1
5283,KYMRIAH,LYMPHOCYTE COUNT DECREASED,65,65,65,20864371,53.1742,54.3238,999999.9999,STRONG_SIGNAL,HIGH,2026-05-24,2026-05-24 21:18:25.195280,0.9692,0.2769,2
8666,REMDESIVIR,COVID-19 PNEUMONIA,35,35,35,20864371,53.0887,53.3542,999999.9999,STRONG_SIGNAL,HIGH,2026-05-24,2026-05-24 21:18:25.195280,0.9714,0.6286,2
5034,EFAVIRENZ,DRUG RESISTANCE,160,160,160,20864371,53.0066,54.6391,999999.9999,STRONG_SIGNAL,HIGH,2026-05-24,2026-05-24 21:18:25.195280,0.9938,0.0063,20
3317,TRUVADA,OSTEOPENIA,206,206,206,20864371,52.9359,53.5871,999999.9999,STRONG_SIGNAL,HIGH,2026-05-24,2026-05-24 21:18:25.195280,0.7913,0.0,5
4016,TUDORZA PRESSAIR,BODY HEIGHT DECREASED,38,38,38,20864371,52.8713,53.4077,999999.9999,STRONG_SIGNAL,HIGH,2026-05-24,2026-05-24 21:18:25.195280,0.2368,0.0,2
2988,CYTARABINE,VENOOCCLUSIVE DISEASE,62,62,62,20864371,52.8439,53.0562,999999.9999,STRONG_SIGNAL,HIGH,2026-05-24,2026-05-24 21:18:25.195280,1.0,0.2419,11
9703,SEVOFLURANE,TACHYPNOEA,17,17,17,20864371,52.8051,53.4423,999999.9999,STRONG_SIGNAL,HIGH,2026-05-24,2026-05-24 21:18:25.195280,1.0,0.0,5
4228,PARAGARD T 380A,MENSTRUATION IRREGULAR,180,180,180,20864371,52.799,53.194,999999.9999,STRONG_SIGNAL,HIGH,2026-05-24,2026-05-24 21:18:25.195280,0.3111,0.0,1
1075,PROVENTIL,NO ADVERSE EVENT,571,571,571,20864371,52.7814,57.5091,999999.9999,STRONG_SIGNAL,HIGH,2026-05-24,2026-05-24 21:18:25.195280,0.0,0.0,1
867,PARAGARD T 380A,PROCEDURAL PAIN,408,408,408,20864371,52.7486,53.6518,999999.9999,STRONG_SIGNAL,HIGH,2026-05-24,2026-05-24 21:18:25.195280,0.2059,0.0,2
493,PERCOCET,DRUG WITHDRAWAL SYNDROME NEONATAL,139,139,139,20864371,52.7397,53.334,999999.9999,STRONG_SIGNAL,HIGH,2026-05-24,2026-05-24 21:18:25.195280,1.0,0.0072,2
3987,PROLIA,JAW DISORDER,173,173,173,20864371,52.6841,52.8177,999999.9999,STRONG_SIGNAL,HIGH,2026-05-24,2026-05-24 21:18:25.195280,0.2717,0.0,3
505,EYLEA,EYE HAEMORRHAGE,169,169,169,20864371,52.4924,53.0438,999999.9999,STRONG_SIGNAL,HIGH,2026-05-24,2026-05-24 21:18:25.195280,0.9822,0.0059,16
5813,PULMICORT FLEXHALER,DRUG DOSE OMISSION BY DEVICE,18,18,18,20864371,52.4735,52.811,999999.9999,STRONG_SIGNAL,HIGH,2026-05-24,2026-05-24 21:18:25.195280,0.0556,0.0,1
7829,VECTIBIX,COLON CANCER,42,42,42,20864371,52.4518,52.9866,999999.9999,STRONG_SIGNAL,HIGH,2026-05-24,2026-05-24 21:18:25.195280,1.0,0.3095,2
2758,DEFITELIO,MULTIPLE ORGAN DYSFUNCTION SYNDROME,89,89,89,20864371,52.4011,54.5744,999999.9999,STRONG_SIGNAL,HIGH,2026-05-24,2026-05-24 21:18:25.195280,1.0,0.9326,10
2623,OXALIPLATIN,ARTERIOSPASM CORONARY,85,85,85,20864371,52.352,52.5035,999999.9999,STRONG_SIGNAL,HIGH,2026-05-24,2026-05-24 21:18:25.195280,1.0,0.0706,10
3162,MAGNEVIST,MENTAL STATUS CHANGES,67,67,67,20864371,52.295,53.2747,999999.9999,STRONG_SIGNAL,HIGH,2026-05-24,2026-05-24 21:18:25.195280,1.0,0.0,1
8609,FENTANYL,PROCEDURAL HYPOTENSION,19,19,19,20864371,52.2141,52.2468,999999.9999,STRONG_SIGNAL,HIGH,2026-05-24,2026-05-24 21:18:25.195280,1.0,0.0,4
720,NEXPLANON,DEVICE DISLOCATION,843,843,843,20864371,52.1748,53.4498,999999.9999,STRONG_SIGNAL,HIGH,2026-05-24,2026-05-24 21:18:25.195280,0.9087,0.0,8
593,PROTONIX,HYPERCHLORHYDRIA,648,648,648,20864371,52.1685,53.0883,999999.9999,STRONG_SIGNAL,HIGH,2026-05-24,2026-05-24 21:18:25.195280,0.841,0.0432,1
204,RANITIDINE,HEPATIC CANCER,350,350,350,20864371,52.1164,52.5984,999999.9999,STRONG_SIGNAL,HIGH,2026-05-24,2026-05-24 21:18:25.195280,1.0,0.2314,2
9300,MYRBETRIQ,NOCTURIA,90,90,90,20864371,52.033,52.5313,999999.9999,STRONG_SIGNAL,HIGH,2026-05-24,2026-05-24 21:18:25.195280,0.1667,0.0,2
9244,EOVIST,BURNING SENSATION,72,72,72,20864371,51.9339,54.6185,999999.9999,STRONG_SIGNAL,HIGH,2026-05-24,2026-05-24 21:18:25.195280,0.9861,0.0,2
9318,QBREXZA,URINARY RETENTION,45,45,45,20864371,51.8993,53.5531,999999.9999,STRONG_SIGNAL,HIGH,2026-05-24,2026-05-24 21:18:25.195280,0.3111,0.0,1
299,CYTOXAN,ALOPECIA,1558,1558,1558,20864371,51.8837,67.1322,999999.9999,STRONG_SIGNAL,HIGH,2026-05-24,2026-05-24 21:18:25.195280,0.7875,0.0,1
9081,OXYNEO,C-REACTIVE PROTEIN ABNORMAL,18,18,18,20864371,51.7107,52.2787,999999.9999,STRONG_SIGNAL,HIGH,2026-05-24,2026-05-24 21:18:25.195280,1.0,0.0,1
7911,SANDOSTATIN LAR DEPOT,PITUITARY TUMOUR,20,20,20,20864371,51.7035,51.7573,999999.9999,STRONG_SIGNAL,HIGH,2026-05-24,2026-05-24 21:18:25.195280,1.0,0.0,8
2023,MORPHINE SULFATE SIMILAR TO NDA 19-516,DRUG DEPENDENCE,214,214,214,20864371,51.5065,57.098,999999.9999,STRONG_SIGNAL,HIGH,2026-05-24,2026-05-24 21:18:25.195280,1.0,0.2944,2
7659,ASACOL,COLITIS ULCERATIVE,64,64,64,20864371,51.4721,52.6087,999999.9999,STRONG_SIGNAL,HIGH,2026-05-24,2026-05-24 21:18:25.195280,0.9844,0.0,10
1281,OMNISCAN,ANHEDONIA,69,69,69,20864371,51.4643,52.548,999999.9999,STRONG_SIGNAL,HIGH,2026-05-24,2026-05-24 21:18:25.195280,1.0,0.0,2
9709,MAGNEVIST,ANHEDONIA,75,75,75,20864371,51.3902,52.47,999999.9999,STRONG_SIGNAL,HIGH,2026-05-24,2026-05-24 21:18:25.195280,1.0,0.0,2
9243,RASILEZ,MUSCLE SPASTICITY,8,8,8,20864371,51.2594,51.6881,999999.9999,STRONG_SIGNAL,MEDIUM,2026-05-24,2026-05-24 21:18:25.195280,1.0,0.0,1
9050,ATAZANAVIR SULFATE,FOETAL EXPOSURE DURING PREGNANCY,61,61,61,20864371,51.1797,55.0397,999999.9999,STRONG_SIGNAL,HIGH,2026-05-24,2026-05-24 21:18:25.195280,0.8852,0.0984,5
2261,OXYCONTIN,DEPENDENCE,180,180,180,20864371,51.1746,51.513,999999.9999,STRONG_SIGNAL,HIGH,2026-05-24,2026-05-24 21:18:25.195280,0.9944,0.35,1
1512,VELETRI,PAIN IN JAW,386,386,386,20864371,51.165,52.5377,999999.9999,STRONG_SIGNAL,HIGH,2026-05-24,2026-05-24 21:18:25.195280,0.9171,0.1762,3
5768,TALTZ,INJECTION SITE WARMTH,142,142,142,20864371,51.07,51.432,999999.9999,STRONG_SIGNAL,HIGH,2026-05-24,2026-05-24 21:18:25.195280,0.0282,0.0,2
6234,NILOTINIB,CYTOPENIA,23,23,23,20864371,51.0595,51.5395,999999.9999,STRONG_SIGNAL,HIGH,2026-05-24,2026-05-24 21:18:25.195280,1.0,0.2174,9
6885,OXYFAST,DISABILITY,25,25,25,20864371,51.0036,51.9471,999999.9999,STRONG_SIGNAL,HIGH,2026-05-24,2026-05-24 21:18:25.195280,1.0,0.04,1
2932,GLATIRAMER ACETATE,INJECTION SITE MASS,121,121,121,20864371,50.8871,52.3097,999999.9999,STRONG_SIGNAL,HIGH,2026-05-24,2026-05-24 21:18:25.195280,0.595,0.0,2
7504,ALEMTUZUMAB,CD4 LYMPHOCYTES DECREASED,17,17,17,20864371,50.7684,50.8318,999999.9999,STRONG_SIGNAL,HIGH,2026-05-24,2026-05-24 21:18:25.195280,1.0,0.0,3
701,OXYCODONE/ ACETAMINOPHEN TABLETS,DISABILITY,189,189,189,20864371,50.6648,51.5754,999999.9999,STRONG_SIGNAL,HIGH,2026-05-24,2026-05-24 21:18:25.195280,1.0,0.0529,1
361,VANCOMYCIN HCL,DRUG HYPERSENSITIVITY,425,425,425,20864371,50.6039,63.0783,999999.9999,STRONG_SIGNAL,HIGH,2026-05-24,2026-05-24 21:18:25.195280,0.0565,0.0024,4
8588,IPILIMUMAB,TYPE 1 DIABETES MELLITUS,38,38,38,20864371,50.5381,50.7213,999999.9999,STRONG_SIGNAL,HIGH,2026-05-24,2026-05-24 21:18:25.195280,1.0,0.0,11
9249,VINCRISTINE SULFATE,POST TRANSPLANT LYMPHOPROLIFERATIVE DISORDER,46,46,46,20864371,50.5113,50.7833,999999.9999,STRONG_SIGNAL,HIGH,2026-05-24,2026-05-24 21:18:25.195280,1.0,0.1522,6
8961,BOTOX,SKIN INDENTATION,7,7,7,20864371,50.4928,50.5129,999999.9999,STRONG_SIGNAL,MEDIUM,2026-05-24,2026-05-24 21:18:25.195280,0.0,0.0,2
1785,PERCOCET /00446701/,DRUG DEPENDENCE,413,413,413,20864371,50.3529,55.6527,999999.9999,STRONG_SIGNAL,HIGH,2026-05-24,2026-05-24 21:18:25.195280,0.9952,0.2373,2
77,BASAGLAR,BLOOD GLUCOSE INCREASED,1840,1840,1840,20864371,50.3275,57.2649,999999.9999,STRONG_SIGNAL,HIGH,2026-05-24,2026-05-24 21:18:25.195280,0.1962,0.0005,7
3015,PRALUENT,LOW DENSITY LIPOPROTEIN INCREASED,110,110,110,20864371,50.2995,50.5858,999999.9999,STRONG_SIGNAL,HIGH,2026-05-24,2026-05-24 21:18:25.195280,0.1455,0.0,6
1379,MENS ROGAINE EXTRA STRENGTH,INTENTIONAL PRODUCT MISUSE,503,503,503,20864371,50.2777,53.9563,999999.9999,STRONG_SIGNAL,HIGH,2026-05-24,2026-05-24 21:18:25.195280,0.006,0.0,2
5655,REPAGLINIDE,HYPOGLYCAEMIA,128,128,128,20864371,50.2514,52.5522,999999.9999,STRONG_SIGNAL,HIGH,2026-05-24,2026-05-24 21:18:25.195280,0.9922,0.0,12
5092,HALOPERIDOL,EXTRAPYRAMIDAL DISORDER,79,79,79,20864371,50.2069,50.6907,999999.9999,STRONG_SIGNAL,HIGH,2026-05-24,2026-05-24 21:18:25.195280,0.9241,0.038,23
9209,RESTORIL,FOOD ALLERGY,14,14,14,20864371,50.1801,50.5137,999999.9999,STRONG_SIGNAL,HIGH,2026-05-24,2026-05-24 21:18:25.195280,1.0,0.0,1
897,INVOKANA,CELLULITIS,769,769,769,20864371,50.1592,52.3869,999999.9999,STRONG_SIGNAL,HIGH,2026-05-24,2026-05-24 21:18:25.195280,0.9987,0.0078,3
8209,ATORVASTATIN/ATORVASTATIN CALCIUM,RHABDOMYOLYSIS,59,59,59,20864371,50.0748,51.7359,999999.9999,STRONG_SIGNAL,HIGH,2026-05-24,2026-05-24 21:18:25.195280,1.0,0.0678,13
5320,LERGIGAN PROMETHAZINE,DEPRESSED LEVEL OF CONSCIOUSNESS,124,124,124,20864371,50.0297,51.8338,999999.9999,STRONG_SIGNAL,HIGH,2026-05-24,2026-05-24 21:18:25.195280,1.0,0.0,1
8326,LACRISERT,EYE IRRITATION,14,14,14,20864371,49.9516,51.8985,999999.9999,STRONG_SIGNAL,HIGH,2026-05-24,2026-05-24 21:18:25.195280,0.0714,0.0,1
5280,SPIRIVA RESPIMAT,LEUKOPLAKIA ORAL,3,3,3,20864371,49.8839,49.9095,999999.9999,STRONG_SIGNAL,LOW,2026-05-24,2026-05-24 21:18:25.195280,0.3333,0.0,2
9931,LOXAPINE,POISONING DELIBERATE,9,9,9,20864371,49.8741,50.399,999999.9999,STRONG_SIGNAL,MEDIUM,2026-05-24,2026-05-24 21:18:25.195280,1.0,0.0,1
7547,CICLOSPORIN,GRAFT VERSUS HOST DISEASE IN GASTROINTESTINAL TRACT,40,40,40,20864371,49.8723,49.9975,999999.9999,STRONG_SIGNAL,HIGH,2026-05-24,2026-05-24 21:18:25.195280,1.0,0.525,12
1964,NEVIRAPINE,FOETAL EXPOSURE DURING PREGNANCY,258,258,258,20864371,49.7979,53.4167,999999.9999,STRONG_SIGNAL,HIGH,2026-05-24,2026-05-24 21:18:25.195280,0.9767,0.1512,19
6346,BENICAR HCT,DIVERTICULITIS,112,112,112,20864371,49.726,51.0241,999999.9999,STRONG_SIGNAL,HIGH,2026-05-24,2026-05-24 21:18:25.195280,1.0,0.0,1
1359,XYREM,SLEEP APNOEA SYNDROME,311,311,311,20864371,49.5568,50.6473,999999.9999,STRONG_SIGNAL,HIGH,2026-05-24,2026-05-24 21:18:25.195280,0.9968,0.0,3
74,NEULASTA,WRONG TECHNIQUE IN PRODUCT USAGE PROCESS,5391,5391,5391,20864371,49.5026,56.9017,999999.9999,STRONG_SIGNAL,HIGH,2026-05-24,2026-05-24 21:18:25.195280,0.0163,0.0007,6
2171,NUVARING,DEVICE EXPULSION,221,221,221,20864371,49.488,51.2261,999999.9999,STRONG_SIGNAL,HIGH,2026-05-24,2026-05-24 21:18:25.195280,0.0769,0.0,9
502,ATRIPLA,OSTEOPOROSIS,250,250,250,20864371,49.3605,50.8996,999999.9999,STRONG_SIGNAL,HIGH,2026-05-24,2026-05-24 21:18:25.195280,1.0,0.004,3
8490,PROLIA,DENTAL OPERATION,78,78,78,20864371,49.3492,49.4054,999999.9999,STRONG_SIGNAL,HIGH,2026-05-24,2026-05-24 21:18:25.195280,0.5128,0.0,12
7319,RANITIDINE HYDROCHLORIDE,PROSTATE CANCER,109,109,109,20864371,49.3423,50.3461,999999.9999,STRONG_SIGNAL,HIGH,2026-05-24,2026-05-24 21:18:25.195280,1.0,0.0183,1
9739,ATAZANAVIR,FOETAL EXPOSURE DURING PREGNANCY,86,86,86,20864371,49.3377,52.9091,999999.9999,STRONG_SIGNAL,HIGH,2026-05-24,2026-05-24 21:18:25.195280,0.9651,0.0116,8
5513,VIREAD,OSTEOPENIA,118,118,118,20864371,49.3313,49.9057,999999.9999,STRONG_SIGNAL,HIGH,2026-05-24,2026-05-24 21:18:25.195280,0.8559,0.0,5
8003,NORMIX,SOPOR,12,12,12,20864371,49.2741,50.3569,999999.9999,STRONG_SIGNAL,HIGH,2026-05-24,2026-05-24 21:18:25.195280,1.0,0.0833,1
9240,ZENATANE,THERAPY CESSATION,54,54,54,20864371,49.2438,52.7267,999999.9999,STRONG_SIGNAL,HIGH,2026-05-24,2026-05-24 21:18:25.195280,0.037,0.0,1
6820,DEXAMBUTOL,DRUG REACTION WITH EOSINOPHILIA AND SYSTEMIC SYMPTOMS,6,6,6,20864371,49.2395,50.4505,999999.9999,STRONG_SIGNAL,MEDIUM,2026-05-24,2026-05-24 21:18:25.195280,1.0,1.0,1
9486,PROVISACOR,OSTEONECROSIS OF JAW,3,3,3,20864371,49.2341,50.2052,999999.9999,STRONG_SIGNAL,LOW,2026-05-24,2026-05-24 21:18:25.195280,1.0,0.0,1
4175,NUTROPIN AQ,NO ADVERSE EVENT,118,118,118,20864371,49.2336,53.3759,999999.9999,STRONG_SIGNAL,HIGH,2026-05-24,2026-05-24 21:18:25.195280,0.0085,0.0,1
6721,TRAVATAN,GLAUCOMA,43,43,43,20864371,49.1981,49.918,999999.9999,STRONG_SIGNAL,HIGH,2026-05-24,2026-05-24 21:18:25.195280,0.9767,0.0,5
7616,MENS ROGAINE EXTRA STRENGTH UNSCENTED,PRODUCT USE ISSUE,108,108,108,20864371,49.1346,56.2364,999999.9999,STRONG_SIGNAL,HIGH,2026-05-24,2026-05-24 21:18:25.195280,0.0,0.0,1
5506,TYSABRI,HEMIANAESTHESIA,36,36,36,20864371,48.8027,48.8569,999999.9999,STRONG_SIGNAL,HIGH,2026-05-24,2026-05-24 21:18:25.195280,0.3333,0.0,4
103,HUMALOG,BLOOD GLUCOSE INCREASED,4246,4246,4246,20864371,48.7383,54.8749,999999.9999,STRONG_SIGNAL,HIGH,2026-05-24,2026-05-24 21:18:25.195280,0.2982,0.0007,30
7545,BREO ELLIPTA,PRODUCT PACKAGING CONFUSION,22,22,22,20864371,48.72,48.7801,999999.9999,STRONG_SIGNAL,HIGH,2026-05-24,2026-05-24 21:18:25.195280,0.0909,0.0,1
7229,TIENAM,DELIRIUM,32,32,32,20864371,48.7135,50.1552,999999.9999,STRONG_SIGNAL,HIGH,2026-05-24,2026-05-24 21:18:25.195280,1.0,0.0,1
4575,GADOLINIUM,INFLAMMATION,68,68,68,20864371,48.6619,50.6625,999999.9999,STRONG_SIGNAL,HIGH,2026-05-24,2026-05-24 21:18:25.195280,1.0,0.0,1
1768,COMBIPATCH,NO ADVERSE EVENT,144,144,144,20864371,48.6496,52.6858,999999.9999,STRONG_SIGNAL,HIGH,2026-05-24,2026-05-24 21:18:25.195280,0.0,0.0,1
6174,NEULASTA,DEVICE ALARM ISSUE,70,70,70,20864371,48.5593,48.6412,999999.9999,STRONG_SIGNAL,HIGH,2026-05-24,2026-05-24 21:18:25.195280,0.0143,0.0,2
5652,YESCARTA,ENCEPHALOPATHY,105,105,105,20864371,48.4991,49.6244,999999.9999,STRONG_SIGNAL,HIGH,2026-05-24,2026-05-24 21:18:25.195280,0.9714,0.1048,4
6316,ZOFRAN ODT,INJURY,51,51,51,20864371,48.3629,49.6982,999999.9999,STRONG_SIGNAL,HIGH,2026-05-24,2026-05-24 21:18:25.195280,0.6667,0.098,1
4637,FLUCONAZOLE,MENINGITIS CRYPTOCOCCAL,21,21,21,20864371,48.362,48.4276,999999.9999,STRONG_SIGNAL,HIGH,2026-05-24,2026-05-24 21:18:25.195280,1.0,0.5238,9
984,DUPIXENT,EYE PRURITUS,694,694,694,20864371,48.356,49.1387,999999.9999,STRONG_SIGNAL,HIGH,2026-05-24,2026-05-24 21:18:25.195280,0.0447,0.0,4
52,REPATHA,ACCIDENTAL EXPOSURE TO PRODUCT,4055,4055,4055,20864371,48.315,50.5193,999999.9999,STRONG_SIGNAL,HIGH,2026-05-24,2026-05-24 21:18:25.195280,0.0207,0.0,4
4261,DIANEAL PD 2 PERITONEAL DIALYSIS SOLUTION WITH DEXTROSE,DEATH,157,157,157,20864371,48.2969,113.4339,999999.9999,STRONG_SIGNAL,HIGH,2026-05-24,2026-05-24 21:18:25.195280,1.0,1.0,4
5104,N/A,THERAPY CESSATION,88,88,88,20864371,48.2659,51.6015,999999.9999,STRONG_SIGNAL,HIGH,2026-05-24,2026-05-24 21:18:25.195280,1.0,0.0,1
8499,NICODERM CQ,DERMATITIS CONTACT,36,36,36,20864371,48.256,48.6232,999999.9999,STRONG_SIGNAL,HIGH,2026-05-24,2026-05-24 21:18:25.195280,0.0278,0.0,1
4440,HUMULIN N,MATERNAL EXPOSURE DURING BREAST FEEDING,10,10,10,20864371,48.2464,48.3589,999999.9999,STRONG_SIGNAL,HIGH,2026-05-24,2026-05-24 21:18:25.195280,0.4,0.0,2
626,DIANEAL,DEATH,1089,1089,1089,20864371,48.2105,112.3956,999999.9999,STRONG_SIGNAL,HIGH,2026-05-24,2026-05-24 21:18:25.195280,1.0,1.0,13
3174,HUMULIN N,BLOOD GLUCOSE DECREASED,119,119,119,20864371,48.1648,49.5368,999999.9999,STRONG_SIGNAL,HIGH,2026-05-24,2026-05-24 21:18:25.195280,0.5462,0.0084,5
3512,CREON,CYSTIC FIBROSIS,92,92,92,20864371,48.1338,48.5639,999999.9999,STRONG_SIGNAL,HIGH,2026-05-24,2026-05-24 21:18:25.195280,0.9783,0.0543,3
4980,CYCLOPHOSPHAMIDE,ACUTE GRAFT VERSUS HOST DISEASE,74,74,74,20864371,48.1325,48.268,999999.9999,STRONG_SIGNAL,HIGH,2026-05-24,2026-05-24 21:18:25.195280,1.0,0.2568,18
3049,ANAKINRA,RED BLOOD CELL SEDIMENTATION RATE INCREASED,62,62,62,20864371,48.0899,48.6504,999999.9999,STRONG_SIGNAL,HIGH,2026-05-24,2026-05-24 21:18:25.195280,1.0,0.1129,1
8754,CYCLOSPORINE,ACUTE GRAFT VERSUS HOST DISEASE,27,27,27,20864371,48.0791,48.2193,999999.9999,STRONG_SIGNAL,HIGH,2026-05-24,2026-05-24 21:18:25.195280,1.0,0.1852,12
3803,NORFLEX,BLOOD CHOLESTEROL INCREASED,16,16,16,20864371,48.0696,49.4073,999999.9999,STRONG_SIGNAL,HIGH,2026-05-24,2026-05-24 21:18:25.195280,1.0,0.0,1
8887,FLONASE ALLERGY RELIEF,PRODUCT COMPLAINT,46,46,46,20864371,47.9894,48.6817,999999.9999,STRONG_SIGNAL,HIGH,2026-05-24,2026-05-24 21:18:25.195280,0.0217,0.0,1
6850,POTASSIUM PHOSPHATE DIBASIC,PRODUCT USE ISSUE,21,21,21,20864371,47.9809,54.7384,999999.9999,STRONG_SIGNAL,HIGH,2026-05-24,2026-05-24 21:18:25.195280,1.0,0.0,1
2246,PRAZEPAM,COMA,50,50,50,20864371,47.9599,50.2869,999999.9999,STRONG_SIGNAL,HIGH,2026-05-24,2026-05-24 21:18:25.195280,1.0,0.0,1
5009,MORPHINE SULFATE SIMILAR TO NDA 19 516,DRUG DEPENDENCE,61,61,61,20864371,47.8734,52.6789,999999.9999,STRONG_SIGNAL,HIGH,2026-05-24,2026-05-24 21:18:25.195280,1.0,0.3443,2
5091,MAGNEVIST,INFLAMMATION,141,141,141,20864371,47.8405,49.7638,999999.9999,STRONG_SIGNAL,HIGH,2026-05-24,2026-05-24 21:18:25.195280,1.0,0.0,2
7485,PHARMORUBICIN,WHITE BLOOD CELL COUNT DECREASED,42,42,42,20864371,47.839,51.8538,999999.9999,STRONG_SIGNAL,HIGH,2026-05-24,2026-05-24 21:18:25.195280,1.0,0.0,1
4595,PHTHALYLSULFATHIAZOLE,WOUND,76,76,76,20864371,47.7857,48.9458,999999.9999,STRONG_SIGNAL,HIGH,2026-05-24,2026-05-24 21:18:25.195280,1.0,0.0,1
9557,HERCEPTIN,NAIL TOXICITY,5,5,5,20864371,47.7798,47.7977,999999.9999,STRONG_SIGNAL,MEDIUM,2026-05-24,2026-05-24 21:18:25.195280,1.0,0.0,2
2765,TRESIBA,BLOOD GLUCOSE DECREASED,291,291,291,20864371,47.6969,49.0226,999999.9999,STRONG_SIGNAL,HIGH,2026-05-24,2026-05-24 21:18:25.195280,0.3643,0.0,5
3535,SANDOSTATIN,BLOOD PRESSURE SYSTOLIC INCREASED,212,212,212,20864371,47.6065,48.401,999999.9999,STRONG_SIGNAL,HIGH,2026-05-24,2026-05-24 21:18:25.195280,1.0,0.184,1
403,LATUDA,BLOOD PROLACTIN INCREASED,52,52,52,20864371,47.5913,47.7269,999999.9999,STRONG_SIGNAL,HIGH,2026-05-24,2026-05-24 21:18:25.195280,0.1731,0.0,4
860,XIIDRA,VISION BLURRED,782,782,782,20864371,47.504,51.6797,999999.9999,STRONG_SIGNAL,HIGH,2026-05-24,2026-05-24 21:18:25.195280,0.0563,0.0,3
7252,RIVAROXABAN,CHRONIC GASTROINTESTINAL BLEEDING,24,24,24,20864371,47.3674,47.3819,999999.9999,STRONG_SIGNAL,HIGH,2026-05-24,2026-05-24 21:18:25.195280,1.0,0.5,1
9805,ZOLGENSMA,ALANINE AMINOTRANSFERASE INCREASED,43,43,43,20864371,47.2926,49.5859,999999.9999,STRONG_SIGNAL,HIGH,2026-05-24,2026-05-24 21:18:25.195280,0.5581,0.0,3
7002,NIVOLUMAB,VITILIGO,44,44,44,20864371,47.2452,47.3187,999999.9999,STRONG_SIGNAL,HIGH,2026-05-24,2026-05-24 21:18:25.195280,0.9545,0.0455,13
6504,CARBAMAZEPINE,THERAPEUTIC PRODUCT CROSS-REACTIVITY,14,14,14,20864371,47.2249,47.3251,999999.9999,STRONG_SIGNAL,HIGH,2026-05-24,2026-05-24 21:18:25.195280,1.0,0.0,5
4653,ESBRIET,IDIOPATHIC PULMONARY FIBROSIS,84,84,84,20864371,47.1643,47.3432,999999.9999,STRONG_SIGNAL,HIGH,2026-05-24,2026-05-24 21:18:25.195280,0.9643,0.4643,10
465,NEULASTA,DEVICE MALFUNCTION,1262,1262,1262,20864371,47.0613,48.5341,999999.9999,STRONG_SIGNAL,HIGH,2026-05-24,2026-05-24 21:18:25.195280,0.0166,0.0,6
514,DEXILANT,HYPERCHLORHYDRIA,463,463,463,20864371,46.9618,47.7238,999999.9999,STRONG_SIGNAL,HIGH,2026-05-24,2026-05-24 21:18:25.195280,0.9114,0.0605,2
9768,COAL TAR,LIVER FUNCTION TEST ABNORMAL,6,6,6,20864371,46.9104,47.6975,999999.9999,STRONG_SIGNAL,MEDIUM,2026-05-24,2026-05-24 21:18:25.195280,1.0,0.0,1
2026,NINLARO,PLASMA CELL MYELOMA,296,296,296,20864371,46.8497,48.4478,999999.9999,STRONG_SIGNAL,HIGH,2026-05-24,2026-05-24 21:18:25.195280,0.9392,0.2466,18
511,BUTRANS,TOXICITY TO VARIOUS AGENTS,1086,1086,1086,20864371,46.8419,56.7159,999999.9999,STRONG_SIGNAL,HIGH,2026-05-24,2026-05-24 21:18:25.195280,1.0,0.9328,1
4291,DOXORUBICIN,STAPHYLOCOCCAL BACTERAEMIA,63,63,63,20864371,46.7306,46.9236,999999.9999,STRONG_SIGNAL,HIGH,2026-05-24,2026-05-24 21:18:25.195280,1.0,0.0159,3
751,ROXICODONE,TOXICITY TO VARIOUS AGENTS,575,575,575,20864371,46.5839,56.4116,999999.9999,STRONG_SIGNAL,HIGH,2026-05-24,2026-05-24 21:18:25.195280,1.0,0.9878,1
1605,INVOKANA,SKIN ULCER,403,403,403,20864371,46.4998,47.5575,999999.9999,STRONG_SIGNAL,HIGH,2026-05-24,2026-05-24 21:18:25.195280,0.9901,0.0124,2
5238,REMICADE,COLECTOMY,144,144,144,20864371,46.4598,46.5687,999999.9999,STRONG_SIGNAL,HIGH,2026-05-24,2026-05-24 21:18:25.195280,1.0,0.0139,12
6506,PROLIA,THORACIC VERTEBRAL FRACTURE,126,126,126,20864371,46.3916,46.4771,999999.9999,STRONG_SIGNAL,HIGH,2026-05-24,2026-05-24 21:18:25.195280,0.9921,0.0,18
3956,ATARAX,INTENTIONAL SELF-INJURY,178,178,178,20864371,46.3433,47.8984,999999.9999,STRONG_SIGNAL,HIGH,2026-05-24,2026-05-24 21:18:25.195280,1.0,0.0169,4
3563,METFORMIN HYDROCHLORIDE,LACTIC ACIDOSIS,210,210,210,20864371,46.1368,47.5937,999999.9999,STRONG_SIGNAL,HIGH,2026-05-24,2026-05-24 21:18:25.195280,1.0,0.1667,31
8251,GADOLINIUM,BURNING SENSATION,75,75,75,20864371,46.092,48.1886,999999.9999,STRONG_SIGNAL,HIGH,2026-05-24,2026-05-24 21:18:25.195280,1.0,0.0,1
1604,MYCOPHENOLATE MOFETIL,KIDNEY TRANSPLANT REJECTION,77,77,77,20864371,46.0195,46.1862,999999.9999,STRONG_SIGNAL,HIGH,2026-05-24,2026-05-24 21:18:25.195280,1.0,0.1039,22
4310,KETOROLAC TROMETHAMINE,TREATMENT FAILURE,132,132,132,20864371,46.0135,53.0536,999999.9999,STRONG_SIGNAL,HIGH,2026-05-24,2026-05-24 21:18:25.195280,0.0,0.0,1
7704,HUMALOG MIX75/25,BLOOD GLUCOSE DECREASED,99,99,99,20864371,45.9922,47.2424,999999.9999,STRONG_SIGNAL,HIGH,2026-05-24,2026-05-24 21:18:25.195280,0.4242,0.0,2
6338,PERCOCET /00446701/,DRUG WITHDRAWAL SYNDROME NEONATAL,43,43,43,20864371,45.9244,46.3826,999999.9999,STRONG_SIGNAL,HIGH,2026-05-24,2026-05-24 21:18:25.195280,1.0,0.0233,1
6951,FLUOROURACIL,DERMATITIS ACNEIFORM,103,103,103,20864371,45.8866,46.0749,999999.9999,STRONG_SIGNAL,HIGH,2026-05-24,2026-05-24 21:18:25.195280,0.9612,0.0194,10
6811,ABREVA,APPLICATION SITE PAIN,64,64,64,20864371,45.8789,46.441,999999.9999,STRONG_SIGNAL,HIGH,2026-05-24,2026-05-24 21:18:25.195280,0.0,0.0,1
4392,APO-PREDNISONE,ANTI-CYCLIC CITRULLINATED PEPTIDE ANTIBODY POSITIVE,22,22,22,20864371,45.8659,46.1302,999999.9999,STRONG_SIGNAL,HIGH,2026-05-24,2026-05-24 21:18:25.195280,1.0,0.0,1
2390,COMPLERA,EMOTIONAL DISTRESS,182,182,182,20864371,45.8214,48.3875,999999.9999,STRONG_SIGNAL,HIGH,2026-05-24,2026-05-24 21:18:25.195280,0.8901,0.0,1
8063,PERCOCET /00446701/,DRUG WITHDRAWAL SYNDROME,84,84,84,20864371,45.8206,46.7223,999999.9999,STRONG_SIGNAL,HIGH,2026-05-24,2026-05-24 21:18:25.195280,0.9405,0.2619,2
4644,CANNABIS,DRUG ABUSE,174,174,174,20864371,45.7571,49.0584,999999.9999,STRONG_SIGNAL,HIGH,2026-05-24,2026-05-24 21:18:25.195280,1.0,0.2586,14
5687,DASATINIB,DRUG RESISTANCE,108,108,108,20864371,45.7251,46.9363,999999.9999,STRONG_SIGNAL,HIGH,2026-05-24,2026-05-24 21:18:25.195280,0.9537,0.1019,26
1402,SPRYCEL,ADVERSE EVENT,511,511,511,20864371,45.659,47.9616,999999.9999,STRONG_SIGNAL,HIGH,2026-05-24,2026-05-24 21:18:25.195280,0.3366,0.0078,4
1230,PARAGARD T 380A,VAGINAL DISCHARGE,143,143,143,20864371,45.6438,45.9139,999999.9999,STRONG_SIGNAL,HIGH,2026-05-24,2026-05-24 21:18:25.195280,0.2867,0.0,1
8941,TESTIM,MYOCARDIAL INFARCTION,93,93,93,20864371,45.557,48.8224,999999.9999,STRONG_SIGNAL,HIGH,2026-05-24,2026-05-24 21:18:25.195280,1.0,0.1613,2
9479,RITUXIMAB,B-CELL LYMPHOMA RECURRENT,37,37,37,20864371,45.5537,45.5897,999999.9999,STRONG_SIGNAL,HIGH,2026-05-24,2026-05-24 21:18:25.195280,1.0,0.027,14
8837,PENICILLIN V POTASSIUM,DRUG HYPERSENSITIVITY,83,83,83,20864371,45.4531,55.292,999999.9999,STRONG_SIGNAL,HIGH,2026-05-24,2026-05-24 21:18:25.195280,0.0482,0.0,2
6911,GRANULOCYTE COLONY STIMULATING FACTOR,FEBRILE NEUTROPENIA,85,85,85,20864371,45.4005,48.3013,999999.9999,STRONG_SIGNAL,HIGH,2026-05-24,2026-05-24 21:18:25.195280,1.0,0.1176,17
4116,CLOPIDOGREL,VASCULAR STENT THROMBOSIS,106,106,106,20864371,45.3014,45.3838,999999.9999,STRONG_SIGNAL,HIGH,2026-05-24,2026-05-24 21:18:25.195280,1.0,0.217,25
8250,REVLIMID,FULL BLOOD COUNT INCREASED,85,85,85,20864371,45.2658,45.3037,999999.9999,STRONG_SIGNAL,HIGH,2026-05-24,2026-05-24 21:18:25.195280,0.0588,0.0,1
1745,COMPLERA,RENAL INJURY,263,263,263,20864371,45.2422,48.9981,999999.9999,STRONG_SIGNAL,HIGH,2026-05-24,2026-05-24 21:18:25.195280,1.0,0.0076,1
4251,OXYCODONE HCL TABLETS RHODES 91-490,DISABILITY,75,75,75,20864371,45.1672,45.8988,999999.9999,STRONG_SIGNAL,HIGH,2026-05-24,2026-05-24 21:18:25.195280,1.0,0.0667,1
1050,ERIVEDGE,DYSGEUSIA,140,140,140,20864371,45.1404,46.8002,999999.9999,STRONG_SIGNAL,HIGH,2026-05-24,2026-05-24 21:18:25.195280,0.1214,0.0071,9
7386,METHADONE HYDROCHLORIDE,EXPOSURE DURING PREGNANCY,79,79,79,20864371,45.1262,47.2049,999999.9999,STRONG_SIGNAL,HIGH,2026-05-24,2026-05-24 21:18:25.195280,0.1266,0.0,10
5658,REPATHA,INCORRECT DISPOSAL OF PRODUCT,111,111,111,20864371,45.1202,45.174,999999.9999,STRONG_SIGNAL,HIGH,2026-05-24,2026-05-24 21:18:25.195280,0.0631,0.009,1
7639,OLANZAPINE,PSYCHOTIC SYMPTOM,70,70,70,20864371,45.0582,45.1657,999999.9999,STRONG_SIGNAL,HIGH,2026-05-24,2026-05-24 21:18:25.195280,1.0,0.0143,14
6605,TRAMADOL CHLORHYDRATE DE,DRUG ABUSE,67,67,67,20864371,45.0208,48.2232,999999.9999,STRONG_SIGNAL,HIGH,2026-05-24,2026-05-24 21:18:25.195280,1.0,0.0896,1
9176,TRAMADOL,SUBSTANCE USE DISORDER,47,47,47,20864371,45.0054,45.0459,999999.9999,STRONG_SIGNAL,HIGH,2026-05-24,2026-05-24 21:18:25.195280,1.0,0.1064,2
8826,ABILIFY,NEUROPSYCHIATRIC SYMPTOMS,54,54,54,20864371,44.9387,45.005,999999.9999,STRONG_SIGNAL,HIGH,2026-05-24,2026-05-24 21:18:25.195280,0.6667,0.0,1
4693,KEVZARA,INJECTION SITE PRURITUS,160,160,160,20864371,44.7615,45.8683,999999.9999,STRONG_SIGNAL,HIGH,2026-05-24,2026-05-24 21:18:25.195280,0.0563,0.0,2
5849,ESIDREX,HYPONATRAEMIA,115,115,115,20864371,44.7547,47.6088,999999.9999,STRONG_SIGNAL,HIGH,2026-05-24,2026-05-24 21:18:25.195280,1.0,0.1217,3
3029,ZOLEDRONIC ACID,ATYPICAL FEMUR FRACTURE,16,16,16,20864371,44.7173,44.8548,999999.9999,STRONG_SIGNAL,HIGH,2026-05-24,2026-05-24 21:18:25.195280,1.0,0.0,7
4286,ACICLOVIR,URINE LEUKOCYTE ESTERASE POSITIVE,21,21,21,20864371,44.6803,44.7462,999999.9999,STRONG_SIGNAL,HIGH,2026-05-24,2026-05-24 21:18:25.195280,0.9524,0.0,1
554,PROPOFOL,ANAPHYLACTIC SHOCK,131,131,131,20864371,44.6518,45.4675,999999.9999,STRONG_SIGNAL,HIGH,2026-05-24,2026-05-24 21:18:25.195280,1.0,0.0534,18
6714,DOCETAXEL SANDOZ,ALOPECIA,83,83,83,20864371,44.6349,55.6431,999999.9999,STRONG_SIGNAL,HIGH,2026-05-24,2026-05-24 21:18:25.195280,0.012,0.0,1
9389,XOFIGO,PROSTATE CANCER,54,54,54,20864371,44.6205,45.4433,999999.9999,STRONG_SIGNAL,HIGH,2026-05-24,2026-05-24 21:18:25.195280,1.0,0.3148,17
194,HUMALOG,BLOOD GLUCOSE DECREASED,914,914,914,20864371,44.611,45.7072,999999.9999,STRONG_SIGNAL,HIGH,2026-05-24,2026-05-24 21:18:25.195280,0.465,0.0044,15
347,EMGALITY,MIGRAINE,1286,1286,1286,20864371,44.5932,47.3615,999999.9999,STRONG_SIGNAL,HIGH,2026-05-24,2026-05-24 21:18:25.195280,0.0591,0.0,5
9126,NASACORT ALLERGY 24HR,THERAPEUTIC RESPONSE DECREASED,50,50,50,20864371,44.5386,45.9577,999999.9999,STRONG_SIGNAL,HIGH,2026-05-24,2026-05-24 21:18:25.195280,0.02,0.0,1
930,HUMULIN R,BLOOD GLUCOSE INCREASED,574,574,574,20864371,44.535,50.0127,999999.9999,STRONG_SIGNAL,HIGH,2026-05-24,2026-05-24 21:18:25.195280,0.4425,0.0017,14
1321,PROTONIX,REBOUND EFFECT,542,542,542,20864371,44.4609,45.1124,999999.9999,STRONG_SIGNAL,HIGH,2026-05-24,2026-05-24 21:18:25.195280,0.81,0.0258,1
3912,NEVIRAPINE,STEVENS-JOHNSON SYNDROME,48,48,48,20864371,44.4132,44.9781,999999.9999,STRONG_SIGNAL,HIGH,2026-05-24,2026-05-24 21:18:25.195280,1.0,0.25,7
2091,MIRENA,DEVICE DIFFICULT TO USE,296,296,296,20864371,44.4088,44.7078,999999.9999,STRONG_SIGNAL,HIGH,2026-05-24,2026-05-24 21:18:25.195280,0.6993,0.0034,18
3044,BENICAR HCT,GASTROOESOPHAGEAL REFLUX DISEASE,255,255,255,20864371,44.3269,47.0475,999999.9999,STRONG_SIGNAL,HIGH,2026-05-24,2026-05-24 21:18:25.195280,0.9294,0.0039,1
6952,ACETAMINOPHEN AND DIPHENHYDRAMINE HYDROCHLORIDE,TOXICITY TO VARIOUS AGENTS,27,27,27,20864371,44.3022,53.1595,999999.9999,STRONG_SIGNAL,HIGH,2026-05-24,2026-05-24 21:18:25.195280,1.0,1.0,1
8750,DENOSUMAB,OSTEONECROSIS OF JAW,90,90,90,20864371,44.0756,44.8423,999999.9999,STRONG_SIGNAL,HIGH,2026-05-24,2026-05-24 21:18:25.195280,1.0,0.0444,19
4836,TAVALISSE,PLATELET COUNT DECREASED,167,167,167,20864371,44.0636,47.4947,999999.9999,STRONG_SIGNAL,HIGH,2026-05-24,2026-05-24 21:18:25.195280,0.4072,0.0,1
3146,FOSAMAX,GLOSSODYNIA,162,162,162,20864371,44.0013,44.6453,999999.9999,STRONG_SIGNAL,HIGH,2026-05-24,2026-05-24 21:18:25.195280,0.9938,0.0,2
637,MAKENA,PRODUCT ADMINISTRATION ERROR,346,346,346,20864371,43.9946,44.7341,999999.9999,STRONG_SIGNAL,HIGH,2026-05-24,2026-05-24 21:18:25.195280,0.0896,0.0,1
5204,ANDROGEL,DEEP VEIN THROMBOSIS,160,160,160,20864371,43.9832,45.6064,999999.9999,STRONG_SIGNAL,HIGH,2026-05-24,2026-05-24 21:18:25.195280,1.0,0.0063,1
6020,OXYCODONE HYDROCHLORIDE,DRUG WITHDRAWAL SYNDROME NEONATAL,105,105,105,20864371,43.9798,44.3938,999999.9999,STRONG_SIGNAL,HIGH,2026-05-24,2026-05-24 21:18:25.195280,0.9905,0.0095,1
311,NEXIUM 24HR,RENAL INJURY,1657,1657,1657,20864371,43.9544,47.3446,999999.9999,STRONG_SIGNAL,HIGH,2026-05-24,2026-05-24 21:18:25.195280,1.0,0.0531,1
8463,FULVESTRANT,METASTASES TO LUNG,70,70,70,20864371,43.9206,44.2979,999999.9999,STRONG_SIGNAL,HIGH,2026-05-24,2026-05-24 21:18:25.195280,1.0,0.1,19
3342,OXYCONTIN,DRUG WITHDRAWAL SYNDROME NEONATAL,248,248,248,20864371,43.9041,44.3038,999999.9999,STRONG_SIGNAL,HIGH,2026-05-24,2026-05-24 21:18:25.195280,1.0,0.0161,2
2890,INCB018424,FEBRILE NEUTROPENIA,37,37,37,20864371,43.893,46.6012,999999.9999,STRONG_SIGNAL,HIGH,2026-05-24,2026-05-24 21:18:25.195280,1.0,0.027,1
2450,SANDOSTATIN,BLOOD PRESSURE DIASTOLIC INCREASED,35,35,35,20864371,43.8428,43.9616,999999.9999,STRONG_SIGNAL,HIGH,2026-05-24,2026-05-24 21:18:25.195280,1.0,0.2857,1
1500,DOLUTEGRAVIR,HYPERGLYCAEMIA,123,123,123,20864371,43.8401,45.0432,999999.9999,STRONG_SIGNAL,HIGH,2026-05-24,2026-05-24 21:18:25.195280,1.0,0.0,3
2467,AIMOVIG,DRUG DOSE OMISSION BY DEVICE,248,248,248,20864371,43.8351,44.0491,999999.9999,STRONG_SIGNAL,HIGH,2026-05-24,2026-05-24 21:18:25.195280,0.0282,0.0,1
9248,IMVEXXY,PRODUCT SOLUBILITY ABNORMAL,19,19,19,20864371,43.7803,43.9285,999999.9999,STRONG_SIGNAL,HIGH,2026-05-24,2026-05-24 21:18:25.195280,0.0,0.0,1
4119,EFAVIRENZ/EMTRICITABINE/TENOFOVIR DISOPROXIL FUMARATE,TREATMENT NONCOMPLIANCE,19,19,19,20864371,43.7389,45.0789,999999.9999,STRONG_SIGNAL,HIGH,2026-05-24,2026-05-24 21:18:25.195280,1.0,0.0,2
314,BYDUREON BCISE,DEVICE ISSUE,999,999,999,20864371,43.7234,45.992,999999.9999,STRONG_SIGNAL,HIGH,2026-05-24,2026-05-24 21:18:25.195280,0.0561,0.0,2
1994,MAGNEVIST,BURNING SENSATION,150,150,150,20864371,43.6853,45.5547,999999.9999,STRONG_SIGNAL,HIGH,2026-05-24,2026-05-24 21:18:25.195280,1.0,0.0,3
9626,FLUTICASONE PROPIONATE/SALMETEROL XINAFOATE,ASTHMA,48,48,48,20864371,43.5695,47.1481,999999.9999,STRONG_SIGNAL,HIGH,2026-05-24,2026-05-24 21:18:25.195280,1.0,0.0,4
1641,BAMLANIVIMAB,INFUSION RELATED REACTION,114,114,114,20864371,43.5633,45.4706,999999.9999,STRONG_SIGNAL,HIGH,2026-05-24,2026-05-24 21:18:25.195280,0.7719,0.0088,1
2974,TAVOR LORAZEPAM,DRUG ABUSE,199,199,199,20864371,43.5087,46.4769,999999.9999,STRONG_SIGNAL,HIGH,2026-05-24,2026-05-24 21:18:25.195280,1.0,0.0,1
4668,SALBUTAMOL SULPHATE,WHEEZING,178,178,178,20864371,43.5086,45.3626,999999.9999,STRONG_SIGNAL,HIGH,2026-05-24,2026-05-24 21:18:25.195280,1.0,0.0056,5
6280,HECTOROL,DRUG HYPERSENSITIVITY,96,96,96,20864371,43.4688,52.3706,999999.9999,STRONG_SIGNAL,HIGH,2026-05-24,2026-05-24 21:18:25.195280,0.1146,0.0208,1
235,DURAGESIC,TOXICITY TO VARIOUS AGENTS,1323,1323,1323,20864371,43.4586,51.7842,999999.9999,STRONG_SIGNAL,HIGH,2026-05-24,2026-05-24 21:18:25.195280,0.9985,0.9365,3
774,PARAGARD T 380A,COMPLICATION ASSOCIATED WITH DEVICE,252,252,252,20864371,43.4294,43.8837,999999.9999,STRONG_SIGNAL,HIGH,2026-05-24,2026-05-24 21:18:25.195280,0.4484,0.0,1
4812,RANITIDINE HYDROCHLORIDE,HEPATIC CANCER,45,45,45,20864371,43.3848,43.7438,999999.9999,STRONG_SIGNAL,HIGH,2026-05-24,2026-05-24 21:18:25.195280,1.0,0.3556,1
5462,LANTUS SOLOSTAR,BLOOD GLUCOSE FLUCTUATION,113,113,113,20864371,43.2813,43.5258,999999.9999,STRONG_SIGNAL,HIGH,2026-05-24,2026-05-24 21:18:25.195280,0.2212,0.0,5
2983,EMTRICITABINE/TENOFOVIR DISOPROXIL FUMARATE,FOETAL EXPOSURE DURING PREGNANCY,160,160,160,20864371,43.2583,45.9639,999999.9999,STRONG_SIGNAL,HIGH,2026-05-24,2026-05-24 21:18:25.195280,0.9938,0.1063,13
6008,FLUTICASONE,SECONDARY ADRENOCORTICAL INSUFFICIENCY,12,12,12,20864371,43.2237,43.265,999999.9999,STRONG_SIGNAL,HIGH,2026-05-24,2026-05-24 21:18:25.195280,1.0,0.0,3
1090,METHAMPHETAMINE /00069101/,COMPLETED SUICIDE,25,25,25,20864371,43.1986,45.0658,999999.9999,STRONG_SIGNAL,HIGH,2026-05-24,2026-05-24 21:18:25.195280,1.0,1.0,1
7978,MULTIHANCE,MENTAL IMPAIRMENT,72,72,72,20864371,43.1982,43.8342,999999.9999,STRONG_SIGNAL,HIGH,2026-05-24,2026-05-24 21:18:25.195280,1.0,0.0,2
4131,NUCYNTA,MEDICATION ERROR,103,103,103,20864371,43.1766,44.0262,999999.9999,STRONG_SIGNAL,HIGH,2026-05-24,2026-05-24 21:18:25.195280,0.0874,0.0097,1
4408,GLIVEC,SECOND PRIMARY MALIGNANCY,80,80,80,20864371,43.0777,43.4396,999999.9999,STRONG_SIGNAL,HIGH,2026-05-24,2026-05-24 21:18:25.195280,1.0,0.2375,30
3031,ARIPIPRAZOLE,OBSESSIVE-COMPULSIVE DISORDER,119,119,119,20864371,43.0255,43.3031,999999.9999,STRONG_SIGNAL,HIGH,2026-05-24,2026-05-24 21:18:25.195280,0.8235,0.0,6
657,OXYMORPHONE HCL,OVERDOSE,551,551,551,20864371,43.005,54.127,999999.9999,STRONG_SIGNAL,HIGH,2026-05-24,2026-05-24 21:18:25.195280,1.0,0.9891,1
1896,FIASP,BLOOD GLUCOSE INCREASED,188,188,188,20864371,42.9691,48.0826,999999.9999,STRONG_SIGNAL,HIGH,2026-05-24,2026-05-24 21:18:25.195280,0.1968,0.0,13
9121,ALBUTEROL INHALER,VAGINAL HAEMORRHAGE,25,25,25,20864371,42.941,44.0447,999999.9999,STRONG_SIGNAL,HIGH,2026-05-24,2026-05-24 21:18:25.195280,0.04,0.0,1
289,ACIPHEX,RENAL FAILURE,1728,1728,1728,20864371,42.9376,53.5869,999999.9999,STRONG_SIGNAL,HIGH,2026-05-24,2026-05-24 21:18:25.195280,1.0,0.3166,1
6385,LEVETIRACETAM,STATUS EPILEPTICUS,122,122,122,20864371,42.9141,43.2513,999999.9999,STRONG_SIGNAL,HIGH,2026-05-24,2026-05-24 21:18:25.195280,1.0,0.1148,23
2753,DAYTRANA,PRODUCT QUALITY ISSUE,176,176,176,20864371,42.9031,45.296,999999.9999,STRONG_SIGNAL,HIGH,2026-05-24,2026-05-24 21:18:25.195280,0.0057,0.0,1
530,ZENHALE,ASTHMA,455,455,455,20864371,42.862,46.2791,999999.9999,STRONG_SIGNAL,HIGH,2026-05-24,2026-05-24 21:18:25.195280,0.9978,0.0088,1
2657,ZANTAC,NON-HODGKIN^S LYMPHOMA,259,259,259,20864371,42.8361,43.0211,999999.9999,STRONG_SIGNAL,HIGH,2026-05-24,2026-05-24 21:18:25.195280,1.0,0.0656,1
5290,GILENYA,MACULAR OEDEMA,157,157,157,20864371,42.8063,42.9217,999999.9999,STRONG_SIGNAL,HIGH,2026-05-24,2026-05-24 21:18:25.195280,0.9745,0.0064,15
9044,ABACAVIR LAMIVUDINE,COVID-19,6,6,6,20864371,42.8004,44.1067,999999.9999,STRONG_SIGNAL,MEDIUM,2026-05-24,2026-05-24 21:18:25.195280,1.0,0.0,2
850,OXYCONTIN,DEVELOPMENTAL DELAY,118,118,118,20864371,42.7856,42.9699,999999.9999,STRONG_SIGNAL,HIGH,2026-05-24,2026-05-24 21:18:25.195280,1.0,0.0424,1
395,NEXIUM,REBOUND EFFECT,769,769,769,20864371,42.7644,43.3468,999999.9999,STRONG_SIGNAL,HIGH,2026-05-24,2026-05-24 21:18:25.195280,0.6905,0.0195,3
4515,CETIRIZINE HYDROCHLORIDE,SYSTEMIC LUPUS ERYTHEMATOSUS,139,139,139,20864371,42.7635,43.81,999999.9999,STRONG_SIGNAL,HIGH,2026-05-24,2026-05-24 21:18:25.195280,1.0,0.0,1
8247,KRYSTEXXA,INFUSION RELATED REACTION,51,51,51,20864371,42.6831,44.5173,999999.9999,STRONG_SIGNAL,HIGH,2026-05-24,2026-05-24 21:18:25.195280,0.549,0.0,1
4892,N/A,SURGERY,44,44,44,20864371,42.6379,44.057,999999.9999,STRONG_SIGNAL,HIGH,2026-05-24,2026-05-24 21:18:25.195280,0.9773,0.0,1
5200,NAPROXEN,INCORRECT DOSAGE ADMINISTERED,145,145,145,20864371,42.6312,42.7673,999999.9999,STRONG_SIGNAL,HIGH,2026-05-24,2026-05-24 21:18:25.195280,0.069,0.0069,1
2049,ADMELOG,BLOOD GLUCOSE INCREASED,98,98,98,20864371,42.6297,47.6663,999999.9999,STRONG_SIGNAL,HIGH,2026-05-24,2026-05-24 21:18:25.195280,0.2755,0.0,1
4770,NOVOTHYROX,LOSS OF LIBIDO,137,137,137,20864371,42.612,42.7714,999999.9999,STRONG_SIGNAL,HIGH,2026-05-24,2026-05-24 21:18:25.195280,1.0,0.0,2
6578,SUMATRIPTAN SUMATRIPTAN SUCCINATE SOLUTION FOR,PRODUCT DOSE OMISSION,100,100,100,20864371,42.5823,50.5636,999999.9999,STRONG_SIGNAL,HIGH,2026-05-24,2026-05-24 21:18:25.195280,0.01,0.0,1
3458,BASAGLAR,BLOOD GLUCOSE ABNORMAL,188,188,188,20864371,42.5018,43.0314,999999.9999,STRONG_SIGNAL,HIGH,2026-05-24,2026-05-24 21:18:25.195280,0.1702,0.0,3
1280,SOLOSTAR,BLOOD GLUCOSE DECREASED,191,191,191,20864371,42.4334,43.4853,999999.9999,STRONG_SIGNAL,HIGH,2026-05-24,2026-05-24 21:18:25.195280,0.1204,0.0,4
8469,CLOZARIL,TROPONIN INCREASED,90,90,90,20864371,42.3943,42.5975,999999.9999,STRONG_SIGNAL,HIGH,2026-05-24,2026-05-24 21:18:25.195280,0.9889,0.0111,6
7887,CYCLOSPORINE,NEPHROPATHY TOXIC,71,71,71,20864371,42.3297,42.6549,999999.9999,STRONG_SIGNAL,HIGH,2026-05-24,2026-05-24 21:18:25.195280,0.9859,0.0282,12
951,ERIVEDGE,MUSCLE SPASMS,422,422,422,20864371,42.315,47.3819,999999.9999,STRONG_SIGNAL,HIGH,2026-05-24,2026-05-24 21:18:25.195280,0.1517,0.0071,13
6310,VALSARTAN,RECALLED PRODUCT ADMINISTERED,126,126,126,20864371,42.2845,42.4975,999999.9999,STRONG_SIGNAL,HIGH,2026-05-24,2026-05-24 21:18:25.195280,0.5635,0.0238,4
5054,ATROPINE SULFATE/DIPHENOXYLATE HYDROCHLORIDE,PRODUCT USE ISSUE,57,57,57,20864371,42.2583,47.393,999999.9999,STRONG_SIGNAL,HIGH,2026-05-24,2026-05-24 21:18:25.195280,0.386,0.0,1
5788,UVADEX,PRODUCT USE IN UNAPPROVED INDICATION,137,137,137,20864371,42.2131,55.5296,999999.9999,STRONG_SIGNAL,HIGH,2026-05-24,2026-05-24 21:18:25.195280,0.9854,0.3942,18
1264,MIRENA,MENORRHAGIA,481,481,481,20864371,42.1473,42.6098,999999.9999,STRONG_SIGNAL,HIGH,2026-05-24,2026-05-24 21:18:25.195280,0.4262,0.0,28
91,NEXPLANON,NO ADVERSE EVENT,2204,2204,2204,20864371,42.1234,44.9145,999999.9999,STRONG_SIGNAL,HIGH,2026-05-24,2026-05-24 21:18:25.195280,0.0653,0.0,2
3573,ONGLYZA,CARDIAC FAILURE,119,119,119,20864371,42.1215,44.8325,999999.9999,STRONG_SIGNAL,HIGH,2026-05-24,2026-05-24 21:18:25.195280,1.0,0.1008,4
9964,APO-AZATHIOPRINE,SYNOVITIS,17,17,17,20864371,42.0873,43.1521,999999.9999,STRONG_SIGNAL,HIGH,2026-05-24,2026-05-24 21:18:25.195280,1.0,0.0,1
7302,MEPOLIZUMAB,SPUTUM DISCOLOURED,106,106,106,20864371,42.049,42.4036,999999.9999,STRONG_SIGNAL,HIGH,2026-05-24,2026-05-24 21:18:25.195280,0.9811,0.0,3
6300,PLAN B ONE-STEP,BREAST PAIN,71,71,71,20864371,42.0417,42.3053,999999.9999,STRONG_SIGNAL,HIGH,2026-05-24,2026-05-24 21:18:25.195280,0.0282,0.0,1
3923,TALTZ,INJECTION SITE URTICARIA,169,169,169,20864371,42.0115,42.3649,999999.9999,STRONG_SIGNAL,HIGH,2026-05-24,2026-05-24 21:18:25.195280,0.0355,0.0,1
8323,ALEMTUZUMAB,IMMUNE THROMBOCYTOPENIC PURPURA,60,60,60,20864371,41.9483,42.1331,999999.9999,STRONG_SIGNAL,HIGH,2026-05-24,2026-05-24 21:18:25.195280,0.9667,0.0333,9
6821,MINIVELLE,THERAPY CESSATION,74,74,74,20864371,41.9176,44.4035,999999.9999,STRONG_SIGNAL,HIGH,2026-05-24,2026-05-24 21:18:25.195280,0.0676,0.0,1
7581,VIRAMUNE,FOETAL EXPOSURE DURING PREGNANCY,77,77,77,20864371,41.8823,44.4189,999999.9999,STRONG_SIGNAL,HIGH,2026-05-24,2026-05-24 21:18:25.195280,1.0,0.1039,8
9599,FLUTICASONE FUROATE,OBSTRUCTIVE AIRWAYS DISORDER,9,9,9,20864371,41.8548,42.3287,999999.9999,STRONG_SIGNAL,MEDIUM,2026-05-24,2026-05-24 21:18:25.195280,1.0,0.0,1
9970,DOLUTEGRAVIR,ABORTION SPONTANEOUS,78,78,78,20864371,41.84,42.5599,999999.9999,STRONG_SIGNAL,HIGH,2026-05-24,2026-05-24 21:18:25.195280,1.0,0.0,12
3038,HYDROXYCHLOROQUINE,RETINOPATHY,95,95,95,20864371,41.8304,41.9246,999999.9999,STRONG_SIGNAL,HIGH,2026-05-24,2026-05-24 21:18:25.195280,1.0,0.0,9
6607,COMPLERA,NEPHROPATHY,45,45,45,20864371,41.8184,42.3724,999999.9999,STRONG_SIGNAL,HIGH,2026-05-24,2026-05-24 21:18:25.195280,0.9556,0.0,1
318,SUTENT,NEOPLASM PROGRESSION,488,488,488,20864371,41.8167,43.0995,999999.9999,STRONG_SIGNAL,HIGH,2026-05-24,2026-05-24 21:18:25.195280,0.7049,0.2807,42
7219,CIPROFLOXACIN,TENDON PAIN,89,89,89,20864371,41.7579,41.9547,999999.9999,STRONG_SIGNAL,HIGH,2026-05-24,2026-05-24 21:18:25.195280,0.9551,0.0,9
153,PREVACID,RENAL INJURY,2891,2891,2891,20864371,41.6113,44.521,999999.9999,STRONG_SIGNAL,HIGH,2026-05-24,2026-05-24 21:18:25.195280,1.0,0.0571,2
9027,DEXAMETHASONE,PLASMA CELL LEUKAEMIA,31,31,31,20864371,41.5655,41.5837,999999.9999,STRONG_SIGNAL,HIGH,2026-05-24,2026-05-24 21:18:25.195280,0.9677,0.6129,12
186,GILENYA,MULTIPLE SCLEROSIS RELAPSE,1848,1848,1848,20864371,41.5027,42.86,999999.9999,STRONG_SIGNAL,HIGH,2026-05-24,2026-05-24 21:18:25.195280,0.9789,0.0054,45
4648,LYSANXIA,EXTRAPYRAMIDAL DISORDER,9,9,9,20864371,41.4923,41.8264,999999.9999,STRONG_SIGNAL,MEDIUM,2026-05-24,2026-05-24 21:18:25.195280,1.0,0.5556,1
8136,VENETOCLAX,CYTOPENIA,51,51,51,20864371,41.4645,41.7767,999999.9999,STRONG_SIGNAL,HIGH,2026-05-24,2026-05-24 21:18:25.195280,0.9804,0.1176,10
1577,DOCETAXEL HOSPIRA,ALOPECIA,211,211,211,20864371,41.3894,50.6526,999999.9999,STRONG_SIGNAL,HIGH,2026-05-24,2026-05-24 21:18:25.195280,0.0284,0.0,1
1801,PEGASYS,INTENTIONAL PRODUCT USE ISSUE,132,132,132,20864371,41.3702,44.3657,999999.9999,STRONG_SIGNAL,HIGH,2026-05-24,2026-05-24 21:18:25.195280,0.1818,0.0227,12
9880,PROLIA,ENDODONTIC PROCEDURE,76,76,76,20864371,41.3352,41.3809,999999.9999,STRONG_SIGNAL,HIGH,2026-05-24,2026-05-24 21:18:25.195280,0.2895,0.0,3
124,PREVACID,TUBULOINTERSTITIAL NEPHRITIS,1646,1646,1646,20864371,41.3003,42.895,999999.9999,STRONG_SIGNAL,HIGH,2026-05-24,2026-05-24 21:18:25.195280,1.0,0.1628,1
840,MS CONTIN,DRUG DEPENDENCE,764,764,764,20864371,41.2734,44.719,999999.9999,STRONG_SIGNAL,HIGH,2026-05-24,2026-05-24 21:18:25.195280,1.0,0.3796,1
5327,BEVESPI AEROSPHERE,DEVICE MALFUNCTION,47,47,47,20864371,41.2679,42.4929,999999.9999,STRONG_SIGNAL,HIGH,2026-05-24,2026-05-24 21:18:25.195280,0.1489,0.0,1
5270,ALIMTA,FEBRILE BONE MARROW APLASIA,27,27,27,20864371,41.2332,41.4833,999999.9999,STRONG_SIGNAL,HIGH,2026-05-24,2026-05-24 21:18:25.195280,1.0,0.5556,1
6819,RIBOCICLIB,BREAST CANCER,37,37,37,20864371,41.2148,42.2041,999999.9999,STRONG_SIGNAL,HIGH,2026-05-24,2026-05-24 21:18:25.195280,1.0,0.1081,14
5582,TOUJEO,BLOOD GLUCOSE FLUCTUATION,74,74,74,20864371,41.1667,41.3906,999999.9999,STRONG_SIGNAL,HIGH,2026-05-24,2026-05-24 21:18:25.195280,0.3243,0.0,10
9778,ALCOHOL,CARDIO-RESPIRATORY ARREST,84,84,84,20864371,41.0985,42.07,999999.9999,STRONG_SIGNAL,HIGH,2026-05-24,2026-05-24 21:18:25.195280,1.0,1.0,1
3529,BYDUREON,CIRCUMSTANCE OR INFORMATION CAPABLE OF LEADING TO MEDICATION ERROR,163,163,163,20864371,41.0842,41.4847,999999.9999,STRONG_SIGNAL,HIGH,2026-05-24,2026-05-24 21:18:25.195280,0.0859,0.0,2
2135,AIMOVIG,DEVICE DIFFICULT TO USE,314,314,314,20864371,41.0731,41.3269,999999.9999,STRONG_SIGNAL,HIGH,2026-05-24,2026-05-24 21:18:25.195280,0.0478,0.0,1
4977,ALENDRONATE SODIUM,FEMUR FRACTURE,104,104,104,20864371,41.0425,41.6594,999999.9999,STRONG_SIGNAL,HIGH,2026-05-24,2026-05-24 21:18:25.195280,1.0,0.0192,9
7337,NOVOLOG MIX 70/30,BLOOD GLUCOSE INCREASED,113,113,113,20864371,40.996,45.6267,999999.9999,STRONG_SIGNAL,HIGH,2026-05-24,2026-05-24 21:18:25.195280,0.5221,0.0,1
558,ADRIAMYCIN,ALOPECIA,1087,1087,1087,20864371,40.971,49.9239,999999.9999,STRONG_SIGNAL,HIGH,2026-05-24,2026-05-24 21:18:25.195280,0.7856,0.0009,3
740,GILENYA,LYMPHOCYTE COUNT DECREASED,859,859,859,20864371,40.9191,41.5299,999999.9999,STRONG_SIGNAL,HIGH,2026-05-24,2026-05-24 21:18:25.195280,0.6903,0.0058,34
3763,OXYTOCIN,FOETAL EXPOSURE DURING PREGNANCY,51,51,51,20864371,40.9067,43.3239,999999.9999,STRONG_SIGNAL,HIGH,2026-05-24,2026-05-24 21:18:25.195280,0.9804,0.098,13
5292,SALICYLATES NOS,TOXICITY TO VARIOUS AGENTS,21,21,21,20864371,40.8828,48.2947,999999.9999,STRONG_SIGNAL,HIGH,2026-05-24,2026-05-24 21:18:25.195280,1.0,1.0,1
495,LYNPARZA,MALIGNANT NEOPLASM PROGRESSION,543,543,543,20864371,40.8767,44.125,999999.9999,STRONG_SIGNAL,HIGH,2026-05-24,2026-05-24 21:18:25.195280,1.0,0.2099,36
9055,ABILIFY MAINTENA,SYRINGE ISSUE,27,27,27,20864371,40.844,41.0263,999999.9999,STRONG_SIGNAL,HIGH,2026-05-24,2026-05-24 21:18:25.195280,0.0,0.0,3
1202,CYTOXAN,EMOTIONAL DISTRESS,324,324,324,20864371,40.8032,42.8079,999999.9999,STRONG_SIGNAL,HIGH,2026-05-24,2026-05-24 21:18:25.195280,0.9907,0.0,1
9920,BYDUREON BCISE,DEVICE DEFECTIVE,71,71,71,20864371,40.7976,40.9407,999999.9999,STRONG_SIGNAL,HIGH,2026-05-24,2026-05-24 21:18:25.195280,0.0704,0.0,1
5998,REPAGLINIDE,LACTIC ACIDOSIS,80,80,80,20864371,40.79,41.9318,999999.9999,STRONG_SIGNAL,HIGH,2026-05-24,2026-05-24 21:18:25.195280,1.0,0.1875,3
6356,GLATIRAMER,INJECTION SITE SWELLING,100,100,100,20864371,40.7837,41.829,999999.9999,STRONG_SIGNAL,HIGH,2026-05-24,2026-05-24 21:18:25.195280,0.06,0.0,1
1250,RANITIDINE,PROSTATE CANCER,595,595,595,20864371,40.7611,41.4027,999999.9999,STRONG_SIGNAL,HIGH,2026-05-24,2026-05-24 21:18:25.195280,1.0,0.0168,5
4967,GAMMAGARD LIQUID,INFUSION RELATED REACTION,124,124,124,20864371,40.7263,42.3849,999999.9999,STRONG_SIGNAL,HIGH,2026-05-24,2026-05-24 21:18:25.195280,0.5323,0.0081,2
8789,CALCITRIOL,HYPOCALCAEMIA,61,61,61,20864371,40.6998,41.3101,999999.9999,STRONG_SIGNAL,HIGH,2026-05-24,2026-05-24 21:18:25.195280,0.9508,0.0164,9
8948,KEPPRA,PETIT MAL EPILEPSY,40,40,40,20864371,40.6899,40.7845,999999.9999,STRONG_SIGNAL,HIGH,2026-05-24,2026-05-24 21:18:25.195280,0.9,0.0,12
294,NEXIUM 24HR,END STAGE RENAL DISEASE,1761,1761,1761,20864371,40.6875,44.0331,999999.9999,STRONG_SIGNAL,HIGH,2026-05-24,2026-05-24 21:18:25.195280,1.0,0.1397,2
473,MIRENA,DEVICE BREAKAGE,435,435,435,20864371,40.68,41.0829,999999.9999,STRONG_SIGNAL,HIGH,2026-05-24,2026-05-24 21:18:25.195280,0.9103,0.0,32
6334,OFEV,ABNORMAL LOSS OF WEIGHT,80,80,80,20864371,40.6673,40.8666,999999.9999,STRONG_SIGNAL,HIGH,2026-05-24,2026-05-24 21:18:25.195280,0.175,0.025,3
3472,OPTILOVA,BALANCE DISORDER,10,10,10,20864371,40.6483,43.0367,999999.9999,STRONG_SIGNAL,HIGH,2026-05-24,2026-05-24 21:18:25.195280,1.0,0.0,1
9068,LAROXYL,COMA,91,91,91,20864371,40.4792,42.1144,999999.9999,STRONG_SIGNAL,HIGH,2026-05-24,2026-05-24 21:18:25.195280,1.0,0.0989,2
8286,XIFAXAN,HOSPICE CARE,59,59,59,20864371,40.4474,40.7551,999999.9999,STRONG_SIGNAL,HIGH,2026-05-24,2026-05-24 21:18:25.195280,0.9831,0.7966,1
6823,POMALYST,LIGHT CHAIN ANALYSIS INCREASED,21,21,21,20864371,40.4034,40.4356,999999.9999,STRONG_SIGNAL,HIGH,2026-05-24,2026-05-24 21:18:25.195280,0.381,0.0,2
9908,CETIRIZINE HYDROCHLORIDE,RHEUMATOID FACTOR POSITIVE,35,35,35,20864371,40.3885,40.6324,999999.9999,STRONG_SIGNAL,HIGH,2026-05-24,2026-05-24 21:18:25.195280,1.0,0.0,1
2025,GAMUNEX-C,URTICARIA,259,259,259,20864371,40.3482,45.5664,999999.9999,STRONG_SIGNAL,HIGH,2026-05-24,2026-05-24 21:18:25.195280,0.3089,0.0,1
5494,JAKAVI,SQUAMOUS CELL CARCINOMA,70,70,70,20864371,40.3262,40.5738,999999.9999,STRONG_SIGNAL,HIGH,2026-05-24,2026-05-24 21:18:25.195280,1.0,0.1,14
1845,DIANEAL LOW CALCIUM PERITONEAL DIALYSIS SOLUTION WITH DEXTROSE,PROCEDURAL PAIN,88,88,88,20864371,40.2788,40.8246,999999.9999,STRONG_SIGNAL,HIGH,2026-05-24,2026-05-24 21:18:25.195280,0.0795,0.0,1
5917,LEVOFLOXACIN,TENDON DISORDER,85,85,85,20864371,40.2688,40.4106,999999.9999,STRONG_SIGNAL,HIGH,2026-05-24,2026-05-24 21:18:25.195280,0.9176,0.0235,10
1407,OXYCONTIN,DRUG WITHDRAWAL SYNDROME,447,447,447,20864371,40.2373,40.9011,999999.9999,STRONG_SIGNAL,HIGH,2026-05-24,2026-05-24 21:18:25.195280,0.9732,0.4228,5
6986,TAGAMET HB,CHRONIC KIDNEY DISEASE,120,120,120,20864371,40.2317,55.5665,999999.9999,STRONG_SIGNAL,HIGH,2026-05-24,2026-05-24 21:18:25.195280,1.0,0.1167,1
9974,ENSTILAR,PSORIASIS,50,50,50,20864371,40.1898,43.3605,999999.9999,STRONG_SIGNAL,HIGH,2026-05-24,2026-05-24 21:18:25.195280,0.42,0.0,6
9061,AFINITOR,BLOOD CHROMOGRANIN A INCREASED,13,13,13,20864371,40.0947,40.1148,999999.9999,STRONG_SIGNAL,HIGH,2026-05-24,2026-05-24 21:18:25.195280,0.5385,0.3077,6
9816,NOVOLIN N,BLOOD GLUCOSE DECREASED,30,30,30,20864371,40.093,41.0418,999999.9999,STRONG_SIGNAL,HIGH,2026-05-24,2026-05-24 21:18:25.195280,0.6667,0.0,1
18,NEXIUM 24HR,CHRONIC KIDNEY DISEASE,6078,6078,6078,20864371,40.0085,54.3146,999999.9999,STRONG_SIGNAL,HIGH,2026-05-24,2026-05-24 21:18:25.195280,0.9763,0.077,2
769,NEXIUM 24HR,TUBULOINTERSTITIAL NEPHRITIS,868,868,868,20864371,39.9974,41.5513,999999.9999,STRONG_SIGNAL,HIGH,2026-05-24,2026-05-24 21:18:25.195280,1.0,0.1325,1
9200,POMALYST,PLASMA CELL MYELOMA RECURRENT,72,72,72,20864371,39.9722,40.0815,999999.9999,STRONG_SIGNAL,HIGH,2026-05-24,2026-05-24 21:18:25.195280,0.4722,0.0556,4
5671,CLOZARIL,MYOCARDITIS,124,124,124,20864371,39.9717,40.2357,999999.9999,STRONG_SIGNAL,HIGH,2026-05-24,2026-05-24 21:18:25.195280,1.0,0.0,6
4262,HYDROMORPHONE,DRUG WITHDRAWAL SYNDROME NEONATAL,138,138,138,20864371,39.9445,40.2825,999999.9999,STRONG_SIGNAL,HIGH,2026-05-24,2026-05-24 21:18:25.195280,1.0,0.0,2
378,KETOROLAC,TREATMENT FAILURE,421,421,421,20864371,39.8376,44.9615,999999.9999,STRONG_SIGNAL,HIGH,2026-05-24,2026-05-24 21:18:25.195280,0.0048,0.0,1
5449,XOLAIR,BLOOD IMMUNOGLOBULIN E INCREASED,61,61,61,20864371,39.7943,39.8725,999999.9999,STRONG_SIGNAL,HIGH,2026-05-24,2026-05-24 21:18:25.195280,0.7049,0.0164,12
9064,LISINOPRIL LISINOPRIL,HYPERKALAEMIA,26,26,26,20864371,39.772,41.1586,999999.9999,STRONG_SIGNAL,HIGH,2026-05-24,2026-05-24 21:18:25.195280,0.8462,0.0,1
5255,ALLEGRA ALLERGY,THERAPEUTIC RESPONSE DECREASED,126,126,126,20864371,39.7503,40.8678,999999.9999,STRONG_SIGNAL,HIGH,2026-05-24,2026-05-24 21:18:25.195280,0.0159,0.0,1
9667,OXYCODONE/ ACETAMINOPHEN TABLETS,CONGENITAL ANOMALY,24,24,24,20864371,39.733,39.8218,999999.9999,STRONG_SIGNAL,HIGH,2026-05-24,2026-05-24 21:18:25.195280,1.0,0.0,1
8680,LEXOTAN,DRUG ABUSE,57,57,57,20864371,39.6954,42.157,999999.9999,STRONG_SIGNAL,HIGH,2026-05-24,2026-05-24 21:18:25.195280,1.0,0.0,1
7279,NUCALA,ASTHMATIC CRISIS,33,33,33,20864371,39.6857,39.7669,999999.9999,STRONG_SIGNAL,HIGH,2026-05-24,2026-05-24 21:18:25.195280,1.0,0.0,5
2802,AJOVY,INJECTION SITE PRURITUS,110,110,110,20864371,39.6067,40.472,999999.9999,STRONG_SIGNAL,HIGH,2026-05-24,2026-05-24 21:18:25.195280,0.1364,0.0,4
3192,REVLIMID,PLASMA CELL MYELOMA RECURRENT,244,244,244,20864371,39.5776,39.6724,999999.9999,STRONG_SIGNAL,HIGH,2026-05-24,2026-05-24 21:18:25.195280,0.4631,0.0779,16
4687,DOXORUBICIN,CARDIOTOXICITY,83,83,83,20864371,39.5464,39.761,999999.9999,STRONG_SIGNAL,HIGH,2026-05-24,2026-05-24 21:18:25.195280,1.0,0.1205,17
5660,STELARA,COLECTOMY,107,107,107,20864371,39.5335,39.6147,999999.9999,STRONG_SIGNAL,HIGH,2026-05-24,2026-05-24 21:18:25.195280,0.9907,0.0187,12
4763,ZANTAC 75 OTC,CHRONIC KIDNEY DISEASE,37,37,37,20864371,39.5067,54.1948,999999.9999,STRONG_SIGNAL,HIGH,2026-05-24,2026-05-24 21:18:25.195280,1.0,0.027,1
1363,POMALYST,FULL BLOOD COUNT DECREASED,289,289,289,20864371,39.4951,39.9324,999999.9999,STRONG_SIGNAL,HIGH,2026-05-24,2026-05-24 21:18:25.195280,0.692,0.0519,3
6350,DENOSUMAB,METASTASES TO BONE,57,57,57,20864371,39.2673,39.6959,999999.9999,STRONG_SIGNAL,HIGH,2026-05-24,2026-05-24 21:18:25.195280,1.0,0.1228,15
8159,ATROVENT,OBSTRUCTIVE AIRWAYS DISORDER,88,88,88,20864371,39.2012,39.6103,999999.9999,STRONG_SIGNAL,HIGH,2026-05-24,2026-05-24 21:18:25.195280,1.0,0.0,3
5818,DUOPA,DEVICE DISLOCATION,80,80,80,20864371,39.1795,39.9452,999999.9999,STRONG_SIGNAL,HIGH,2026-05-24,2026-05-24 21:18:25.195280,0.725,0.05,1
5453,TRAVATAN Z,OCULAR HYPERAEMIA,81,81,81,20864371,39.1234,40.0271,999999.9999,STRONG_SIGNAL,HIGH,2026-05-24,2026-05-24 21:18:25.195280,0.0864,0.0,3
5782,REMICADE,DRUG SPECIFIC ANTIBODY,94,94,94,20864371,39.0974,39.1569,999999.9999,STRONG_SIGNAL,HIGH,2026-05-24,2026-05-24 21:18:25.195280,0.5,0.0,14
8643,JAKAFI,PLATELET COUNT INCREASED,91,91,91,20864371,39.0959,39.4251,999999.9999,STRONG_SIGNAL,HIGH,2026-05-24,2026-05-24 21:18:25.195280,0.3626,0.011,1
8396,FLUTICASONE PROPIONATE NASAL SPRAY,EPISTAXIS,12,12,12,20864371,39.0894,41.2454,999999.9999,STRONG_SIGNAL,HIGH,2026-05-24,2026-05-24 21:18:25.195280,0.75,0.0,1
1377,HUMULIN N,BLOOD GLUCOSE INCREASED,414,414,414,20864371,39.0685,43.2204,999999.9999,STRONG_SIGNAL,HIGH,2026-05-24,2026-05-24 21:18:25.195280,0.3913,0.0024,12
7066,ROLAIDS,RENAL INJURY,74,74,74,20864371,39.0517,41.8232,999999.9999,STRONG_SIGNAL,HIGH,2026-05-24,2026-05-24 21:18:25.195280,1.0,0.0946,1
233,LANTUS SOLOSTAR,DEVICE ISSUE,889,889,889,20864371,39.0434,40.8457,999999.9999,STRONG_SIGNAL,HIGH,2026-05-24,2026-05-24 21:18:25.195280,0.0922,0.0,7
1677,ADRIAMYCIN,EMOTIONAL DISTRESS,273,273,273,20864371,39.0296,40.8616,999999.9999,STRONG_SIGNAL,HIGH,2026-05-24,2026-05-24 21:18:25.195280,0.9927,0.0,1
7813,AUSTEDO,DYSKINESIA,80,80,80,20864371,38.9185,39.8782,999999.9999,STRONG_SIGNAL,HIGH,2026-05-24,2026-05-24 21:18:25.195280,0.35,0.0125,1
7869,NINLARO,PRODUCT PHYSICAL ISSUE,86,86,86,20864371,38.8233,39.1971,999999.9999,STRONG_SIGNAL,HIGH,2026-05-24,2026-05-24 21:18:25.195280,0.0349,0.0,3
5450,MS CONTIN,DEVELOPMENTAL DELAY,40,40,40,20864371,38.8146,38.9712,999999.9999,STRONG_SIGNAL,HIGH,2026-05-24,2026-05-24 21:18:25.195280,1.0,0.025,1
5287,CRYSVITA,INJECTION SITE PRURITUS,53,53,53,20864371,38.8033,39.6371,999999.9999,STRONG_SIGNAL,HIGH,2026-05-24,2026-05-24 21:18:25.195280,0.0377,0.0,1
5905,PULMICORT FLEXHALER,DEVICE ISSUE,128,128,128,20864371,38.7974,40.6335,999999.9999,STRONG_SIGNAL,HIGH,2026-05-24,2026-05-24 21:18:25.195280,0.1406,0.0078,1
7964,BAYER LOW DOSE,HAEMATURIA,84,84,84,20864371,38.779,39.7277,999999.9999,STRONG_SIGNAL,HIGH,2026-05-24,2026-05-24 21:18:25.195280,1.0,0.2976,1
1736,XIIDRA,DRY EYE,224,224,224,20864371,38.7622,39.675,999999.9999,STRONG_SIGNAL,HIGH,2026-05-24,2026-05-24 21:18:25.195280,0.1741,0.0,1
679,SUBSYS,TOXICITY TO VARIOUS AGENTS,266,266,266,20864371,38.6879,45.2273,999999.9999,STRONG_SIGNAL,HIGH,2026-05-24,2026-05-24 21:18:25.195280,1.0,0.9812,1
2240,BASAGLAR,BLOOD GLUCOSE DECREASED,333,333,333,20864371,38.6802,39.5403,999999.9999,STRONG_SIGNAL,HIGH,2026-05-24,2026-05-24 21:18:25.195280,0.3333,0.006,3
6390,ORILISSA,DYSMENORRHOEA,34,34,34,20864371,38.61,38.8876,999999.9999,STRONG_SIGNAL,HIGH,2026-05-24,2026-05-24 21:18:25.195280,0.4706,0.0,2
4140,JANUVIA,PANCREATIC CARCINOMA,174,174,174,20864371,38.5294,38.8991,999999.9999,STRONG_SIGNAL,HIGH,2026-05-24,2026-05-24 21:18:25.195280,1.0,0.5862,12
9959,FIASP,DIABETES MELLITUS INADEQUATE CONTROL,22,22,22,20864371,38.5115,38.9944,999999.9999,STRONG_SIGNAL,HIGH,2026-05-24,2026-05-24 21:18:25.195280,0.3636,0.0,4
8022,OPTIRAY 320,URTICARIA,25,25,25,20864371,38.4867,43.2199,999999.9999,STRONG_SIGNAL,HIGH,2026-05-24,2026-05-24 21:18:25.195280,0.08,0.0,3
8453,LISINOPRIL,HYPOALDOSTERONISM,9,9,9,20864371,38.4511,38.456,999999.9999,STRONG_SIGNAL,MEDIUM,2026-05-24,2026-05-24 21:18:25.195280,1.0,0.0,1
2895,SUMATRIPTAN,PRODUCT QUALITY ISSUE,248,248,248,20864371,38.4359,40.3345,999999.9999,STRONG_SIGNAL,HIGH,2026-05-24,2026-05-24 21:18:25.195280,0.0121,0.0,1
2329,INVEGA SUSTENNA,GYNAECOMASTIA,97,97,97,20864371,38.418,38.8116,999999.9999,STRONG_SIGNAL,HIGH,2026-05-24,2026-05-24 21:18:25.195280,0.2474,0.0,1
8936,LEVODOPA,PARKINSON^S DISEASE,41,41,41,20864371,38.4105,38.9363,999999.9999,STRONG_SIGNAL,HIGH,2026-05-24,2026-05-24 21:18:25.195280,0.9512,0.1463,12
8374,TOPICORTEN,HEPATIC ENZYME INCREASED,6,6,6,20864371,38.3348,39.9348,999999.9999,STRONG_SIGNAL,MEDIUM,2026-05-24,2026-05-24 21:18:25.195280,1.0,0.0,1
6145,PALYNZIQ,INJECTION SITE PRURITUS,86,86,86,20864371,38.2507,39.0581,999999.9999,STRONG_SIGNAL,HIGH,2026-05-24,2026-05-24 21:18:25.195280,0.0,0.0,1
8522,VALPROIC ACID,CATATONIA,32,32,32,20864371,38.1805,38.3136,999999.9999,STRONG_SIGNAL,HIGH,2026-05-24,2026-05-24 21:18:25.195280,1.0,0.0,7
6354,DUPIXENT,BLEPHARITIS,72,72,72,20864371,38.1764,38.2393,999999.9999,STRONG_SIGNAL,HIGH,2026-05-24,2026-05-24 21:18:25.195280,0.1528,0.0,3
3314,LACOSAMIDE,SEIZURE,213,213,213,20864371,38.1742,41.3708,999999.9999,STRONG_SIGNAL,HIGH,2026-05-24,2026-05-24 21:18:25.195280,0.9765,0.0563,23
2395,MEPOLIZUMAB,LUNG INFECTION,163,163,163,20864371,38.0402,38.5345,999999.9999,STRONG_SIGNAL,HIGH,2026-05-24,2026-05-24 21:18:25.195280,1.0,0.0307,1
586,SUBLOCADE,INJECTION SITE ERYTHEMA,154,154,154,20864371,37.9911,39.3455,999999.9999,STRONG_SIGNAL,HIGH,2026-05-24,2026-05-24 21:18:25.195280,0.0519,0.0,1
4258,MEPOLIZUMAB,ASTHMATIC CRISIS,25,25,25,20864371,37.9787,38.0536,999999.9999,STRONG_SIGNAL,HIGH,2026-05-24,2026-05-24 21:18:25.195280,1.0,0.0,6
988,LATUDA,BIPOLAR DISORDER,95,95,95,20864371,37.9622,38.1592,999999.9999,STRONG_SIGNAL,HIGH,2026-05-24,2026-05-24 21:18:25.195280,0.6526,0.0,4
1814,TANZEUM,DRUG DOSE OMISSION,66,66,66,20864371,37.9612,40.5955,999999.9999,STRONG_SIGNAL,HIGH,2026-05-24,2026-05-24 21:18:25.195280,0.0,0.0,1
6570,AZTREONAM LYSINE,LUNG INFECTION,82,82,82,20864371,37.9368,38.4338,999999.9999,STRONG_SIGNAL,HIGH,2026-05-24,2026-05-24 21:18:25.195280,1.0,0.0122,2
3119,PERJETA,CARDIAC DYSFUNCTION,16,16,16,20864371,37.8528,37.9643,999999.9999,STRONG_SIGNAL,HIGH,2026-05-24,2026-05-24 21:18:25.195280,1.0,0.0,6
6814,NUVARING,VAGINAL DISCHARGE,33,33,33,20864371,37.753,37.9439,999999.9999,STRONG_SIGNAL,HIGH,2026-05-24,2026-05-24 21:18:25.195280,0.2424,0.0,6
1714,REPATHA,OCCUPATIONAL EXPOSURE TO PRODUCT,327,327,327,20864371,37.6611,37.7932,999999.9999,STRONG_SIGNAL,HIGH,2026-05-24,2026-05-24 21:18:25.195280,0.0061,0.0,2
5417,RANITIDINE,OVARIAN CANCER,119,119,119,20864371,37.5836,37.7002,999999.9999,STRONG_SIGNAL,HIGH,2026-05-24,2026-05-24 21:18:25.195280,1.0,0.0924,1
410,PRILOSEC OTC,TUBULOINTERSTITIAL NEPHRITIS,822,822,822,20864371,37.4907,38.8535,999999.9999,STRONG_SIGNAL,HIGH,2026-05-24,2026-05-24 21:18:25.195280,1.0,0.1277,1
5747,RITONAVIR,LOW BIRTH WEIGHT BABY,30,30,30,20864371,37.4844,37.7283,999999.9999,STRONG_SIGNAL,HIGH,2026-05-24,2026-05-24 21:18:25.195280,0.9333,0.0,6
3604,FLOVENT,WRONG TECHNIQUE IN DEVICE USAGE PROCESS,183,183,183,20864371,37.4535,38.2736,999999.9999,STRONG_SIGNAL,HIGH,2026-05-24,2026-05-24 21:18:25.195280,0.0109,0.0,1
3567,LEVOFLOXACIN,TENDONITIS,203,203,203,20864371,37.42,37.7359,999999.9999,STRONG_SIGNAL,HIGH,2026-05-24,2026-05-24 21:18:25.195280,0.9015,0.0049,14
841,RESTASIS,OCULAR DISCOMFORT,68,68,68,20864371,37.397,37.5699,999999.9999,STRONG_SIGNAL,HIGH,2026-05-24,2026-05-24 21:18:25.195280,0.0294,0.0,1
1137,HUMALOG,BLOOD GLUCOSE ABNORMAL,399,399,399,20864371,37.3473,37.7405,999999.9999,STRONG_SIGNAL,HIGH,2026-05-24,2026-05-24 21:18:25.195280,0.3409,0.01,11
5360,PULMOZYME,PSEUDOMONAS INFECTION,45,45,45,20864371,37.3181,37.5147,999999.9999,STRONG_SIGNAL,HIGH,2026-05-24,2026-05-24 21:18:25.195280,0.6667,0.0,3
4436,XOLAIR,INTERCEPTED MEDICATION ERROR,61,61,61,20864371,37.316,37.3893,999999.9999,STRONG_SIGNAL,HIGH,2026-05-24,2026-05-24 21:18:25.195280,0.0,0.0,1
9914,ESTRADIOL VAGINAL INSERTS USP,NO ADVERSE EVENT,11,11,11,20864371,37.302,39.6237,999999.9999,STRONG_SIGNAL,HIGH,2026-05-24,2026-05-24 21:18:25.195280,0.0,0.0,1
5607,EYLEA,UVEITIS,115,115,115,20864371,37.2604,37.5237,999999.9999,STRONG_SIGNAL,HIGH,2026-05-24,2026-05-24 21:18:25.195280,0.9913,0.0174,10
9391,TECFIDERA,NUCLEAR MAGNETIC RESONANCE IMAGING ABNORMAL,56,56,56,20864371,37.2376,37.2693,999999.9999,STRONG_SIGNAL,HIGH,2026-05-24,2026-05-24 21:18:25.195280,0.3571,0.0,7
7103,ERIVEDGE,TASTE DISORDER,44,44,44,20864371,37.1953,37.6123,999999.9999,STRONG_SIGNAL,HIGH,2026-05-24,2026-05-24 21:18:25.195280,0.2273,0.0,1
8252,VANCOMYCIN,RASH MORBILLIFORM,34,34,34,20864371,37.1734,37.2415,999999.9999,STRONG_SIGNAL,HIGH,2026-05-24,2026-05-24 21:18:25.195280,1.0,0.0,7
1396,MAVENCLAD,MULTIPLE SCLEROSIS RELAPSE,83,83,83,20864371,37.1124,38.3084,999999.9999,STRONG_SIGNAL,HIGH,2026-05-24,2026-05-24 21:18:25.195280,0.6024,0.0,22
237,DEXILANT,TUBULOINTERSTITIAL NEPHRITIS,1002,1002,1002,20864371,37.0732,38.3928,999999.9999,STRONG_SIGNAL,HIGH,2026-05-24,2026-05-24 21:18:25.195280,1.0,0.1697,2
863,SENSIPAR,INTENTIONAL PRODUCT MISUSE,856,856,856,20864371,37.069,38.9918,999999.9999,STRONG_SIGNAL,HIGH,2026-05-24,2026-05-24 21:18:25.195280,0.0105,0.0,1
658,DULAGLUTIDE,ACCIDENTAL OVERDOSE,901,901,901,20864371,37.0581,37.7472,999999.9999,STRONG_SIGNAL,HIGH,2026-05-24,2026-05-24 21:18:25.195280,0.0211,0.0,6
8045,MYCOPHENOLATE MOFETIL,KAPOSI^S SARCOMA,40,40,40,20864371,37.0569,37.1261,999999.9999,STRONG_SIGNAL,HIGH,2026-05-24,2026-05-24 21:18:25.195280,1.0,0.1,15
2394,DOLIPRANE,CHOLESTASIS,102,102,102,20864371,37.0549,37.7433,999999.9999,STRONG_SIGNAL,HIGH,2026-05-24,2026-05-24 21:18:25.195280,1.0,0.1275,1
9162,MOVICOLON,LANGUAGE DISORDER,3,3,3,20864371,37.0168,37.0905,999999.9999,STRONG_SIGNAL,LOW,2026-05-24,2026-05-24 21:18:25.195280,1.0,0.3333,1
3720,NALTREXONE,INJECTION SITE INDURATION,16,16,16,20864371,37.0049,37.1862,999999.9999,STRONG_SIGNAL,HIGH,2026-05-24,2026-05-24 21:18:25.195280,0.0625,0.0,1
107,REVLIMID,PLASMA CELL MYELOMA,2301,2301,2301,20864371,36.981,37.833,999999.9999,STRONG_SIGNAL,HIGH,2026-05-24,2026-05-24 21:18:25.195280,0.8857,0.568,37
6730,SYSTANE HYPROMELLOSE 2910 4000 MPA S,DRY EYE,57,57,57,20864371,36.9577,37.7963,999999.9999,STRONG_SIGNAL,HIGH,2026-05-24,2026-05-24 21:18:25.195280,0.2105,0.0,4
3416,PYOSTACINE,DRUG REACTION WITH EOSINOPHILIA AND SYSTEMIC SYMPTOMS,9,9,9,20864371,36.9399,37.6123,999999.9999,STRONG_SIGNAL,MEDIUM,2026-05-24,2026-05-24 21:18:25.195280,1.0,0.0,1
2144,SOLIRIS,MYASTHENIA GRAVIS,112,112,112,20864371,36.9189,37.0411,999999.9999,STRONG_SIGNAL,HIGH,2026-05-24,2026-05-24 21:18:25.195280,0.9554,0.0446,4
8921,LITHIUM,MANIA,92,92,92,20864371,36.9094,37.228,999999.9999,STRONG_SIGNAL,HIGH,2026-05-24,2026-05-24 21:18:25.195280,0.7717,0.0109,17
9495,EMFLAZA,ABNORMAL BEHAVIOUR,77,77,77,20864371,36.8741,37.5031,999999.9999,STRONG_SIGNAL,HIGH,2026-05-24,2026-05-24 21:18:25.195280,0.0519,0.0,1
6723,STIVARGA,COLON CANCER,74,74,74,20864371,36.8653,37.1245,999999.9999,STRONG_SIGNAL,HIGH,2026-05-24,2026-05-24 21:18:25.195280,1.0,0.2162,12
778,FASENRA,ASTHMA,488,488,488,20864371,36.8473,39.3322,999999.9999,STRONG_SIGNAL,HIGH,2026-05-24,2026-05-24 21:18:25.195280,0.4754,0.0225,18
5195,NOVOLIN R,BLOOD GLUCOSE INCREASED,131,131,131,20864371,36.8229,40.5036,999999.9999,STRONG_SIGNAL,HIGH,2026-05-24,2026-05-24 21:18:25.195280,0.5954,0.0,2
2791,BETAMETHASONE,FOETAL EXPOSURE DURING PREGNANCY,280,280,280,20864371,36.799,38.7222,999999.9999,STRONG_SIGNAL,HIGH,2026-05-24,2026-05-24 21:18:25.195280,1.0,0.0429,36
7939,ANASTROZOLE,METASTASES TO LYMPH NODES,36,36,36,20864371,36.733,36.8911,999999.9999,STRONG_SIGNAL,HIGH,2026-05-24,2026-05-24 21:18:25.195280,1.0,0.0556,15
78,PRILOSEC OTC,CHRONIC KIDNEY DISEASE,5637,5637,5637,20864371,36.6954,48.3973,999999.9999,STRONG_SIGNAL,HIGH,2026-05-24,2026-05-24 21:18:25.195280,0.9212,0.0756,2
2436,NOVORAPID,HYPOGLYCAEMIA,321,321,321,20864371,36.687,37.8764,999999.9999,STRONG_SIGNAL,HIGH,2026-05-24,2026-05-24 21:18:25.195280,1.0,0.0374,32
2804,BENLYSTA,PRODUCT COMPLAINT,157,157,157,20864371,36.6132,37.0053,999999.9999,STRONG_SIGNAL,HIGH,2026-05-24,2026-05-24 21:18:25.195280,0.0318,0.0,1
5133,DARBEPOETIN ALFA,HOSPITALISATION,135,135,135,20864371,36.601,39.6428,999999.9999,STRONG_SIGNAL,HIGH,2026-05-24,2026-05-24 21:18:25.195280,1.0,0.0667,2
2218,MULTIVITAMIN /00097801/,DEVICE EXPULSION,86,86,86,20864371,36.5208,37.4605,999999.9999,STRONG_SIGNAL,HIGH,2026-05-24,2026-05-24 21:18:25.195280,0.1744,0.0,1
3898,PEGASYS,NO ADVERSE EVENT,112,112,112,20864371,36.477,38.6857,999999.9999,STRONG_SIGNAL,HIGH,2026-05-24,2026-05-24 21:18:25.195280,0.0268,0.0,3
5215,SALBUTAMOL SULPHATE,CHRONIC OBSTRUCTIVE PULMONARY DISEASE,139,139,139,20864371,36.4653,37.6618,999999.9999,STRONG_SIGNAL,HIGH,2026-05-24,2026-05-24 21:18:25.195280,1.0,0.0144,6
3856,DASATINIB,PLEURAL EFFUSION,155,155,155,20864371,36.354,37.7445,999999.9999,STRONG_SIGNAL,HIGH,2026-05-24,2026-05-24 21:18:25.195280,0.8903,0.0645,25
4640,SUBUTEX,DEVELOPMENTAL DELAY,10,10,10,20864371,36.352,36.491,999999.9999,STRONG_SIGNAL,HIGH,2026-05-24,2026-05-24 21:18:25.195280,1.0,0.0,1
1663,BOTOX,PRODUCT PREPARATION ERROR,107,107,107,20864371,36.3081,36.5278,999999.9999,STRONG_SIGNAL,HIGH,2026-05-24,2026-05-24 21:18:25.195280,0.0187,0.0,1
4859,REMICADE,DRUG SPECIFIC ANTIBODY PRESENT,134,134,134,20864371,36.2537,36.3323,999999.9999,STRONG_SIGNAL,HIGH,2026-05-24,2026-05-24 21:18:25.195280,0.597,0.0075,15
5986,PERMIXON,EOSINOPHILIA,10,10,10,20864371,36.237,36.6941,999999.9999,STRONG_SIGNAL,HIGH,2026-05-24,2026-05-24 21:18:25.195280,1.0,0.0,1
1012,ARANESP,HOSPITALISATION,681,681,681,20864371,36.1664,39.0944,999999.9999,STRONG_SIGNAL,HIGH,2026-05-24,2026-05-24 21:18:25.195280,1.0,0.1116,7
9991,MIRCERA,UNRESPONSIVE TO STIMULI,70,70,70,20864371,36.165,36.6151,999999.9999,STRONG_SIGNAL,HIGH,2026-05-24,2026-05-24 21:18:25.195280,1.0,0.4286,4
4461,ZYDONE,ACCIDENTAL OVERDOSE,55,55,55,20864371,36.1541,36.8613,999999.9999,STRONG_SIGNAL,HIGH,2026-05-24,2026-05-24 21:18:25.195280,1.0,1.0,1
8823,AMBRISENTAN,SCLERODERMA,75,75,75,20864371,36.1259,36.1979,999999.9999,STRONG_SIGNAL,HIGH,2026-05-24,2026-05-24 21:18:25.195280,0.9733,0.1733,3
7265,FORTEO,BLOOD CALCIUM INCREASED,70,70,70,20864371,36.1154,36.2483,999999.9999,STRONG_SIGNAL,HIGH,2026-05-24,2026-05-24 21:18:25.195280,0.1714,0.0143,4
560,CEFTIN,DRUG HYPERSENSITIVITY,94,94,94,20864371,36.1093,42.0132,999999.9999,STRONG_SIGNAL,HIGH,2026-05-24,2026-05-24 21:18:25.195280,0.0532,0.0,2
6299,INTERFERON BETA-1B,INFLUENZA LIKE ILLNESS,28,28,28,20864371,36.0989,37.3971,999999.9999,STRONG_SIGNAL,HIGH,2026-05-24,2026-05-24 21:18:25.195280,1.0,0.0,5
1934,XYZAL ALLERGY 24HR,SOMNOLENCE,342,342,342,20864371,36.0767,40.7627,999999.9999,STRONG_SIGNAL,HIGH,2026-05-24,2026-05-24 21:18:25.195280,0.0175,0.0,1
5929,ENALAPRIL,WRONG PATIENT RECEIVED MEDICATION,7,7,7,20864371,36.0287,36.0451,999999.9999,STRONG_SIGNAL,MEDIUM,2026-05-24,2026-05-24 21:18:25.195280,1.0,0.0,2
7931,IDARUBICIN,FEBRILE NEUTROPENIA,103,103,103,20864371,36.0059,37.7943,999999.9999,STRONG_SIGNAL,HIGH,2026-05-24,2026-05-24 21:18:25.195280,1.0,0.0874,19
710,REVLIMID,FULL BLOOD COUNT DECREASED,914,914,914,20864371,35.9869,36.3113,999999.9999,STRONG_SIGNAL,HIGH,2026-05-24,2026-05-24 21:18:25.195280,0.7418,0.0186,7
8794,OXALIPLATIN,DERMATITIS ACNEIFORM,95,95,95,20864371,35.9666,36.082,999999.9999,STRONG_SIGNAL,HIGH,2026-05-24,2026-05-24 21:18:25.195280,0.9789,0.0526,13
3964,FASLODEX,METASTASES TO BONE,122,122,122,20864371,35.8935,36.2466,999999.9999,STRONG_SIGNAL,HIGH,2026-05-24,2026-05-24 21:18:25.195280,1.0,0.082,24
7240,TRIZIVIR,EMOTIONAL DISTRESS,7,7,7,20864371,35.8686,37.4232,999999.9999,STRONG_SIGNAL,MEDIUM,2026-05-24,2026-05-24 21:18:25.195280,0.8571,0.0,1
6154,ABREVA,EXPIRED PRODUCT ADMINISTERED,84,84,84,20864371,35.8391,36.4141,999999.9999,STRONG_SIGNAL,HIGH,2026-05-24,2026-05-24 21:18:25.195280,0.0,0.0,1
6704,AMPYRA,PERONEAL NERVE PALSY,96,96,96,20864371,35.8255,35.9209,999999.9999,STRONG_SIGNAL,HIGH,2026-05-24,2026-05-24 21:18:25.195280,0.2604,0.0,1
1160,MIRENA,POST PROCEDURAL HAEMORRHAGE,238,238,238,20864371,35.7964,35.9888,999999.9999,STRONG_SIGNAL,HIGH,2026-05-24,2026-05-24 21:18:25.195280,0.9958,0.0,15
7276,BAMLANIVIMAB,OXYGEN SATURATION DECREASED,97,97,97,20864371,35.7494,37.0656,999999.9999,STRONG_SIGNAL,HIGH,2026-05-24,2026-05-24 21:18:25.195280,0.9485,0.0515,1
9726,LORMETAZEPAM,COMA,84,84,84,20864371,35.7434,37.0084,999999.9999,STRONG_SIGNAL,HIGH,2026-05-24,2026-05-24 21:18:25.195280,1.0,0.0,1
2359,DUODOPA,PARKINSON^S DISEASE,333,333,333,20864371,35.7414,36.178,999999.9999,STRONG_SIGNAL,HIGH,2026-05-24,2026-05-24 21:18:25.195280,0.997,0.4174,29
7214,BUDESONIDE/FORMOTEROL FUMARATE,ASTHMA,43,43,43,20864371,35.7351,38.0946,999999.9999,STRONG_SIGNAL,HIGH,2026-05-24,2026-05-24 21:18:25.195280,1.0,0.0,2
2499,MULTIHANCE,BURNING SENSATION,166,166,166,20864371,35.6694,36.8984,999999.9999,STRONG_SIGNAL,HIGH,2026-05-24,2026-05-24 21:18:25.195280,0.9518,0.006,3
277,PRILOSEC OTC,END STAGE RENAL DISEASE,1563,1563,1563,20864371,35.6489,38.1951,999999.9999,STRONG_SIGNAL,HIGH,2026-05-24,2026-05-24 21:18:25.195280,1.0,0.142,2
9722,SYSTANE BALANCE,VISION BLURRED,34,34,34,20864371,35.5809,37.9046,999999.9999,STRONG_SIGNAL,HIGH,2026-05-24,2026-05-24 21:18:25.195280,0.0,0.0,1
2339,RIVAROXABAN,HAEMORRHAGIC STROKE,309,309,309,20864371,35.523,35.6623,999999.9999,STRONG_SIGNAL,HIGH,2026-05-24,2026-05-24 21:18:25.195280,1.0,0.4854,12
543,MULTIHANCE,INFLAMMATION,142,142,142,20864371,35.5212,36.5626,999999.9999,STRONG_SIGNAL,HIGH,2026-05-24,2026-05-24 21:18:25.195280,1.0,0.0,2
7406,PROLIA,BONE DENSITY ABNORMAL,90,90,90,20864371,35.4978,35.5441,999999.9999,STRONG_SIGNAL,HIGH,2026-05-24,2026-05-24 21:18:25.195280,0.1667,0.0,5
8586,MINIVELLE,PRODUCT QUALITY ISSUE,58,58,58,20864371,35.4966,37.118,999999.9999,STRONG_SIGNAL,HIGH,2026-05-24,2026-05-24 21:18:25.195280,0.0172,0.0,1
1667,DEXAMETHASONE,PLASMA CELL MYELOMA RECURRENT,161,161,161,20864371,35.4535,35.5341,999999.9999,STRONG_SIGNAL,HIGH,2026-05-24,2026-05-24 21:18:25.195280,0.8882,0.0807,19
7129,GEMCITABINE,CAPILLARY LEAK SYNDROME,7,7,7,20864371,35.4431,35.4925,999999.9999,STRONG_SIGNAL,MEDIUM,2026-05-24,2026-05-24 21:18:25.195280,1.0,0.7143,3
1614,DOLIPRANE,HEPATOCELLULAR INJURY,132,132,132,20864371,35.4127,36.2678,999999.9999,STRONG_SIGNAL,HIGH,2026-05-24,2026-05-24 21:18:25.195280,1.0,0.1288,1
6104,BRILINTA,BLEEDING TIME PROLONGED,3,3,3,20864371,35.3837,35.4107,999999.9999,STRONG_SIGNAL,LOW,2026-05-24,2026-05-24 21:18:25.195280,0.6667,0.0,2
7794,CLOFAZIMINE,ELECTROCARDIOGRAM QT PROLONGED,84,84,84,20864371,35.3824,36.4232,999999.9999,STRONG_SIGNAL,HIGH,2026-05-24,2026-05-24 21:18:25.195280,1.0,0.2024,21
5335,OTHER THERAPEUTIC PRODUCTS,DRUG SCREEN FALSE POSITIVE,3,3,3,20864371,35.3344,35.3693,999999.9999,STRONG_SIGNAL,LOW,2026-05-24,2026-05-24 21:18:25.195280,0.0,0.0,1
5512,BROMAZEPAM,COMA,153,153,153,20864371,35.3255,36.556,999999.9999,STRONG_SIGNAL,HIGH,2026-05-24,2026-05-24 21:18:25.195280,1.0,0.0261,5
3061,NORVIR,FOETAL EXPOSURE DURING PREGNANCY,178,178,178,20864371,35.3207,37.093,999999.9999,STRONG_SIGNAL,HIGH,2026-05-24,2026-05-24 21:18:25.195280,0.9944,0.191,9
115,DOXIL,INTERSTITIAL LUNG DISEASE,162,162,162,20864371,35.2488,36.5126,999999.9999,STRONG_SIGNAL,HIGH,2026-05-24,2026-05-24 21:18:25.195280,1.0,0.0062,3
3094,RITONAVIR,FOETAL EXPOSURE DURING PREGNANCY,221,221,221,20864371,35.244,37.0056,999999.9999,STRONG_SIGNAL,HIGH,2026-05-24,2026-05-24 21:18:25.195280,0.9502,0.0905,14
4482,CORTISONE ACETATE,WOUND,66,66,66,20864371,35.2419,35.8647,999999.9999,STRONG_SIGNAL,HIGH,2026-05-24,2026-05-24 21:18:25.195280,1.0,0.0,1
145,RIVAROXABAN,GASTROINTESTINAL HAEMORRHAGE,3554,3554,3554,20864371,35.2026,36.8604,999999.9999,STRONG_SIGNAL,HIGH,2026-05-24,2026-05-24 21:18:25.195280,0.9992,0.2749,37
6253,WARFARIN WARFARIN NA EXELAN,THERAPY INTERRUPTED,11,11,11,20864371,35.1976,35.6945,999999.9999,STRONG_SIGNAL,HIGH,2026-05-24,2026-05-24 21:18:25.195280,0.5455,0.0,1
7016,TAXOL,PACKED RED BLOOD CELL TRANSFUSION,7,7,7,20864371,35.1751,35.2117,999999.9999,STRONG_SIGNAL,MEDIUM,2026-05-24,2026-05-24 21:18:25.195280,0.8571,0.0,1
6625,VANCOMYCIN,NEPHROPATHY TOXIC,116,116,116,20864371,35.1259,35.3459,999999.9999,STRONG_SIGNAL,HIGH,2026-05-24,2026-05-24 21:18:25.195280,0.9741,0.0431,20
5947,VICTOZA,ERUCTATION,106,106,106,20864371,35.1231,35.3712,999999.9999,STRONG_SIGNAL,HIGH,2026-05-24,2026-05-24 21:18:25.195280,0.1604,0.0,6
1903,REPATHA,DRUG DOSE OMISSION BY DEVICE,348,348,348,20864371,35.1141,35.2449,999999.9999,STRONG_SIGNAL,HIGH,2026-05-24,2026-05-24 21:18:25.195280,0.0632,0.0,3
5796,GLATIRAMER,PRODUCT SUBSTITUTION ISSUE,143,143,143,20864371,35.0792,36.3742,999999.9999,STRONG_SIGNAL,HIGH,2026-05-24,2026-05-24 21:18:25.195280,0.1049,0.0,1
7152,TAMOXIFEN,METASTASES TO LIVER,101,101,101,20864371,35.0702,35.4853,999999.9999,STRONG_SIGNAL,HIGH,2026-05-24,2026-05-24 21:18:25.195280,1.0,0.0297,22
6924,FLUTICASONE PROPIONATE/SALMETEROL XINAFOATE,WHEEZING,21,21,21,20864371,35.0491,36.2448,999999.9999,STRONG_SIGNAL,HIGH,2026-05-24,2026-05-24 21:18:25.195280,1.0,0.0,2
2413,ISENTRESS,FOETAL EXPOSURE DURING PREGNANCY,196,196,196,20864371,35.0484,36.7913,999999.9999,STRONG_SIGNAL,HIGH,2026-05-24,2026-05-24 21:18:25.195280,0.8571,0.0714,16
6353,HEROIN,CARDIO-RESPIRATORY ARREST,88,88,88,20864371,35.0447,35.7454,999999.9999,STRONG_SIGNAL,HIGH,2026-05-24,2026-05-24 21:18:25.195280,1.0,1.0,2
3466,SOLIRIS,POOR VENOUS ACCESS,127,127,127,20864371,35.0297,35.161,999999.9999,STRONG_SIGNAL,HIGH,2026-05-24,2026-05-24 21:18:25.195280,0.378,0.0079,6
332,TRESIBA,BLOOD GLUCOSE INCREASED,920,920,920,20864371,35.0016,38.253,999999.9999,STRONG_SIGNAL,HIGH,2026-05-24,2026-05-24 21:18:25.195280,0.2783,0.0011,18
5649,TECFIDERA,LYMPHOCYTE COUNT ABNORMAL,40,40,40,20864371,34.9638,34.9851,999999.9999,STRONG_SIGNAL,HIGH,2026-05-24,2026-05-24 21:18:25.195280,0.45,0.0,9
6795,ROXICODONE,DRUG WITHDRAWAL SYNDROME NEONATAL,25,25,25,20864371,34.9405,35.2043,999999.9999,STRONG_SIGNAL,HIGH,2026-05-24,2026-05-24 21:18:25.195280,1.0,0.0,1
9238,SUBSYS,NEOPLASM PROGRESSION,47,47,47,20864371,34.8652,35.7737,999999.9999,STRONG_SIGNAL,HIGH,2026-05-24,2026-05-24 21:18:25.195280,1.0,0.8511,1
6713,IPILIMUMAB,ADRENAL INSUFFICIENCY,85,85,85,20864371,34.8468,35.128,999999.9999,STRONG_SIGNAL,HIGH,2026-05-24,2026-05-24 21:18:25.195280,1.0,0.1176,15
485,MEPOLIZUMAB,ASTHMA,753,753,753,20864371,34.8251,37.0162,999999.9999,STRONG_SIGNAL,HIGH,2026-05-24,2026-05-24 21:18:25.195280,0.9973,0.0146,20
9098,DESOXIMETASONE,RHEUMATOID FACTOR POSITIVE,37,37,37,20864371,34.8058,34.986,999999.9999,STRONG_SIGNAL,HIGH,2026-05-24,2026-05-24 21:18:25.195280,1.0,0.0,1
195,DOCETAXEL,ALOPECIA,2769,2769,2769,20864371,34.7992,40.8911,999999.9999,STRONG_SIGNAL,HIGH,2026-05-24,2026-05-24 21:18:25.195280,0.2456,0.0043,16
4955,RIVOTRIL,SOPOR,170,170,170,20864371,34.7981,35.3211,999999.9999,STRONG_SIGNAL,HIGH,2026-05-24,2026-05-24 21:18:25.195280,1.0,0.0059,4
5664,MS CONTIN,DRUG WITHDRAWAL SYNDROME,144,144,144,20864371,34.7334,35.242,999999.9999,STRONG_SIGNAL,HIGH,2026-05-24,2026-05-24 21:18:25.195280,0.9514,0.4931,2
1317,PLEGRIDY,MULTIPLE SCLEROSIS RELAPSE,253,253,253,20864371,34.6771,35.7072,999999.9999,STRONG_SIGNAL,HIGH,2026-05-24,2026-05-24 21:18:25.195280,0.7352,0.0,16
5766,EXTAVIA,GENERAL PHYSICAL HEALTH DETERIORATION,64,64,64,20864371,34.6388,37.2548,999999.9999,STRONG_SIGNAL,HIGH,2026-05-24,2026-05-24 21:18:25.195280,0.8906,0.0,2
2453,SODIUM CHLORIDE,MYELOSUPPRESSION,73,73,73,20864371,34.5757,34.7523,999999.9999,STRONG_SIGNAL,HIGH,2026-05-24,2026-05-24 21:18:25.195280,1.0,0.0137,1
8203,NAPROSYN,PHARYNGITIS,31,31,31,20864371,34.5757,34.8445,999999.9999,STRONG_SIGNAL,HIGH,2026-05-24,2026-05-24 21:18:25.195280,1.0,0.0,2
7876,ATORVASTATIN CALCIUM,TYPE 2 DIABETES MELLITUS,107,107,107,20864371,34.5474,34.9225,999999.9999,STRONG_SIGNAL,HIGH,2026-05-24,2026-05-24 21:18:25.195280,1.0,0.0374,4
5858,OXTELLAR XR,GASTROINTESTINAL DISORDER,128,128,128,20864371,34.5317,36.0235,999999.9999,STRONG_SIGNAL,HIGH,2026-05-24,2026-05-24 21:18:25.195280,0.8281,0.0,1
3926,STRENSIQ,INJECTION SITE ERYTHEMA,171,171,171,20864371,34.5299,35.6411,999999.9999,STRONG_SIGNAL,HIGH,2026-05-24,2026-05-24 21:18:25.195280,0.0702,0.0,2
1596,TENOFOVIR DISOPROXIL FUMARATE,FOETAL EXPOSURE DURING PREGNANCY,242,242,242,20864371,34.5097,36.1945,999999.9999,STRONG_SIGNAL,HIGH,2026-05-24,2026-05-24 21:18:25.195280,0.9917,0.0785,24
1680,LEXISCAN,INCORRECT PRODUCT ADMINISTRATION DURATION,25,25,25,20864371,34.4621,34.9507,999999.9999,STRONG_SIGNAL,HIGH,2026-05-24,2026-05-24 21:18:25.195280,0.6,0.0,1
8058,DASATINIB,PULMONARY HYPERTENSION,51,51,51,20864371,34.4111,34.8323,999999.9999,STRONG_SIGNAL,HIGH,2026-05-24,2026-05-24 21:18:25.195280,0.9804,0.0,6
1871,OLANZAPINE,SCHIZOPHRENIA,199,199,199,20864371,34.4069,34.6398,999999.9999,STRONG_SIGNAL,HIGH,2026-05-24,2026-05-24 21:18:25.195280,0.9899,0.005,25
6081,PROLIA,LOOSE TOOTH,88,88,88,20864371,34.4026,34.4464,999999.9999,STRONG_SIGNAL,HIGH,2026-05-24,2026-05-24 21:18:25.195280,0.4432,0.0,11
1476,FULVESTRANT,NEOPLASM PROGRESSION,205,205,205,20864371,34.3941,35.2686,999999.9999,STRONG_SIGNAL,HIGH,2026-05-24,2026-05-24 21:18:25.195280,0.8829,0.1951,28
3421,ZOMIG,MIGRAINE,70,70,70,20864371,34.3914,36.0754,999999.9999,STRONG_SIGNAL,HIGH,2026-05-24,2026-05-24 21:18:25.195280,0.3857,0.0,6
1846,BENLYSTA,SYSTEMIC LUPUS ERYTHEMATOSUS,280,280,280,20864371,34.3639,35.0246,999999.9999,STRONG_SIGNAL,HIGH,2026-05-24,2026-05-24 21:18:25.195280,0.9036,0.0286,7
2176,HUMULIN N,MATERNAL EXPOSURE DURING PREGNANCY,184,184,184,20864371,34.352,35.8763,999999.9999,STRONG_SIGNAL,HIGH,2026-05-24,2026-05-24 21:18:25.195280,0.0924,0.0,4
4017,CACIT VITAMINE D3,HYPONATRAEMIA,18,18,18,20864371,34.3244,35.9723,999999.9999,STRONG_SIGNAL,HIGH,2026-05-24,2026-05-24 21:18:25.195280,1.0,0.0,1
1534,REPATHA,DEVICE DIFFICULT TO USE,458,458,458,20864371,34.2996,34.4678,999999.9999,STRONG_SIGNAL,HIGH,2026-05-24,2026-05-24 21:18:25.195280,0.083,0.0,1
109,STELARA,CROHN^S DISEASE,1257,1257,1257,20864371,34.2884,35.1315,999999.9999,STRONG_SIGNAL,HIGH,2026-05-24,2026-05-24 21:18:25.195280,0.957,0.004,28
1246,AIMOVIG,INCORRECT DOSE ADMINISTERED BY DEVICE,434,434,434,20864371,34.2229,34.5144,999999.9999,STRONG_SIGNAL,HIGH,2026-05-24,2026-05-24 21:18:25.195280,0.0138,0.0,1
6685,DAIPHEN,NEUTROPHIL COUNT DECREASED,24,24,24,20864371,34.1895,34.9117,999999.9999,STRONG_SIGNAL,HIGH,2026-05-24,2026-05-24 21:18:25.195280,1.0,0.2917,1
6726,EVENITY,FEMUR FRACTURE,37,37,37,20864371,34.1891,34.6176,999999.9999,STRONG_SIGNAL,HIGH,2026-05-24,2026-05-24 21:18:25.195280,1.0,0.0541,1
9800,LEVETIRACETAM,POLYDACTYLY,12,12,12,20864371,34.165,34.1911,999999.9999,STRONG_SIGNAL,HIGH,2026-05-24,2026-05-24 21:18:25.195280,1.0,0.0,4
1816,PROLIA,OCCUPATIONAL EXPOSURE TO PRODUCT,229,229,229,20864371,34.1642,34.2778,999999.9999,STRONG_SIGNAL,HIGH,2026-05-24,2026-05-24 21:18:25.195280,0.0,0.0,1
8032,KYLEENA,UNINTENTIONAL MEDICAL DEVICE REMOVAL,59,59,59,20864371,34.1526,34.4843,999999.9999,STRONG_SIGNAL,HIGH,2026-05-24,2026-05-24 21:18:25.195280,0.0339,0.0,1
758,SOLOSTAR,PRODUCT USE ISSUE,682,682,682,20864371,34.1346,37.3482,999999.9999,STRONG_SIGNAL,HIGH,2026-05-24,2026-05-24 21:18:25.195280,0.11,0.0029,5
3599,XIAFLEX,SWELLING,203,203,203,20864371,34.0875,35.9854,999999.9999,STRONG_SIGNAL,HIGH,2026-05-24,2026-05-24 21:18:25.195280,0.0591,0.0,2
3811,HUMATROPE,INCORRECT DOSE ADMINISTERED,152,152,152,20864371,34.0297,36.4776,999999.9999,STRONG_SIGNAL,HIGH,2026-05-24,2026-05-24 21:18:25.195280,0.0066,0.0,1
2036,XGEVA,HYPOCALCAEMIA,174,174,174,20864371,34.0216,34.4388,999999.9999,STRONG_SIGNAL,HIGH,2026-05-24,2026-05-24 21:18:25.195280,0.7241,0.0747,21
8536,NEVIRAPINE,IMMUNE RECONSTITUTION INFLAMMATORY SYNDROME,16,16,16,20864371,33.9989,34.1407,999999.9999,STRONG_SIGNAL,HIGH,2026-05-24,2026-05-24 21:18:25.195280,1.0,0.125,7
7820,RYTARY,PARKINSON^S DISEASE,90,90,90,20864371,33.9814,34.3882,999999.9999,STRONG_SIGNAL,HIGH,2026-05-24,2026-05-24 21:18:25.195280,0.7667,0.4889,1
687,LAMIVUDINE,FOETAL EXPOSURE DURING PREGNANCY,556,556,556,20864371,33.9386,35.5481,999999.9999,STRONG_SIGNAL,HIGH,2026-05-24,2026-05-24 21:18:25.195280,0.9784,0.0953,30
1374,LUPRON,HOT FLUSH,188,188,188,20864371,33.8749,34.9801,999999.9999,STRONG_SIGNAL,HIGH,2026-05-24,2026-05-24 21:18:25.195280,0.4043,0.0106,3
9380,ASPAVOR,CEREBROVASCULAR ACCIDENT,38,38,38,20864371,33.8614,35.9924,999999.9999,STRONG_SIGNAL,HIGH,2026-05-24,2026-05-24 21:18:25.195280,1.0,0.1316,1
542,BYDUREON,DEVICE ISSUE,652,652,652,20864371,33.823,35.1751,999999.9999,STRONG_SIGNAL,HIGH,2026-05-24,2026-05-24 21:18:25.195280,0.0966,0.0,2
1478,DOCETAXEL ACCORD,HAIR TEXTURE ABNORMAL,32,32,32,20864371,33.6055,34.1512,999999.9999,STRONG_SIGNAL,HIGH,2026-05-24,2026-05-24 21:18:25.195280,0.0938,0.0,1
2369,DULAGLUTIDE,ERUCTATION,316,316,316,20864371,33.6029,33.8187,999999.9999,STRONG_SIGNAL,HIGH,2026-05-24,2026-05-24 21:18:25.195280,0.1487,0.0,10
9562,OXYMORPHONE,DRUG ABUSE,59,59,59,20864371,33.5842,35.3208,999999.9999,STRONG_SIGNAL,HIGH,2026-05-24,2026-05-24 21:18:25.195280,1.0,0.4576,3
8253,PARAGARD T 380A,ECTOPIC PREGNANCY,21,21,21,20864371,33.5759,33.6047,999999.9999,STRONG_SIGNAL,HIGH,2026-05-24,2026-05-24 21:18:25.195280,1.0,0.0,1
6189,ESTRADIOL,PRODUCT ADHESION ISSUE,87,87,87,20864371,33.566,34.0085,999999.9999,STRONG_SIGNAL,HIGH,2026-05-24,2026-05-24 21:18:25.195280,0.069,0.0,1
7722,INSULIN LISPRO,HYPOGLYCAEMIA,106,106,106,20864371,33.5316,34.5314,999999.9999,STRONG_SIGNAL,HIGH,2026-05-24,2026-05-24 21:18:25.195280,0.9717,0.0377,17
1035,RITUXAN,INTERCEPTED MEDICATION ERROR,61,61,61,20864371,33.5039,33.5627,999999.9999,STRONG_SIGNAL,HIGH,2026-05-24,2026-05-24 21:18:25.195280,0.0,0.0,1
8933,LETAIRIS,INFUSION SITE INDURATION,9,9,9,20864371,33.4886,33.5104,999999.9999,STRONG_SIGNAL,MEDIUM,2026-05-24,2026-05-24 21:18:25.195280,0.3333,0.0,1
5767,HYDROCODONE BITARTRATE AND ACETAMINOPHEN,DISABILITY,143,143,143,20864371,33.4123,33.8043,999999.9999,STRONG_SIGNAL,HIGH,2026-05-24,2026-05-24 21:18:25.195280,1.0,0.0769,1
1475,EFFEXOR XR,WITHDRAWAL SYNDROME,106,106,106,20864371,33.3971,34.1276,999999.9999,STRONG_SIGNAL,HIGH,2026-05-24,2026-05-24 21:18:25.195280,0.3962,0.0,7
622,PREVACID 24 HR,TUBULOINTERSTITIAL NEPHRITIS,520,520,520,20864371,33.3955,34.4852,999999.9999,STRONG_SIGNAL,HIGH,2026-05-24,2026-05-24 21:18:25.195280,1.0,0.1135,1
643,GRALISE,PRODUCT USE IN UNAPPROVED INDICATION,751,751,751,20864371,33.3741,41.0729,999999.9999,STRONG_SIGNAL,HIGH,2026-05-24,2026-05-24 21:18:25.195280,0.2543,0.0093,1
5078,OXTELLAR XR,HYPONATRAEMIA,137,137,137,20864371,33.3445,34.8895,999999.9999,STRONG_SIGNAL,HIGH,2026-05-24,2026-05-24 21:18:25.195280,0.8175,0.0,1
1837,BENLYSTA,WRONG TECHNIQUE IN DEVICE USAGE PROCESS,280,280,280,20864371,33.3149,33.9549,999999.9999,STRONG_SIGNAL,HIGH,2026-05-24,2026-05-24 21:18:25.195280,0.0571,0.0,1
675,COPAXONE,MULTIPLE SCLEROSIS RELAPSE,757,757,757,20864371,33.3102,34.2318,999999.9999,STRONG_SIGNAL,HIGH,2026-05-24,2026-05-24 21:18:25.195280,0.9168,0.0026,27
5213,RISPERDAL,OBESITY,126,126,126,20864371,33.3001,33.5174,999999.9999,STRONG_SIGNAL,HIGH,2026-05-24,2026-05-24 21:18:25.195280,0.6825,0.0317,7
3371,DEFITELIO,INTENTIONAL PRODUCT USE ISSUE,122,122,122,20864371,33.2941,35.1956,999999.9999,STRONG_SIGNAL,HIGH,2026-05-24,2026-05-24 21:18:25.195280,0.9016,0.123,9
1448,BENICAR,GASTROOESOPHAGEAL REFLUX DISEASE,447,447,447,20864371,33.2874,34.7761,999999.9999,STRONG_SIGNAL,HIGH,2026-05-24,2026-05-24 21:18:25.195280,0.877,0.0067,1
2061,ENTRESTO,EJECTION FRACTION DECREASED,367,367,367,20864371,33.2758,33.5376,999999.9999,STRONG_SIGNAL,HIGH,2026-05-24,2026-05-24 21:18:25.195280,0.7493,0.049,26
1030,LUPRON DEPOT,HOT FLUSH,232,232,232,20864371,33.265,34.3272,999999.9999,STRONG_SIGNAL,HIGH,2026-05-24,2026-05-24 21:18:25.195280,0.4741,0.0086,6
7890,CICLOSPORIN,GRAFT VERSUS HOST DISEASE IN SKIN,24,24,24,20864371,33.2206,33.27,999999.9999,STRONG_SIGNAL,HIGH,2026-05-24,2026-05-24 21:18:25.195280,1.0,0.4167,7
9764,HUMULIN R,GLYCOSYLATED HAEMOGLOBIN INCREASED,75,75,75,20864371,33.1993,33.6764,999999.9999,STRONG_SIGNAL,HIGH,2026-05-24,2026-05-24 21:18:25.195280,0.3733,0.0,4
9987,MYCOPHENOLATE MOFETIL,VIRAEMIA,26,26,26,20864371,33.1619,33.202,999999.9999,STRONG_SIGNAL,HIGH,2026-05-24,2026-05-24 21:18:25.195280,1.0,0.0385,15
6879,YESCARTA,APHASIA,71,71,71,20864371,33.151,33.6621,999999.9999,STRONG_SIGNAL,HIGH,2026-05-24,2026-05-24 21:18:25.195280,0.9155,0.0704,3
7900,FLUOROURACIL,GASTROINTESTINAL TOXICITY,59,59,59,20864371,33.0868,33.1638,999999.9999,STRONG_SIGNAL,HIGH,2026-05-24,2026-05-24 21:18:25.195280,0.9661,0.0508,13
631,SUTENT,PALMAR-PLANTAR ERYTHRODYSAESTHESIA SYNDROME,176,176,176,20864371,33.0569,33.4131,999999.9999,STRONG_SIGNAL,HIGH,2026-05-24,2026-05-24 21:18:25.195280,0.7386,0.1307,22
262,METFORMIN,LACTIC ACIDOSIS,2272,2272,2272,20864371,33.0243,33.6518,999999.9999,STRONG_SIGNAL,HIGH,2026-05-24,2026-05-24 21:18:25.195280,1.0,0.2099,46
2782,MIRENA,DEVICE DEPLOYMENT ISSUE,187,187,187,20864371,33.0181,33.157,999999.9999,STRONG_SIGNAL,HIGH,2026-05-24,2026-05-24 21:18:25.195280,0.2781,0.0,7
4689,XULANE,WRONG TECHNIQUE IN PRODUCT USAGE PROCESS,140,140,140,20864371,33.0151,36.4313,999999.9999,STRONG_SIGNAL,HIGH,2026-05-24,2026-05-24 21:18:25.195280,0.0071,0.0,1
950,TREMFYA,PRODUCT DOSE OMISSION ISSUE,318,318,318,20864371,32.9898,34.2837,999999.9999,STRONG_SIGNAL,HIGH,2026-05-24,2026-05-24 21:18:25.195280,0.022,0.0,2
2078,MODAFINIL,SLEEP APNOEA SYNDROME,84,84,84,20864371,32.9779,33.4639,999999.9999,STRONG_SIGNAL,HIGH,2026-05-24,2026-05-24 21:18:25.195280,1.0,0.0,2
7742,TACROLIMUS,ADENOVIRUS INFECTION,70,70,70,20864371,32.9543,33.0109,999999.9999,STRONG_SIGNAL,HIGH,2026-05-24,2026-05-24 21:18:25.195280,1.0,0.3571,15
8781,PULMICORT FLEXHALER,WRONG TECHNIQUE IN DEVICE USAGE PROCESS,54,54,54,20864371,32.9337,33.5702,999999.9999,STRONG_SIGNAL,HIGH,2026-05-24,2026-05-24 21:18:25.195280,0.037,0.0,1
6523,GENOTROPIN,WRONG TECHNIQUE IN DEVICE USAGE PROCESS,120,120,120,20864371,32.9331,33.5663,999999.9999,STRONG_SIGNAL,HIGH,2026-05-24,2026-05-24 21:18:25.195280,0.1333,0.0083,5
4685,AUBAGIO,MENINGOENCEPHALITIS HERPETIC,8,8,8,20864371,32.8785,32.8926,999999.9999,STRONG_SIGNAL,MEDIUM,2026-05-24,2026-05-24 21:18:25.195280,1.0,0.875,2
7345,CREON,PANCREATIC CARCINOMA,86,86,86,20864371,32.8446,33.116,999999.9999,STRONG_SIGNAL,HIGH,2026-05-24,2026-05-24 21:18:25.195280,1.0,0.4419,2
6349,HALAVEN,OSTEONECROSIS OF JAW,4,4,4,20864371,32.8264,33.2508,999999.9999,STRONG_SIGNAL,LOW,2026-05-24,2026-05-24 21:18:25.195280,1.0,0.25,2
8401,DELAMANID,ELECTROCARDIOGRAM QT PROLONGED,39,39,39,20864371,32.8067,33.6997,999999.9999,STRONG_SIGNAL,HIGH,2026-05-24,2026-05-24 21:18:25.195280,1.0,0.2564,12
2936,ENDOXAN,LEUKOPENIA,181,181,181,20864371,32.7466,33.8529,999999.9999,STRONG_SIGNAL,HIGH,2026-05-24,2026-05-24 21:18:25.195280,1.0,0.0166,9
5177,METHYLPREDNISOLONE,MYCOBACTERIUM ABSCESSUS INFECTION,25,25,25,20864371,32.6983,32.7177,999999.9999,STRONG_SIGNAL,HIGH,2026-05-24,2026-05-24 21:18:25.195280,1.0,0.2,2
5616,DEPO-MEDROL,JOINT RANGE OF MOTION DECREASED,15,15,15,20864371,32.6546,32.8369,999999.9999,STRONG_SIGNAL,HIGH,2026-05-24,2026-05-24 21:18:25.195280,1.0,0.0,2
799,DUPIXENT,ECZEMA,729,729,729,20864371,32.6401,33.1898,999999.9999,STRONG_SIGNAL,HIGH,2026-05-24,2026-05-24 21:18:25.195280,0.0796,0.0,9
2755,HERCEPTIN,HAIR COLOUR CHANGES,196,196,196,20864371,32.5378,33.0181,999999.9999,STRONG_SIGNAL,HIGH,2026-05-24,2026-05-24 21:18:25.195280,0.051,0.0102,1
4943,OXYMORPHONE HYDROCHLORIDE,DRUG ABUSE,55,55,55,20864371,32.4731,34.0924,999999.9999,STRONG_SIGNAL,HIGH,2026-05-24,2026-05-24 21:18:25.195280,1.0,0.8364,2
7541,RELPAX,MIGRAINE,98,98,98,20864371,32.4549,33.9462,999999.9999,STRONG_SIGNAL,HIGH,2026-05-24,2026-05-24 21:18:25.195280,0.2959,0.0,9
7521,AMIODARONE HCL,THYROID DISORDER,31,31,31,20864371,32.4539,32.6922,999999.9999,STRONG_SIGNAL,HIGH,2026-05-24,2026-05-24 21:18:25.195280,0.9032,0.1935,4
6747,AMANTADINE,DYSKINESIA,119,119,119,20864371,32.4018,33.0587,999999.9999,STRONG_SIGNAL,HIGH,2026-05-24,2026-05-24 21:18:25.195280,0.5126,0.0336,14
9818,ANAFRANIL,INTENTIONAL SELF-INJURY,36,36,36,20864371,32.39,33.1418,999999.9999,STRONG_SIGNAL,HIGH,2026-05-24,2026-05-24 21:18:25.195280,1.0,0.0,3
2214,MYCOPHENOLIC ACID,COVID-19,66,66,66,20864371,32.3832,33.1166,999999.9999,STRONG_SIGNAL,HIGH,2026-05-24,2026-05-24 21:18:25.195280,1.0,0.1667,10
615,ZYDONE,DEATH,1079,1079,1079,20864371,32.3678,52.1606,999999.9999,STRONG_SIGNAL,HIGH,2026-05-24,2026-05-24 21:18:25.195280,1.0,1.0,1
3025,KETAMINE HCL,INJURY,9,9,9,20864371,32.3503,32.9381,999999.9999,STRONG_SIGNAL,MEDIUM,2026-05-24,2026-05-24 21:18:25.195280,1.0,1.0,1
22,PRILOSEC,CHRONIC KIDNEY DISEASE,9983,9983,9983,20864371,32.3396,40.7251,999999.9999,STRONG_SIGNAL,HIGH,2026-05-24,2026-05-24 21:18:25.195280,0.9503,0.0808,2
4069,ZELBORAF,INTENTIONAL PRODUCT USE ISSUE,148,148,148,20864371,32.329,34.1158,999999.9999,STRONG_SIGNAL,HIGH,2026-05-24,2026-05-24 21:18:25.195280,0.4257,0.2027,10
2527,HUMATROPE,UNDERDOSE,126,126,126,20864371,32.3231,34.2233,999999.9999,STRONG_SIGNAL,HIGH,2026-05-24,2026-05-24 21:18:25.195280,0.0397,0.0,3
8278,RITONAVIR,ACUTE LYMPHOCYTIC LEUKAEMIA,9,9,9,20864371,32.3194,32.3819,999999.9999,STRONG_SIGNAL,MEDIUM,2026-05-24,2026-05-24 21:18:25.195280,1.0,0.0,1
4740,ARIKAYCE,HAEMOPTYSIS,85,85,85,20864371,32.3151,32.8992,999999.9999,STRONG_SIGNAL,HIGH,2026-05-24,2026-05-24 21:18:25.195280,0.5176,0.0353,3
8119,FORTEO,SPINAL OPERATION,105,105,105,20864371,32.2784,32.4563,999999.9999,STRONG_SIGNAL,HIGH,2026-05-24,2026-05-24 21:18:25.195280,0.2286,0.0,1
563,OPANA ER,OVERDOSE,718,718,718,20864371,32.2754,38.0944,999999.9999,STRONG_SIGNAL,HIGH,2026-05-24,2026-05-24 21:18:25.195280,1.0,0.9903,1
3820,XIFAXAN,THERAPY INTERRUPTED,99,99,99,20864371,32.2384,32.6494,999999.9999,STRONG_SIGNAL,HIGH,2026-05-24,2026-05-24 21:18:25.195280,0.8788,0.1818,1
8658,EMGALITY,INJECTION SITE WARMTH,99,99,99,20864371,32.2264,32.3706,999999.9999,STRONG_SIGNAL,HIGH,2026-05-24,2026-05-24 21:18:25.195280,0.0101,0.0,1
7067,FORLAX,HEPATOCELLULAR INJURY,26,26,26,20864371,32.1956,32.904,999999.9999,STRONG_SIGNAL,HIGH,2026-05-24,2026-05-24 21:18:25.195280,1.0,0.0,1
6432,FLUTICASONE PROPIONATE SALMETEROL XINAFOATE,BLOOD COUNT ABNORMAL,39,39,39,20864371,32.1445,32.6841,999999.9999,STRONG_SIGNAL,HIGH,2026-05-24,2026-05-24 21:18:25.195280,1.0,0.0,1
4240,SAXENDA,PANCREATITIS,62,62,62,20864371,32.112,32.783,999999.9999,STRONG_SIGNAL,HIGH,2026-05-24,2026-05-24 21:18:25.195280,1.0,0.0161,5
7211,SPIRIVA,SMOKE SENSITIVITY,10,10,10,20864371,32.1097,32.1187,999999.9999,STRONG_SIGNAL,HIGH,2026-05-24,2026-05-24 21:18:25.195280,1.0,0.0,2
7977,ESTROGEL,PRODUCT SUBSTITUTION ISSUE,51,51,51,20864371,32.1022,33.185,999999.9999,STRONG_SIGNAL,HIGH,2026-05-24,2026-05-24 21:18:25.195280,0.9804,0.0,2
8901,AVASTIN,ENDOPHTHALMITIS,65,65,65,20864371,32.0977,32.1853,999999.9999,STRONG_SIGNAL,HIGH,2026-05-24,2026-05-24 21:18:25.195280,1.0,0.0154,16
3534,KEVZARA,INJECTION SITE ERYTHEMA,193,193,193,20864371,32.0669,33.0197,999999.9999,STRONG_SIGNAL,HIGH,2026-05-24,2026-05-24 21:18:25.195280,0.0674,0.0,4
749,TOUJEO,BLOOD GLUCOSE ABNORMAL,128,128,128,20864371,32.0432,32.3438,999999.9999,STRONG_SIGNAL,HIGH,2026-05-24,2026-05-24 21:18:25.195280,0.2891,0.0,7
8533,PREDNISOLONE,STEROID DIABETES,84,84,84,20864371,31.9978,32.0414,999999.9999,STRONG_SIGNAL,HIGH,2026-05-24,2026-05-24 21:18:25.195280,1.0,0.0476,14
288,DEXILANT,END STAGE RENAL DISEASE,1737,1737,1737,20864371,31.9886,34.008,999999.9999,STRONG_SIGNAL,HIGH,2026-05-24,2026-05-24 21:18:25.195280,1.0,0.1623,1
7753,OXYCONTIN,DRUG TOLERANCE,57,57,57,20864371,31.9885,32.0543,999999.9999,STRONG_SIGNAL,HIGH,2026-05-24,2026-05-24 21:18:25.195280,0.9825,0.193,2
8464,IMBRUVICA,PROSTATIC OPERATION,22,22,22,20864371,31.9884,32.0038,999999.9999,STRONG_SIGNAL,HIGH,2026-05-24,2026-05-24 21:18:25.195280,1.0,0.0455,4
2575,DAYTRANA,THERAPY CESSATION,142,142,142,20864371,31.9713,33.3827,999999.9999,STRONG_SIGNAL,HIGH,2026-05-24,2026-05-24 21:18:25.195280,0.0141,0.0,1
2746,ALBUTEROL SULFATE INHALATION POWDER,PRODUCT DOSE OMISSION,278,278,278,20864371,31.9625,36.2089,999999.9999,STRONG_SIGNAL,HIGH,2026-05-24,2026-05-24 21:18:25.195280,0.0,0.0,1
748,FLUXUM,LEUKOPENIA,5,5,5,20864371,31.9462,33.006,999999.9999,STRONG_SIGNAL,MEDIUM,2026-05-24,2026-05-24 21:18:25.195280,1.0,0.0,1
747,CAPECITABINE ACCORD,LEUKOPENIA,5,5,5,20864371,31.9462,33.006,999999.9999,STRONG_SIGNAL,MEDIUM,2026-05-24,2026-05-24 21:18:25.195280,1.0,0.4,2
7344,EXPAREL,NO ADVERSE EVENT,84,84,84,20864371,31.9301,33.6042,999999.9999,STRONG_SIGNAL,HIGH,2026-05-24,2026-05-24 21:18:25.195280,0.0238,0.0,1
5942,TROKENDI XR,MIGRAINE,89,89,89,20864371,31.9123,33.3527,999999.9999,STRONG_SIGNAL,HIGH,2026-05-24,2026-05-24 21:18:25.195280,0.0562,0.0,1
5241,RIBAVIRIN,HYPERBILIRUBINAEMIA,66,66,66,20864371,31.9054,32.123,999999.9999,STRONG_SIGNAL,HIGH,2026-05-24,2026-05-24 21:18:25.195280,0.9848,0.0303,23
954,UPTRAVI,PAIN IN JAW,508,508,508,20864371,31.8968,32.4129,999999.9999,STRONG_SIGNAL,HIGH,2026-05-24,2026-05-24 21:18:25.195280,0.7598,0.126,12
649,ADCIRCA,PULMONARY ARTERIAL HYPERTENSION,289,289,289,20864371,31.8741,32.1951,999999.9999,STRONG_SIGNAL,HIGH,2026-05-24,2026-05-24 21:18:25.195280,0.9723,0.3841,12
6025,CYTARABINE,MYELODYSPLASTIC SYNDROME,104,104,104,20864371,31.8713,32.0839,999999.9999,STRONG_SIGNAL,HIGH,2026-05-24,2026-05-24 21:18:25.195280,1.0,0.3654,12
3393,OLANZAPINE,NEUROLEPTIC MALIGNANT SYNDROME,191,191,191,20864371,31.8609,32.0673,999999.9999,STRONG_SIGNAL,HIGH,2026-05-24,2026-05-24 21:18:25.195280,1.0,0.0785,26
3751,AZTREONAM LYSINE,LUNG DISORDER,167,167,167,20864371,31.8128,32.6691,999999.9999,STRONG_SIGNAL,HIGH,2026-05-24,2026-05-24 21:18:25.195280,1.0,0.024,3
1049,TUDORZA PRESSAIR,INTENTIONAL PRODUCT MISUSE,165,165,165,20864371,31.7961,33.2283,999999.9999,STRONG_SIGNAL,HIGH,2026-05-24,2026-05-24 21:18:25.195280,0.2364,0.0,1
7395,TUDORZA,BLOOD COUNT ABNORMAL,12,12,12,20864371,31.7806,32.309,999999.9999,STRONG_SIGNAL,HIGH,2026-05-24,2026-05-24 21:18:25.195280,1.0,0.0,1
6498,IPILIMUMAB,MYOCARDITIS,56,56,56,20864371,31.6393,31.8065,999999.9999,STRONG_SIGNAL,HIGH,2026-05-24,2026-05-24 21:18:25.195280,1.0,0.4107,17
3017,VINCRISTINE,HEPATITIS B REACTIVATION,48,48,48,20864371,31.6277,31.7206,999999.9999,STRONG_SIGNAL,HIGH,2026-05-24,2026-05-24 21:18:25.195280,1.0,0.5,11
7934,KISQALI,TUMOUR MARKER INCREASED,36,36,36,20864371,31.6176,31.7103,999999.9999,STRONG_SIGNAL,HIGH,2026-05-24,2026-05-24 21:18:25.195280,0.8056,0.1111,9
7671,CLINDAMYCIN,DERMATITIS ALLERGIC,73,73,73,20864371,31.612,31.8088,999999.9999,STRONG_SIGNAL,HIGH,2026-05-24,2026-05-24 21:18:25.195280,0.1233,0.0137,4
5332,TOFACITINIB CITRATE,PEMPHIGUS,23,23,23,20864371,31.5604,31.8401,999999.9999,STRONG_SIGNAL,HIGH,2026-05-24,2026-05-24 21:18:25.195280,1.0,0.0,1
3026,SANDOSTATIN LAR DEPOT,BODY TEMPERATURE DECREASED,102,102,102,20864371,31.5303,31.6961,999999.9999,STRONG_SIGNAL,HIGH,2026-05-24,2026-05-24 21:18:25.195280,1.0,0.3235,1
1087,REPATHA,DEVICE USE ERROR,688,688,688,20864371,31.4916,31.7237,999999.9999,STRONG_SIGNAL,HIGH,2026-05-24,2026-05-24 21:18:25.195280,0.032,0.0,3
166,HYDROCODONE BITARTRATE / ACETAMINOPHEN,DEATH,995,995,995,20864371,31.4744,49.8626,999999.9999,STRONG_SIGNAL,HIGH,2026-05-24,2026-05-24 21:18:25.195280,1.0,1.0,1
8574,HYDROCODONE BITARTRATE AND ACETAMINOPHEN,DRUG WITHDRAWAL SYNDROME NEONATAL,82,82,82,20864371,31.4212,31.6311,999999.9999,STRONG_SIGNAL,HIGH,2026-05-24,2026-05-24 21:18:25.195280,1.0,0.0366,1
2854,XULTOPHY 100/3 6,GLYCOSYLATED HAEMOGLOBIN INCREASED,13,13,13,20864371,31.4041,31.8328,999999.9999,STRONG_SIGNAL,HIGH,2026-05-24,2026-05-24 21:18:25.195280,0.3846,0.0,3
1009,NOURIANZ,HALLUCINATION,85,85,85,20864371,31.3899,32.5614,999999.9999,STRONG_SIGNAL,HIGH,2026-05-24,2026-05-24 21:18:25.195280,0.9882,0.0235,1
7371,PREDNISOLONE,NOCARDIOSIS,79,79,79,20864371,31.3643,31.4044,999999.9999,STRONG_SIGNAL,HIGH,2026-05-24,2026-05-24 21:18:25.195280,1.0,0.1139,11
739,SUBSYS,DEATH,675,675,675,20864371,31.3422,49.5637,999999.9999,STRONG_SIGNAL,HIGH,2026-05-24,2026-05-24 21:18:25.195280,1.0,1.0,1
4336,GLATIRAMER,INJECTION SITE MASS,67,67,67,20864371,31.3329,31.8623,999999.9999,STRONG_SIGNAL,HIGH,2026-05-24,2026-05-24 21:18:25.195280,0.0448,0.0,1
9748,COMBIGAN,EYE IRRITATION,70,70,70,20864371,31.315,32.0573,999999.9999,STRONG_SIGNAL,HIGH,2026-05-24,2026-05-24 21:18:25.195280,0.1143,0.0,2
7334,OLANZAPINE,CATATONIA,82,82,82,20864371,31.3135,31.4002,999999.9999,STRONG_SIGNAL,HIGH,2026-05-24,2026-05-24 21:18:25.195280,0.9756,0.0488,16
1362,VENTOLIN HFA,EXPIRED PRODUCT ADMINISTERED,244,244,244,20864371,31.2971,31.7257,999999.9999,STRONG_SIGNAL,HIGH,2026-05-24,2026-05-24 21:18:25.195280,0.0656,0.0,1
5055,ZENHALE,SPUTUM DISCOLOURED,39,39,39,20864371,31.2766,31.4737,999999.9999,STRONG_SIGNAL,HIGH,2026-05-24,2026-05-24 21:18:25.195280,1.0,0.0256,1
6810,TRACLEER,PULMONARY ARTERIAL HYPERTENSION,112,112,112,20864371,31.2052,31.5205,999999.9999,STRONG_SIGNAL,HIGH,2026-05-24,2026-05-24 21:18:25.195280,0.9911,0.4821,15
2874,RESTASIS,DRY EYE,272,272,272,20864371,31.1829,31.7649,999999.9999,STRONG_SIGNAL,HIGH,2026-05-24,2026-05-24 21:18:25.195280,0.0919,0.0,3
3236,HERCEPTIN,HAIR TEXTURE ABNORMAL,196,196,196,20864371,31.1075,31.566,999999.9999,STRONG_SIGNAL,HIGH,2026-05-24,2026-05-24 21:18:25.195280,0.051,0.0102,1
2336,ETOPOSIDE,HUMAN HERPESVIRUS 6 INFECTION,30,30,30,20864371,31.0618,31.1061,999999.9999,STRONG_SIGNAL,HIGH,2026-05-24,2026-05-24 21:18:25.195280,1.0,0.5667,4
2277,PALBACE,DEATH,306,306,306,20864371,31.0517,48.8731,999999.9999,STRONG_SIGNAL,HIGH,2026-05-24,2026-05-24 21:18:25.195280,1.0,1.0,2
9187,ALOXI,MADAROSIS,28,28,28,20864371,30.9876,31.3836,999999.9999,STRONG_SIGNAL,HIGH,2026-05-24,2026-05-24 21:18:25.195280,0.0,0.0,1
1537,TOUJEO,PRODUCT STORAGE ERROR,379,379,379,20864371,30.9757,31.8517,999999.9999,STRONG_SIGNAL,HIGH,2026-05-24,2026-05-24 21:18:25.195280,0.1082,0.0,5
3211,ARIPIPRAZOLE,AKATHISIA,111,111,111,20864371,30.9464,31.1309,999999.9999,STRONG_SIGNAL,HIGH,2026-05-24,2026-05-24 21:18:25.195280,0.8198,0.009,19
8012,CLOZARIL,CORONAVIRUS INFECTION,88,88,88,20864371,30.9314,31.075,999999.9999,STRONG_SIGNAL,HIGH,2026-05-24,2026-05-24 21:18:25.195280,1.0,0.1023,4
3208,THALIDOMIDE,GRAFT VERSUS HOST DISEASE IN SKIN,4,4,4,20864371,30.8891,30.9327,999999.9999,STRONG_SIGNAL,LOW,2026-05-24,2026-05-24 21:18:25.195280,1.0,0.5,3
6542,STALEVO,DYSKINESIA,69,69,69,20864371,30.8718,31.4689,999999.9999,STRONG_SIGNAL,HIGH,2026-05-24,2026-05-24 21:18:25.195280,0.8841,0.1159,18
3039,OXALIPLATIN,CARCINOEMBRYONIC ANTIGEN INCREASED,32,32,32,20864371,30.8546,30.8877,999999.9999,STRONG_SIGNAL,HIGH,2026-05-24,2026-05-24 21:18:25.195280,0.9688,0.0938,16
1442,EMGALITY,INJECTION SITE PRURITUS,360,360,360,20864371,30.8452,31.3526,999999.9999,STRONG_SIGNAL,HIGH,2026-05-24,2026-05-24 21:18:25.195280,0.0306,0.0,1
1756,FENTANYL TRANSDERMAL SYSTEM,PRODUCT QUALITY ISSUE,247,247,247,20864371,30.8403,32.0426,999999.9999,STRONG_SIGNAL,HIGH,2026-05-24,2026-05-24 21:18:25.195280,0.1053,0.004,1
3835,ETOPOSIDE,MYELODYSPLASTIC SYNDROME,134,134,134,20864371,30.8386,31.0362,999999.9999,STRONG_SIGNAL,HIGH,2026-05-24,2026-05-24 21:18:25.195280,1.0,0.3358,19
4366,CISPLATIN,NEUTROPENIC COLITIS,35,35,35,20864371,30.8077,30.856,999999.9999,STRONG_SIGNAL,HIGH,2026-05-24,2026-05-24 21:18:25.195280,1.0,0.1714,5
8440,PARAGARD T 380A,PROCEDURAL HAEMORRHAGE,42,42,42,20864371,30.7685,30.8212,999999.9999,STRONG_SIGNAL,HIGH,2026-05-24,2026-05-24 21:18:25.195280,0.381,0.0,1
570,YERVOY,COLITIS,152,152,152,20864371,30.7457,31.4033,999999.9999,STRONG_SIGNAL,HIGH,2026-05-24,2026-05-24 21:18:25.195280,0.9934,0.0724,12
1732,SUBUTEX,DRUG ABUSE,118,118,118,20864371,30.7206,32.1603,999999.9999,STRONG_SIGNAL,HIGH,2026-05-24,2026-05-24 21:18:25.195280,0.9915,0.0593,7
2151,GENTAMICINE,ACUTE KIDNEY INJURY,95,95,95,20864371,30.7114,39.1119,999999.9999,STRONG_SIGNAL,HIGH,2026-05-24,2026-05-24 21:18:25.195280,1.0,0.1053,2
790,FENTORA,OVERDOSE,653,653,653,20864371,30.7035,35.9175,999999.9999,STRONG_SIGNAL,HIGH,2026-05-24,2026-05-24 21:18:25.195280,1.0,0.9877,2
7197,APIDRA,HYPOGLYCAEMIA,85,85,85,20864371,30.5349,31.3601,999999.9999,STRONG_SIGNAL,HIGH,2026-05-24,2026-05-24 21:18:25.195280,0.9647,0.0235,22
527,ACTIQ,OVERDOSE,654,654,654,20864371,30.5066,35.647,999999.9999,STRONG_SIGNAL,HIGH,2026-05-24,2026-05-24 21:18:25.195280,1.0,0.9847,1
9160,COLCHICINE,GOUT,68,68,68,20864371,30.4865,30.7537,999999.9999,STRONG_SIGNAL,HIGH,2026-05-24,2026-05-24 21:18:25.195280,0.6765,0.0294,7
7448,INFLIXIMAB RECOMBINANT,BLOOD PRESSURE FLUCTUATION,93,93,93,20864371,30.4838,30.9251,999999.9999,STRONG_SIGNAL,HIGH,2026-05-24,2026-05-24 21:18:25.195280,1.0,0.0108,1
2480,IMRALDI,PRODUCT SUBSTITUTION ISSUE,131,131,131,20864371,30.4049,31.3691,999999.9999,STRONG_SIGNAL,HIGH,2026-05-24,2026-05-24 21:18:25.195280,0.9924,0.0,8
9539,POSACONAZOLE,BRONCHOPULMONARY ASPERGILLOSIS,12,12,12,20864371,30.4003,30.5379,999999.9999,STRONG_SIGNAL,HIGH,2026-05-24,2026-05-24 21:18:25.195280,1.0,0.4167,8
4833,AZACITIDINE,FEBRILE NEUTROPENIA,152,152,152,20864371,30.3826,31.6372,999999.9999,STRONG_SIGNAL,HIGH,2026-05-24,2026-05-24 21:18:25.195280,1.0,0.2105,23
1397,INSULIN GLARGINE,HYPERGLYCAEMIA,238,238,238,20864371,30.382,30.944,999999.9999,STRONG_SIGNAL,HIGH,2026-05-24,2026-05-24 21:18:25.195280,0.9664,0.0252,35
9770,IBRUTINIB,TUMOUR LYSIS SYNDROME,29,29,29,20864371,30.2972,30.4394,999999.9999,STRONG_SIGNAL,HIGH,2026-05-24,2026-05-24 21:18:25.195280,1.0,0.2414,8
2125,AMBRISENTAN,PULMONARY ARTERIAL HYPERTENSION,355,355,355,20864371,30.292,30.5785,999999.9999,STRONG_SIGNAL,HIGH,2026-05-24,2026-05-24 21:18:25.195280,0.9915,0.2254,14
2690,CLOZARIL,LEUKOCYTOSIS,160,160,160,20864371,30.2883,30.5448,999999.9999,STRONG_SIGNAL,HIGH,2026-05-24,2026-05-24 21:18:25.195280,1.0,0.0438,4
3591,IDELALISIB,DISEASE PROGRESSION,124,124,124,20864371,30.288,31.561,999999.9999,STRONG_SIGNAL,HIGH,2026-05-24,2026-05-24 21:18:25.195280,1.0,0.121,14
3617,JARDIANCE,BLOOD GLUCOSE ABNORMAL,175,175,175,20864371,30.2221,30.4869,999999.9999,STRONG_SIGNAL,HIGH,2026-05-24,2026-05-24 21:18:25.195280,0.2229,0.0,9
3992,ERGOCALCIFEROL,PLEURAL FIBROSIS,16,16,16,20864371,30.2196,30.2578,999999.9999,STRONG_SIGNAL,HIGH,2026-05-24,2026-05-24 21:18:25.195280,1.0,0.0,1
4655,LEVODOPA,DELUSION,23,23,23,20864371,30.1503,30.3787,999999.9999,STRONG_SIGNAL,HIGH,2026-05-24,2026-05-24 21:18:25.195280,0.913,0.087,7
6187,ROCURONIUM,TACHYPNOEA,13,13,13,20864371,30.1194,30.3228,999999.9999,STRONG_SIGNAL,HIGH,2026-05-24,2026-05-24 21:18:25.195280,1.0,0.0,4
9660,MIRTAZAPINE HYDROCHLORIDE,CARDIAC DISORDER,3,3,3,20864371,30.1142,31.154,999999.9999,STRONG_SIGNAL,LOW,2026-05-24,2026-05-24 21:18:25.195280,1.0,0.0,1
9661,LOTRIAL,CARDIAC DISORDER,3,3,3,20864371,30.1142,31.154,999999.9999,STRONG_SIGNAL,LOW,2026-05-24,2026-05-24 21:18:25.195280,1.0,0.3333,2
5401,AVONEX,CENTRAL NERVOUS SYSTEM LESION,127,127,127,20864371,30.0909,30.2467,999999.9999,STRONG_SIGNAL,HIGH,2026-05-24,2026-05-24 21:18:25.195280,0.2677,0.0,7
1674,MAKENA,ABORTION SPONTANEOUS,250,250,250,20864371,30.0867,30.4464,999999.9999,STRONG_SIGNAL,HIGH,2026-05-24,2026-05-24 21:18:25.195280,0.968,0.904,1
9824,GENTAMICIN,HYPERSENSITIVITY VASCULITIS,7,7,7,20864371,30.0748,30.1513,999999.9999,STRONG_SIGNAL,MEDIUM,2026-05-24,2026-05-24 21:18:25.195280,1.0,0.1429,4
9304,MAGNESIUM SULFATE,PREMATURE BABY,49,49,49,20864371,30.0718,30.5484,999999.9999,STRONG_SIGNAL,HIGH,2026-05-24,2026-05-24 21:18:25.195280,1.0,0.0408,19
8935,TAMIFLU,ABNORMAL BEHAVIOUR,85,85,85,20864371,30.0507,30.4641,999999.9999,STRONG_SIGNAL,HIGH,2026-05-24,2026-05-24 21:18:25.195280,0.8588,0.0353,9
6378,MYCOPHENOLATE MOFETIL,GRAFT VERSUS HOST DISEASE,74,74,74,20864371,30.0051,30.1083,999999.9999,STRONG_SIGNAL,HIGH,2026-05-24,2026-05-24 21:18:25.195280,1.0,0.4324,18
7734,AUBAGIO,DECREASED INTEREST,51,51,51,20864371,30.0039,30.0861,999999.9999,STRONG_SIGNAL,HIGH,2026-05-24,2026-05-24 21:18:25.195280,0.1961,0.0196,1
121,DULAGLUTIDE,GLYCOSYLATED HAEMOGLOBIN INCREASED,599,599,599,20864371,29.9965,30.3626,999999.9999,STRONG_SIGNAL,HIGH,2026-05-24,2026-05-24 21:18:25.195280,0.2154,0.0067,18
6608,TROKENDI XR,DISTURBANCE IN ATTENTION,48,48,48,20864371,29.9699,30.6827,999999.9999,STRONG_SIGNAL,HIGH,2026-05-24,2026-05-24 21:18:25.195280,0.0208,0.0,1
2614,PARAGARD T 380A,UNINTENTIONAL MEDICAL DEVICE REMOVAL,202,202,202,20864371,29.9621,30.2102,999999.9999,STRONG_SIGNAL,HIGH,2026-05-24,2026-05-24 21:18:25.195280,0.0743,0.0,1
1295,SALBUTAMOL SULFATE,THERAPEUTIC PRODUCT EFFECT INCOMPLETE,333,333,333,20864371,29.9299,31.1454,999999.9999,STRONG_SIGNAL,HIGH,2026-05-24,2026-05-24 21:18:25.195280,1.0,0.006,2
105,NEXIUM,RENAL INJURY,2705,2705,2705,20864371,29.9251,31.3956,999999.9999,STRONG_SIGNAL,HIGH,2026-05-24,2026-05-24 21:18:25.195280,1.0,0.0577,3
3263,RIVAROXABAN,POST PROCEDURAL HAEMATOMA,45,45,45,20864371,29.8956,29.9125,999999.9999,STRONG_SIGNAL,HIGH,2026-05-24,2026-05-24 21:18:25.195280,1.0,0.0222,6
4321,COMBIVENT,PRODUCT QUALITY ISSUE,175,175,175,20864371,29.8859,31.0155,999999.9999,STRONG_SIGNAL,HIGH,2026-05-24,2026-05-24 21:18:25.195280,0.1371,0.0057,1
1238,INGREZZA,SEDATION,163,163,163,20864371,29.883,30.2091,999999.9999,STRONG_SIGNAL,HIGH,2026-05-24,2026-05-24 21:18:25.195280,0.0736,0.0,1
7940,SKYLA,METRORRHAGIA,13,13,13,20864371,29.8772,30.012,999999.9999,STRONG_SIGNAL,HIGH,2026-05-24,2026-05-24 21:18:25.195280,0.2308,0.0,1
2156,ORENCIA,DEVICE DEFECTIVE,139,139,139,20864371,29.8532,29.9264,999999.9999,STRONG_SIGNAL,HIGH,2026-05-24,2026-05-24 21:18:25.195280,0.0144,0.0,13
9306,OMNITROPE,INJECTION SITE BRUISING,74,74,74,20864371,29.8443,30.5055,999999.9999,STRONG_SIGNAL,HIGH,2026-05-24,2026-05-24 21:18:25.195280,0.0946,0.0,4
6441,BOSULIF,NEOPLASM PROGRESSION,80,80,80,20864371,29.799,30.4554,999999.9999,STRONG_SIGNAL,HIGH,2026-05-24,2026-05-24 21:18:25.195280,0.3625,0.075,11
8134,BYETTA,DEVICE MALFUNCTION,89,89,89,20864371,29.7859,30.4109,999999.9999,STRONG_SIGNAL,HIGH,2026-05-24,2026-05-24 21:18:25.195280,0.2247,0.0,2
2835,RANITIDINE,THYROID CANCER,106,106,106,20864371,29.7731,29.8547,999999.9999,STRONG_SIGNAL,HIGH,2026-05-24,2026-05-24 21:18:25.195280,1.0,0.0283,2
8959,XIAFLEX,INJECTION SITE SWELLING,70,70,70,20864371,29.7319,30.2796,999999.9999,STRONG_SIGNAL,HIGH,2026-05-24,2026-05-24 21:18:25.195280,0.0571,0.0,1
3168,APOKYN,DYSKINESIA,64,64,64,20864371,29.7302,30.283,999999.9999,STRONG_SIGNAL,HIGH,2026-05-24,2026-05-24 21:18:25.195280,0.1406,0.0156,2
3510,SEMAGLUTIDE SEMAGLUTIDE,VOMITING,113,113,113,20864371,29.7228,37.2884,999999.9999,STRONG_SIGNAL,HIGH,2026-05-24,2026-05-24 21:18:25.195280,0.0354,0.0,1
1504,QUETIAPINE,NEUROLEPTIC MALIGNANT SYNDROME,215,215,215,20864371,29.7103,29.8883,999999.9999,STRONG_SIGNAL,HIGH,2026-05-24,2026-05-24 21:18:25.195280,1.0,0.0419,27
952,GLATOPA,INJECTION SITE PAIN,316,316,316,20864371,29.6852,32.145,999999.9999,STRONG_SIGNAL,HIGH,2026-05-24,2026-05-24 21:18:25.195280,0.0475,0.0,1
1862,RESTASIS,OCULAR HYPERAEMIA,249,249,249,20864371,29.65,30.155,999999.9999,STRONG_SIGNAL,HIGH,2026-05-24,2026-05-24 21:18:25.195280,0.0281,0.0,2
1343,OXYCODONE HYDROCHLORIDE SIMILAR TO NDA 22-272,DRUG ABUSE,311,311,311,20864371,29.6416,30.9697,999999.9999,STRONG_SIGNAL,HIGH,2026-05-24,2026-05-24 21:18:25.195280,1.0,0.1704,2
222,PROTONIX,RENAL INJURY,1803,1803,1803,20864371,29.6267,31.1059,999999.9999,STRONG_SIGNAL,HIGH,2026-05-24,2026-05-24 21:18:25.195280,1.0,0.0544,1
3544,ACICLOVIR,URINE ABNORMALITY,35,35,35,20864371,29.5932,29.6652,999999.9999,STRONG_SIGNAL,HIGH,2026-05-24,2026-05-24 21:18:25.195280,1.0,0.0,2
2579,PRILOSEC OTC,REBOUND ACID HYPERSECRETION,268,268,268,20864371,29.5419,29.8809,999999.9999,STRONG_SIGNAL,HIGH,2026-05-24,2026-05-24 21:18:25.195280,1.0,0.1157,1
9624,ACLASTA,OSTEONECROSIS OF JAW,81,81,81,20864371,29.5283,29.8669,999999.9999,STRONG_SIGNAL,HIGH,2026-05-24,2026-05-24 21:18:25.195280,1.0,0.0,18
1621,NOVOTHYROX,IMPAIRED DRIVING ABILITY,139,139,139,20864371,29.5029,29.6137,999999.9999,STRONG_SIGNAL,HIGH,2026-05-24,2026-05-24 21:18:25.195280,1.0,0.0,2
4840,ZEGERID,RENAL INJURY,36,36,36,20864371,29.4682,31.007,999999.9999,STRONG_SIGNAL,HIGH,2026-05-24,2026-05-24 21:18:25.195280,1.0,0.0833,1
19,NEXIUM,CHRONIC KIDNEY DISEASE,10683,10683,10683,20864371,29.4103,36.1203,999999.9999,STRONG_SIGNAL,HIGH,2026-05-24,2026-05-24 21:18:25.195280,0.9621,0.0849,5
2063,VIMOVO,TUBULOINTERSTITIAL NEPHRITIS,190,190,190,20864371,29.3905,30.2412,999999.9999,STRONG_SIGNAL,HIGH,2026-05-24,2026-05-24 21:18:25.195280,1.0,0.1579,1
1334,PROPAVAN,TACHYCARDIA,169,169,169,20864371,29.3702,30.6856,999999.9999,STRONG_SIGNAL,HIGH,2026-05-24,2026-05-24 21:18:25.195280,1.0,0.0,1
2640,WELCHOL,NO ADVERSE EVENT,93,93,93,20864371,29.3056,30.705,999999.9999,STRONG_SIGNAL,HIGH,2026-05-24,2026-05-24 21:18:25.195280,0.0,0.0,1
932,ALCOHOL,TOXICITY TO VARIOUS AGENTS,397,397,397,20864371,29.2983,32.8602,999999.9999,STRONG_SIGNAL,HIGH,2026-05-24,2026-05-24 21:18:25.195280,0.9975,0.8942,18
7907,EYLEA,EYE INFECTION,70,70,70,20864371,29.212,29.3364,999999.9999,STRONG_SIGNAL,HIGH,2026-05-24,2026-05-24 21:18:25.195280,0.9143,0.0,10
5178,ZYKADIA,MALIGNANT NEOPLASM PROGRESSION,75,75,75,20864371,29.2108,30.8358,999999.9999,STRONG_SIGNAL,HIGH,2026-05-24,2026-05-24 21:18:25.195280,0.9867,0.4,14
327,IPILIMUMAB,PNEUMONITIS,159,159,159,20864371,29.1963,29.6377,999999.9999,STRONG_SIGNAL,HIGH,2026-05-24,2026-05-24 21:18:25.195280,1.0,0.1509,27
268,TRUVADA,EMOTIONAL DISTRESS,565,565,565,20864371,29.1753,30.1659,999999.9999,STRONG_SIGNAL,HIGH,2026-05-24,2026-05-24 21:18:25.195280,0.8796,0.0088,2
3595,LIPIODOL,PRODUCT USE IN UNAPPROVED INDICATION,92,92,92,20864371,29.1689,34.8897,999999.9999,STRONG_SIGNAL,HIGH,2026-05-24,2026-05-24 21:18:25.195280,0.9674,0.087,15
6423,ITRACONAZOLE,PATHOGEN RESISTANCE,24,24,24,20864371,29.0758,29.2864,999999.9999,STRONG_SIGNAL,HIGH,2026-05-24,2026-05-24 21:18:25.195280,1.0,0.0,5
2702,RIBAVIRIN,ASCITES,136,136,136,20864371,29.0629,29.4731,999999.9999,STRONG_SIGNAL,HIGH,2026-05-24,2026-05-24 21:18:25.195280,0.9853,0.1618,23
9855,LETROZOLE,TUMOUR MARKER INCREASED,68,68,68,20864371,29.0577,29.1345,999999.9999,STRONG_SIGNAL,HIGH,2026-05-24,2026-05-24 21:18:25.195280,0.8235,0.0441,13
7736,TRI-LUMA,INTENTIONAL PRODUCT USE ISSUE,16,16,16,20864371,29.0327,30.4657,999999.9999,STRONG_SIGNAL,HIGH,2026-05-24,2026-05-24 21:18:25.195280,0.0,0.0,1
3499,BAYER LOW DOSE,GASTRIC HAEMORRHAGE,17,17,17,20864371,28.9861,29.1256,999999.9999,STRONG_SIGNAL,HIGH,2026-05-24,2026-05-24 21:18:25.195280,1.0,0.1176,1
3997,VIMPAT,SEIZURE,197,197,197,20864371,28.9266,30.7099,999999.9999,STRONG_SIGNAL,HIGH,2026-05-24,2026-05-24 21:18:25.195280,0.7259,0.0254,11
8131,BIKTARVY,OSTEOPOROSIS,91,91,91,20864371,28.8995,29.4189,999999.9999,STRONG_SIGNAL,HIGH,2026-05-24,2026-05-24 21:18:25.195280,1.0,0.0,1
1662,RIVAROXABAN,LOWER GASTROINTESTINAL HAEMORRHAGE,411,411,411,20864371,28.8949,29.0448,999999.9999,STRONG_SIGNAL,HIGH,2026-05-24,2026-05-24 21:18:25.195280,0.9976,0.2944,12
9783,ZOLADEX,METASTASES TO LIVER,34,34,34,20864371,28.8269,29.1076,999999.9999,STRONG_SIGNAL,HIGH,2026-05-24,2026-05-24 21:18:25.195280,1.0,0.0,12
4999,TAXOL,PSYCHOLOGICAL TRAUMA,127,127,127,20864371,28.8098,29.3599,999999.9999,STRONG_SIGNAL,HIGH,2026-05-24,2026-05-24 21:18:25.195280,0.9921,0.0,1
2028,ZYDONE,OVERDOSE,391,391,391,20864371,28.7538,33.2791,999999.9999,STRONG_SIGNAL,HIGH,2026-05-24,2026-05-24 21:18:25.195280,1.0,1.0,1
9261,CISPLATIN,HAEMATOTOXICITY,89,89,89,20864371,28.7446,28.8593,999999.9999,STRONG_SIGNAL,HIGH,2026-05-24,2026-05-24 21:18:25.195280,1.0,0.0562,19
2533,METHADONE HYDROCHLORIDE,TOXICITY TO VARIOUS AGENTS,193,193,193,20864371,28.7316,32.156,999999.9999,STRONG_SIGNAL,HIGH,2026-05-24,2026-05-24 21:18:25.195280,0.9689,0.7461,17
2601,DOLUTEGRAVIR,DIABETES MELLITUS,133,133,133,20864371,28.7179,29.5615,999999.9999,STRONG_SIGNAL,HIGH,2026-05-24,2026-05-24 21:18:25.195280,1.0,0.0,7
4755,BRUFEN,MELAENA,22,22,22,20864371,28.6981,29.1011,999999.9999,STRONG_SIGNAL,HIGH,2026-05-24,2026-05-24 21:18:25.195280,1.0,0.0,2
1570,RISPERDAL CONSTA,ACCIDENTAL EXPOSURE TO PRODUCT,133,133,133,20864371,28.6924,29.5995,999999.9999,STRONG_SIGNAL,HIGH,2026-05-24,2026-05-24 21:18:25.195280,0.0,0.0,3
7437,FLUDARABINE PHOSPHATE,CYTOMEGALOVIRUS INFECTION,27,27,27,20864371,28.6779,28.954,999999.9999,STRONG_SIGNAL,HIGH,2026-05-24,2026-05-24 21:18:25.195280,1.0,0.2593,9
8597,DENOSUMAB,METASTASES TO LIVER,51,51,51,20864371,28.6763,28.9534,999999.9999,STRONG_SIGNAL,HIGH,2026-05-24,2026-05-24 21:18:25.195280,1.0,0.1176,13
5367,GRALISE,PRODUCT DOSE OMISSION ISSUE,133,133,133,20864371,28.6632,29.6375,999999.9999,STRONG_SIGNAL,HIGH,2026-05-24,2026-05-24 21:18:25.195280,0.0526,0.0,1
744,ARIPIPRAZOLE,ECONOMIC PROBLEM,153,153,153,20864371,28.655,28.8903,999999.9999,STRONG_SIGNAL,HIGH,2026-05-24,2026-05-24 21:18:25.195280,0.8497,0.0,3
2379,ORTHO TRI CYCLEN LO,PRODUCT DOSE OMISSION,66,66,66,20864371,28.6458,32.006,999999.9999,STRONG_SIGNAL,HIGH,2026-05-24,2026-05-24 21:18:25.195280,0.0455,0.0,1
8526,BETASERON,INJECTION SITE REACTION,93,93,93,20864371,28.6147,29.1889,999999.9999,STRONG_SIGNAL,HIGH,2026-05-24,2026-05-24 21:18:25.195280,0.129,0.0,2
1149,AVONEX,INFLUENZA LIKE ILLNESS,652,652,652,20864371,28.5148,29.2886,999999.9999,STRONG_SIGNAL,HIGH,2026-05-24,2026-05-24 21:18:25.195280,0.2163,0.0,11
2310,GENOTROPIN,DEVICE USE ISSUE,28,28,28,20864371,28.4674,28.5926,999999.9999,STRONG_SIGNAL,HIGH,2026-05-24,2026-05-24 21:18:25.195280,0.0714,0.0,3
5882,MYCOPHENOLATE MOFETIL,MUCORMYCOSIS,38,38,38,20864371,28.4482,28.4983,999999.9999,STRONG_SIGNAL,HIGH,2026-05-24,2026-05-24 21:18:25.195280,1.0,0.4211,12
2740,HERCEPTIN,IMPAIRED QUALITY OF LIFE,141,141,141,20864371,28.4216,28.7208,999999.9999,STRONG_SIGNAL,HIGH,2026-05-24,2026-05-24 21:18:25.195280,1.0,0.0,2
1008,AMPYRA,MULTIPLE SCLEROSIS,531,531,531,20864371,28.3749,28.795,999999.9999,STRONG_SIGNAL,HIGH,2026-05-24,2026-05-24 21:18:25.195280,0.2957,0.0282,1
5067,MUPIROCIN OINTMENT USP 2,PRODUCT USE IN UNAPPROVED INDICATION,129,129,129,20864371,28.3677,33.7412,999999.9999,STRONG_SIGNAL,HIGH,2026-05-24,2026-05-24 21:18:25.195280,0.031,0.0078,1
5725,COMBIGAN,ACCIDENTAL EXPOSURE TO PRODUCT,92,92,92,20864371,28.3637,29.2511,999999.9999,STRONG_SIGNAL,HIGH,2026-05-24,2026-05-24 21:18:25.195280,0.0761,0.0,2
9548,BERINERT,DEVICE ISSUE,53,53,53,20864371,28.3509,29.3121,999999.9999,STRONG_SIGNAL,HIGH,2026-05-24,2026-05-24 21:18:25.195280,0.0377,0.0,12
5551,INLYTA,PALMAR-PLANTAR ERYTHRODYSAESTHESIA SYNDROME,60,60,60,20864371,28.3466,28.611,999999.9999,STRONG_SIGNAL,HIGH,2026-05-24,2026-05-24 21:18:25.195280,0.6167,0.15,5
3948,TACROLIMUS,THROMBOTIC MICROANGIOPATHY,182,182,182,20864371,28.3403,28.4665,999999.9999,STRONG_SIGNAL,HIGH,2026-05-24,2026-05-24 21:18:25.195280,1.0,0.0824,20
6695,KADIAN,ACCIDENTAL OVERDOSE,65,65,65,20864371,28.3287,28.7573,999999.9999,STRONG_SIGNAL,HIGH,2026-05-24,2026-05-24 21:18:25.195280,1.0,1.0,1
8556,HYDROXYCHLOROQUINE SULFATE,RED BLOOD CELL SEDIMENTATION RATE ABNORMAL,82,82,82,20864371,28.2896,28.3922,999999.9999,STRONG_SIGNAL,HIGH,2026-05-24,2026-05-24 21:18:25.195280,1.0,0.0,2
4760,EUTIROX,SOPOR,56,56,56,20864371,28.2801,28.6263,999999.9999,STRONG_SIGNAL,HIGH,2026-05-24,2026-05-24 21:18:25.195280,1.0,0.0179,1
8166,VALCYTE,NO ADVERSE EVENT,79,79,79,20864371,28.2791,29.5789,999999.9999,STRONG_SIGNAL,HIGH,2026-05-24,2026-05-24 21:18:25.195280,0.038,0.0127,1
7356,HYDROMORPHONE TABLETS,DISABILITY,28,28,28,20864371,28.2782,28.5611,999999.9999,STRONG_SIGNAL,HIGH,2026-05-24,2026-05-24 21:18:25.195280,1.0,0.0714,1
8195,MAYZENT,HEART RATE DECREASED,69,69,69,20864371,28.2697,28.6783,999999.9999,STRONG_SIGNAL,HIGH,2026-05-24,2026-05-24 21:18:25.195280,0.1304,0.0,1
9546,TRIMETHOPRIM,PHOTOPSIA,8,8,8,20864371,28.2517,28.3167,999999.9999,STRONG_SIGNAL,MEDIUM,2026-05-24,2026-05-24 21:18:25.195280,1.0,0.0,1
6876,KEPPRA,FOCAL DYSCOGNITIVE SEIZURES,15,15,15,20864371,28.2449,28.2692,999999.9999,STRONG_SIGNAL,HIGH,2026-05-24,2026-05-24 21:18:25.195280,0.9333,0.0,5
8776,DALIRESP,CHRONIC OBSTRUCTIVE PULMONARY DISEASE,35,35,35,20864371,28.2253,28.9348,999999.9999,STRONG_SIGNAL,HIGH,2026-05-24,2026-05-24 21:18:25.195280,0.6286,0.1429,1
9843,TESTIM,PULMONARY EMBOLISM,51,51,51,20864371,28.1884,29.2461,999999.9999,STRONG_SIGNAL,HIGH,2026-05-24,2026-05-24 21:18:25.195280,1.0,0.0784,1
6791,TASIGNA,LEUKAEMIA,43,43,43,20864371,28.1641,28.2465,999999.9999,STRONG_SIGNAL,HIGH,2026-05-24,2026-05-24 21:18:25.195280,1.0,0.2558,5
